time,open,high,low,close,HH,HL,LH,LL,9,23,50,200,Cross Up,Cross Down,MA,Pivot High,Pivot Low,Mid,Upper,Lower,Volume,Volume MA,WT,Signal line,in/out mFlow,Stoch RSI K%,Stoch RSI D%,RSI,RSI MA,Midline,End Neutral Zone,Begin Neutral Zone,Bull Floor,Bear Ceiling
1718676000,973.2,976.5,971.9,972.4,,,,,,,970.2821356027827,988.3255526184777,0,0,969.8782264079616,,,,,,2012,3208.55,51.57994557666541,46.42681403982474,-5.485187553777848,98.75912898333858,99.58637632777953,59.763559835658995,48.27850149423364,50,70,30,,
1718690400,972.5,973.6,963.2,968.6,,,,,,,970.2161695007128,988.1292784630699,0,0,969.8270973516431,,,,,,3198,3235.05,48.53415749455772,49.449640773194915,-12.545568354166264,92.01194913529132,96.92369270620998,55.740493985942855,49.27633244676328,50,70,30,,
1718704800,968.75,974.35,958.4,971.5,,,,,,,970.2665157948024,987.9638130057259,0,0,969.8940134575774,,,,,,5094,3390.85,49.0939580374487,49.73602036955729,-12.797088446684398,88.43758391972081,93.06955401278357,58.060772882864455,50.33702605149894,50,70,30,,
1718719200,971.55,975.1,965.15,973.25,,,,,,,970.3835151753984,987.8174069061664,0,0,970.0282529192743,,,,,,3716,3392.65,50.57802130577363,49.40204561259336,-11.599627507052517,87.70105150593656,89.3835281869829,59.442522330394425,51.97443444126005,50,70,30,,
1718733600,973.15,975.45,972.25,974.05,,,,,,,970.5272988940103,987.680417782722,0,0,970.1891228025033,,,,,,971,3135.2,51.458896876484964,50.37695873990245,-9.218142612351983,93.50539124833416,89.88134222466385,60.08985687542888,53.39702177037879,50,70,30,,
1718748000,974.45,976.45,969.15,973.85,,,,,,,970.6576008981667,987.5428016853815,0,0,970.3355578904032,,,,,,1280,2856.5,50.68758365733237,50.90816727986367,-8.201288211590565,95.72575905376162,92.31073393601078,59.83274539514114,54.43939054458348,50,70,30,,
1718762400,973.9,976.6,969.65,975,,,,,,,970.8278910590229,987.4179976885121,0,0,970.5221355747871,,,,,,1409,2872.25,50.81307936250481,50.98651996544073,-4.29905435869459,97.70316248420727,95.64477092876768,60.86952849239286,55.33727831058929,50,70,30,,
1718776800,975.1,983.65,971.9,979.85,,,,,,,971.1816992527868,987.3426942289249,0,0,970.8952501517956,,,,,,2080,2879.2,56.23457497685892,52.578412665565374,2.1026647020180036,98.64600258985695,97.35830804260861,64.97550299165025,56.517554421045574,50,70,30,,
1718791200,979.8,983.65,977.75,979.7,,,,,,,971.5157502624814,987.2666475201794,0,0,971.2474401457238,,,,,,3207,2929.45,57.92497266922562,54.99087566952979,8.618227595448602,99.70136311937098,98.68350939781173,64.74921065391553,58.07480056288377,50,70,30,,
1718805600,979.8,984.05,976.2,978.6,,,,,,,971.7935639776782,987.1804122214711,0,0,971.5415425398949,,,,,,2445,2834.7,56.127105801962514,56.76221781601569,5.766111928199891,94.43332151798562,97.59356240907118,63.0159775081734,59.71639998138074,50,70,30,,
1718820000,978.55,979.1,977.3,977.3,,,,,,,972.0095026452202,987.0820996620535,0,0,971.771880838299,,,,,,36,2493.55,51.598708202550455,55.216928891246205,4.678163168408588,79.90084273449907,91.34517579061855,60.9398258865025,60.30998256013712,50,70,30,,
1718834400,978.6,983.2,972.25,980.25,,,,,,,972.3326594042312,987.0141185708887,0,0,972.111005604767,,,,,,2011,2335.9,52.73159734919236,53.48580378456845,5.024189718038585,76.16195658189919,83.49870694479462,63.85037872699675,60.76058998997701,50,70,30,,
1718848800,980.05,986.3,977.45,982.7,,,,,,,972.7392217805359,986.9711920179445,0,0,972.5345653805763,,,,,,2400,2441.5,56.21199760076683,53.51410105083656,8.955723433452945,81.42999818328457,79.1642658332276,66.10905380106128,61.29375381023096,50,70,30,,
1718863200,982.75,988.95,979.7,985.15,,,,,,,973.2259189656129,986.9530707043332,0,0,973.0391827653532,,,,,,3562,2541.3,60.50478914917792,56.48279469971238,4.935005248759694,95.96247696677112,84.51814391065163,68.24572129556506,61.83465361869201,50,70,30,,
1718877600,985.05,987.95,968.75,975.95,,968.75,,,,,973.3327456728438,986.8435874137429,0,0,973.1556154547391,,,,,,6425,2759.65,44.94639082551706,53.88772585848727,-6.282114538971911,66.66666666666667,81.35304727224077,54.38110885545433,61.45019283439167,50,70,30,,
1718892000,976.05,984.95,974.8,980.45,,,,,,,973.6118536856734,986.7799696285315,0,0,973.4473908365495,,,,,,4501,2834.6,42.18478098300297,49.21198698589932,5.749272953937023,43.967638950098255,68.86559419451201,58.79105395580752,61.668089975096294,50,70,30,,
1718906400,979.85,983.45,979.85,981.1,,,,,,,973.9055064823136,986.7234525177998,0,0,973.7534952030875,,,,,,849,2640.45,41.018351627741175,42.71650781208708,9.071846868061385,22.7382175197058,44.457507712156904,59.401550807847286,61.763859826880775,50,70,30,,
1718920800,982.5,984.3,978.85,980.15,,,,,,,974.1503885810464,986.6580450300605,0,0,974.009355394964,,,,,,1741,2508.85,36.998525021361814,40.06721921070199,9.220490810864774,31.578990019152325,32.761615496318775,58.048001363349016,61.66425118637754,50,70,30,,
1718935200,980.25,985.6,978.75,984,,,,,,,974.5366478523779,986.6315968208062,0,0,974.4089811791655,,,,,,1862,2549.55,43.76116321178039,40.5926799536278,7.94643763577956,38.917581928385694,31.07826315574792,61.84268803549211,61.78945341209634,50,70,30,,
1718949600,983.95,993.3,974.95,989.05,,,,,,,975.1057989169905,986.655660534032,0,0,974.9946219319988,,,,,,4488,2664.35,55.9688290452364,45.5761724261262,6.878818699715907,55.169790562300726,41.888787503279566,66.1657825827329,62.24181321121006,50,70,30,,
1718964000,989.15,1002.3,983.95,986.35,,,,,,,975.5467479790693,986.6526191356834,0,0,975.4488370547189,,,,,,7564,2941.95,56.77282718370151,52.167606480239435,19.827132424474627,64.96619569135437,53.01785606068025,62.113847647826084,62.33069315088386,50,70,30,,
1718978400,985.15,997.5,982.8,993.45,,,,,,,976.2488362936157,986.7202547661741,0,0,976.1688835725301,,,,,,10764,3320.25,66.68333678340286,59.80833100411359,25.87698520886957,79.07341020864264,66.40313215409923,67.71315037506527,62.52623939255635,50,70,30,,
1718992800,992.95,994.3,989.45,989.5,,,,,,,976.7684897722975,986.7479139227296,0,0,976.7021282296289,,,,,,1473,3139.2,64.68412731971287,62.713430428939084,23.109352891629413,69.59413002502514,71.21124530834071,62.20504213698591,62.34451306991853,50,70,30,,
1719180000,992.9,993.8,986.4,989.55,,,,,,,977.2697254675015,986.7757953762348,0,0,977.2160431004437,,,,,,5292,3218,61.933151902168966,64.43353866842823,16.180326168819732,69.93443771968141,72.86732598444972,62.24690602760892,62.28957939273534,50,70,30,,
1719194400,989.5,993.8,985.8,992.4,,,,,,,977.8630695668152,986.8317576112971,0,0,977.823401376426,,,,,,4651,3402,63.61999529094064,63.41242483760749,23.424127977891075,62.60643416511965,67.37833396994205,64.65043485992706,62.55462289083711,50,70,30,,
1719208800,991.85,1005.75,989.45,1001.95,,,,,,,978.807655073999,986.9821878838216,0,0,978.7884653213689,,,,,,3985,3537.25,74.50207224138401,66.68507314483121,33.10461690179238,77.06292714521459,69.86793301000519,71.25448146320939,63.083487371995155,50,70,30,,
1719223200,1001.75,1007.35,997.15,1003.75,,,,,,,979.7857862475676,987.149031785475,0,0,979.7869267085141,,,,,,4797,3706.65,79.37149837897488,72.49785530376651,33.0636731428292,91.41877515539147,77.02937882190855,72.3047145966495,63.52603457168003,50,70,30,,
1719237600,1003.7,1008.8,995.7,996.65,1008.8,,,,,,980.4471279633492,987.2435687826345,0,0,980.4614496401736,,,,,,3928,3799.05,71.9369841008769,75.27018490707859,28.214992712125706,82.03291696952745,83.50487309004448,62.590755139351806,63.12210841766479,50,70,30,,
1719252000,996.9,997.5,996.65,996.75,,,,,,,981.086456278512,987.3381601380312,0,0,981.1129916545666,,,,,,83,3642.85,65.38662373148527,72.23170207044568,27.310893891826836,59.60726097174281,77.68631769888722,62.66683169699637,63.71394576348923,50,70,30,,
1719266400,998.3,1000.8,994.7,1000,,,,,,,981.828163875433,987.4641485943691,0,0,981.8684719883839,,,,,,1595,3600.35,64.42578964284904,67.24979915840373,30.41052660269861,42.97619584790624,61.53879126305881,65.14752769821112,64.16797960223234,50,70,30,,
1719280800,999.95,1005.25,999.5,1001.5,,,,,,,982.5996084293376,987.6038088073605,0,0,982.6537331088485,,,,,,2271,3712.1,64.3723526997501,64.72825535802814,34.939447259735914,46.912274294600444,49.83191037141648,66.26180460265883,64.65799773043317,50,70,30,,
1719295200,1001.55,1005.45,995.9,996.15,,,,,,,983.1309963340696,987.6888455356454,0,0,983.1935837844946,,,,,,2929,3758,53.1761359303313,60.65809275764348,29.11247346420697,36.004596959051725,41.96435570051944,59.01466405590133,64.72704506561547,50,70,30,,
1719309600,996.1,999.7,984,985.75,,,,,,,983.2337023601845,987.6695535402658,0,0,983.2958404331149,,,,,,5364,3906.2,26.97422241617348,48.17423701541829,20.5961876412249,19.302328749554967,34.07306666773568,48.01983815169564,63.73969864534429,50,70,30,,
1719324000,985.8,992.3,981.55,982.9,,981.55,,,,,983.2206159931184,987.6220952960841,0,0,983.2800068157903,,,,,,2179,3837.05,6.518871067533816,28.889743138012857,17.625188211609256,-7.105427357601002e-15,18.43564190286887,45.51718853252183,62.26479907032922,50,70,30,,
1719338400,983.1,987,982.45,985.55,,,,,,,983.3119643855451,987.6014774324415,0,0,983.3708065431587,,,,,,736,3552.6,-3.9704895648602996,9.840867972948992,15.510966297839573,3.396960715988684,7.566429821847855,48.219475705479894,61.27234393159019,50,70,30,,
1719352800,985.55,989.1,982.85,985.55,,,,,,,983.3997304880728,987.5810647216709,0,0,983.4579742814324,,,,,,1877,3421.4,-11.365189418337895,-2.9389359718881316,15.43367579961938,6.793921431977375,3.3969607159886572,48.219475705479894,59.87993859804839,50,70,30,,
1719367200,985.6,991.65,985.6,988.95,,,,,,,983.6173881159915,987.5946859682215,0,0,983.677655310175,,,,,,1941,3476,-11.142150439925953,-8.825943141041387,20.01129940175028,14.649738176838746,8.280206774934934,51.77837913363851,59.13517695495214,50,70,30,,
1719381600,989,996.85,988.3,996.8,,,,,,,984.1343532879134,987.6862811327168,0,0,984.202549097768,,,,,,2234,3500.65,3.0491909172265252,-6.486049647012446,27.03626946268919,27.881971923221528,16.441877177345884,58.816385329982076,58.8901397622645,50,70,30,,
1719396000,996.7,1003.9,990.75,995.45,,,,,,,984.5781041393678,987.7635320667196,0,0,984.6524471338573,,,,,,4436,3629.35,10.628583187521905,0.8452078882741537,27.42587895578764,39.186874240622615,27.239528113560965,57.26838318546142,58.362850356945536,50,70,30,,
1719410400,996.1,1019.75,992.95,1014.25,1019.75,,,,,,985.7417078986083,988.0270790113293,0,0,985.836349248503,,,,,,5101,3660,34.57686266554006,16.084878923429493,29.716231285694647,61.00562145692487,42.691489206923,69.36172446532159,58.22765342852498,50,70,30,,
1719424800,1014.2,1015.8,1009.9,1010.55,,,,,,,986.7145820986628,988.2511876778832,0,0,986.8248952785628,,,,,,1444,3354,43.791151680374455,29.66553251114547,31.89571858326653,72.28980522234237,57.494100306629946,65.43666109137769,57.737078178148415,50,70,30,,
1719439200,1008.15,1014.95,1008.15,1010.3,,,,,,,987.6395004477349,988.4705788452675,0,0,987.7638994674203,,,,,,3446,2988.1,48.18266922602099,42.183561190645165,27.11031621871365,85.12963816445351,72.80835494790692,65.16832055212369,57.9211899933464,50,70,30,,
1719453600,1010.25,1011.15,1005.3,1006.1,,,,,,,988.3634416066473,988.6459959711852,0,0,988.4973434887235,,,,,,2574,3043.15,46.02309496018651,45.99897195552732,23.102626430766847,76.74228311263737,78.05390883314442,60.667273051952954,57.7783643758433,50,70,30,,
1719468000,1006.2,1008.75,1001.25,1004.1,,,,,,,988.9805615436414,988.7997671555515,0,0,989.1214497491745,,,,,,3280,2942.55,41.2666881854929,45.15748412390013,17.731498694599836,67.21980837696957,76.3639098846868,58.591974470610936,57.31011057387186,50,70,30,,
1719482400,1004.2,1008.85,992.7,995.25,,,,,,,989.2264218752633,988.8639485768894,0,0,989.3665917592075,,,,,,7157,3067.85,24.828606844476433,37.37279666338528,12.887157782236926,46.5352237492607,63.499105079622545,50.37943668783356,56.17565572281291,50,70,30,,
1719496800,995.1,998.95,988.05,989.2,,,,,,,989.2253857232922,988.8672923721442,0,0,989.3599280888392,,,,,,5200,3128.6,6.46255117405687,24.185948734675396,8.110670345252373,25.43632124168431,46.39711778930485,45.66706896303172,55.22225607332222,50,70,30,,
1719511200,989.1,989.8,986.1,988.8,,,,,,,989.208703930222,988.866622796302,0,0,989.3375309652856,,,,,,945,2936,-6.227363106114664,8.354598304139541,6.017260843836496,7.045417749563143,26.338987580169377,45.36493782558536,55.03262033574292,50,70,30,,
1719525600,988.1,996.75,985.2,995.35,,985.2,,,,,989.4495390702133,988.9311340122591,0,0,989.5780297266742,,,,,,3646,2921.9,-7.322293050310966,-2.3623683274562612,6.882849955161163,8.189319971788281,13.557019654345233,51.07321459564881,55.42947934025199,50,70,30,,
1719540000,995.45,998.65,994,996.05,,,,,,,989.7083806753029,989.0019684996993,0,0,989.8369085376073,,,,,,3049,3070.2,-7.010037350577116,-6.8532311690009236,6.625097506575884,16.81356827092929,10.682768664093558,51.65455507609039,55.67484215243845,50,70,30,,
1719554400,996,1009.9,995.55,1009.8,,,,,,,990.4962873154872,989.208914086767,0,0,990.635432196103,,,,,,3455,3163.2,12.511356155902773,-0.606991414995111,14.53425650978673,39.10467201622413,21.369186752980568,61.36526822822838,56.61382733263478,50,70,30,,
1719568800,1009.95,1015.8,1005.55,1007,,,1015.8,,,,991.1434917344877,989.3859398172469,0,0,991.2900149082589,,,,,,5507,3325,21.34558838974755,8.948969065024395,15.12252497440187,49.81558353383451,35.24460794032931,58.776236600901086,57.113674294582104,50,70,30,,
1719583200,1008,1008,995.85,996.35,,,,,,,991.3476685292137,989.4552339484186,0,0,991.4924143119285,,,,,,5243,3440.7,11.612451320419664,15.156465288689986,9.77358579007155,47.648109395249044,45.52278831510256,50.11536030167696,56.492172506846025,50,70,30,,
1719597600,996.15,997.95,992.8,993.55,,,,,,,991.4340344692446,989.4959778892304,0,0,991.5747177394514,,,,,,1384,3241.7,0.3260448527249089,11.094694854297366,10.0500211134474,29.18538866013999,42.21636052974119,48.1082434039753,55.837876808168446,50,70,30,,
1719784800,994.1,996.3,990.8,993,,,,,,,991.4954448822153,989.5308437808799,0,0,991.6317290298734,,,,,,2331,3249.3,-8.468717790076093,1.1565927943561523,6.901451245571181,14.361469823301947,30.39832262623033,47.70408951423423,54.29090288309078,50,70,30,,
1719799200,992.95,993.6,988.1,990,,,,,,,991.4367999848736,989.5355120019657,0,0,991.5664598686785,,,,,,1824,3303.7,-18.55451522935999,-8.899062722237064,2.498722865387066,7.840520496006602,17.129126326482847,45.46069042533569,52.86404783551636,50,70,30,,
1719813600,989.95,1000.05,978.5,982.95,,,,,,,991.1039842991922,989.4699845193591,0,0,991.2218014739314,,,,,,3576,3388.65,-32.44342455078267,-19.822219190072925,-5.796052956533458,4.012137485820826,8.738042601709791,40.62561332138455,51.11099731903499,50,70,30,,
1719828000,982.85,991.3,976.5,983.05,,,,,,,990.7881417776553,989.4061040763804,0,0,990.8949294149741,,,,,,3880,3485.6,-39.982789191592424,-30.32690965724504,-17.612296246066464,0.2809655441781369,4.044541175335189,40.721920147543784,49.686329254434334,50,70,30,,
1719842400,985.05,987.35,973.05,976.95,,,,973.05,,,990.2454695510805,989.282162742287,0,0,990.3371322383751,,,,,,4480,3597.9,-49.12867601166911,-40.51829658468141,-19.739526167833347,0.15683430914685878,1.483312446381941,36.80064037967743,48.12980539079623,50,70,30,,
1719856800,976.9,980.6,976.05,979.9,,,,,,,989.8397648628029,989.18880788913,0,0,989.9196469488402,,,,,,267,3389.45,-50.87380620299876,-46.66175713542011,-16.08678040522311,4.310677038447053,1.5828256305906827,39.81876746624477,47.37547187496846,50,70,30,,
1719871200,981.2,982.05,975.5,981.8,,,,,,,989.5244799662224,989.1152874126212,0,0,989.5948610708866,,,,,,1685,3218.65,-48.98238306867281,-49.661621761113565,-18.853843957604482,10.953465487658756,5.140325611750889,41.74828973146463,47.09555907271367,50,70,30,,
1719885600,981.9,981.9,975,980.4,,,,,,,989.166657222449,989.0285681348837,0,0,989.2270666280511,,,,,,1576,3225.25,-48.40124365690544,-49.41914430952568,-24.016400038156775,16.3346781729602,10.532940233022002,40.71249068550557,46.76324141985083,50,70,30,,
1719900000,980.6,985.7,974.85,984.2,,,,,,,988.9718863509804,988.9805226808053,0,0,989.0259839629291,,,,,,3408,3223.35,-41.70896259710731,-46.3641964408952,-25.523754399552885,23.044021179130556,16.777388279916504,44.721467695937044,46.30954521272856,50,70,30,,
1719914400,984.3,1000.05,981.95,998.8,,,,,,,989.3573025725105,989.0782289227873,0,0,989.4169446044119,,,,,,5354,3362.35,-16.959120584004147,-35.689775612672314,-17.022998100152208,43.46370604834334,27.614135133478033,56.80638874983906,46.67753333228204,50,70,30,,
1719928800,999.1,1004,992.35,994.7,,,,,,,989.5668201186866,989.1341669434561,0,0,989.6282668202355,,,,,,5214,3459.05,-4.8052137316476315,-21.157765637586373,-12.148590923479986,63.159505949592614,43.22241105902217,53.28352424118959,46.1002659046364,50,70,30,,
1719943200,995.65,998.7,995.35,997.2,,,,,,,989.8661605061891,989.2144239887948,0,0,989.9311361474261,,,,,,539,3128.15,6.709813088362996,-5.018173742429607,-13.083450006039243,82.83085817841824,63.1513567254514,55.11151720938105,45.83850023381354,50,70,30,,
1719957600,996.85,1000.5,993.15,995.2,,,,,,,990.075330682417,989.2739819590555,0,0,990.1418907015291,,,,,,1701,2953.2,12.25041332063915,4.718337559118159,-16.531617053427965,83.17673436324938,76.38903283042008,53.31421087894035,46.06698956076093,50,70,30,,
1719972000,995.3,997.3,991.5,995.25,,,,,,,990.2782588909496,989.3334448251345,0,0,990.3462150734679,,,,,,1559,2983.9,16.261047006823553,11.740424471941887,-15.432693702658483,85.73253920744327,83.91337724970363,53.35516597801146,46.44176974462066,50,70,30,,
1719986400,995.45,1002.25,990.45,992.8,,,,,,,990.3771506991476,989.3679379114516,0,0,990.4443664705292,,,,,,2243,2913.75,14.850823748591244,14.45409469201797,-8.953051568126014,78.92160025373737,82.61029127481,50.99453721188623,46.676801723024376,50,70,30,,
1720000800,992.45,1008.7,992.4,1003.45,,,,,,,990.8898114560437,989.5080579322331,0,0,990.964591811708,,,,,,5067,3014.65,30.042936930377838,20.3849358952642,-2.55603907065813,84.68974977466821,83.11462974528295,59.40294806044572,47.67267726838937,50,70,30,,
1720015200,1005.1,1009.7,995.8,996.05,,,,,,,991.0921717911008,989.5731518831561,0,0,991.1680081392398,,,,,,4861,3084.95,28.185739859486585,24.359833512818543,-6.241264482939229,80.51169226321174,81.37434743053912,52.643917305239356,48.53112755295043,50,70,30,,
1720029600,996.15,998.9,996.15,997.35,,,,,,,991.3375768189007,989.6505334564581,0,0,991.4152878136701,,,,,,269,2823.05,29.050919758916393,29.09319884959359,-8.017849524797825,81.70501202456872,82.30215135414956,53.6418445671072,49.45397929720497,50,70,30,,
1720044000,996.85,1005,996.65,1004.1,,,,,,,991.8380640024733,989.794309242961,0,0,991.9226763011234,,,,,,1228,2622.3,40.381876665388674,32.53951209459721,-8.590702389157656,80.22445923710184,80.81372117496078,58.52856288492794,51.00597376186572,50,70,30,,
1720058400,1004.2,1005.9,1001.05,1004.6,,,,,,,992.3385320808077,989.9416295490013,0,0,992.4297692490784,,,,,,1804,2643.3,46.89736584404275,38.77672075611593,-8.918076253080741,89.16131287923878,83.69692804696979,58.87438635539004,52.367089396804666,50,70,30,,
1720072800,1004.55,1011.5,1001.35,1009.1,,,,,,,992.995844548227,990.1322601007525,0,0,993.0965784791152,,,,,,2514,2652.45,55.2160159552355,47.498419488222304,-10.558321932093335,97.57772744062486,88.98783318565518,61.94970813980336,53.81004785454315,50,70,30,,
1720087200,1008.95,1015.1,1007.45,1011.25,,,,,,,993.7116937816298,990.3423868659191,0,0,993.8227153399506,,,,,,1811,2651.8,60.85525983276381,54.322880544014005,-13.621931068601242,99.05828022809175,95.26577351598513,63.3594849822322,55.42769030430934,50,70,30,,
1720101600,1011.3,1011.9,1000.75,1001.65,,,,,,,994.0229999078405,990.4549004294423,0,0,994.1358067263526,,,,,,2149,2580.45,49.61464736263375,55.228641050211,-16.843853555644117,74.21333074561231,90.28311280477631,53.778343424459145,56.07460999920378,50,70,30,,
1720116000,1001.6,1001.75,997.9,998.25,,,,,,,994.1887646173369,990.5324636092489,0,0,994.3003744572985,,,,,,201,2396.5,34.51584888359495,48.32858535966415,-14.122153634307281,40.87999741227898,71.38386946199437,50.845744975408664,55.648849729601594,50,70,30,,
1720130400,999.8,1003.25,997.9,1000.75,,,,,,,994.4460679656767,990.6341306380126,0,0,994.5583594790065,,,,,,1423,2243.65,27.207838456019477,37.11277823408271,-10.402366056802748,12.995281799249119,42.696203319046816,52.880407927469975,55.62005570719306,50,70,30,,
1720144800,1000.7,1005.85,999.9,1005.15,,,,,,,994.8658300062384,990.7785671490772,0,0,994.9820250998463,,,,,,1527,2306.65,30.959907783905734,30.89453170784004,-5.809532423947118,20.048860446337656,24.641379885955256,56.308303758146096,55.70554046067628,50,70,30,,
1720159200,1005.2,1010.1,1004.5,1006.2,,,,,,,995.3103072608957,990.9320142421212,0,0,995.4307440958524,,,,,,2137,2329.25,35.12448010197048,31.097408780631884,3.651108142475948,36.78508952599399,23.276410590526922,57.110169627234434,55.976680371268706,50,70,30,,
1720173600,1006.1,1027.2,1000.75,1025.4,,,,,,,996.4902952114488,991.2749792745379,0,0,996.6295143320184,,,,,,6404,2570.65,58.01832716427125,41.36757168338247,15.201595357185283,64.66980513902384,40.501251703785165,68.4960081880512,57.058169100557265,50,70,30,,
1720188000,1025.3,1034.4,1022.55,1029.55,1034.4,,,,,,997.7867542227646,991.6558252519058,0,0,997.9463337587376,,,,,,4984,2649.45,69.84599386057747,54.32960037560639,20.077716321271566,83.40289574632298,61.619263470446946,70.32945282298576,58.43923450135009,50,70,30,,
1720202400,1029.6,1029.8,1022.65,1023.9,,,,,,,998.8108030767738,991.9766628115883,0,0,998.9844804083881,,,,,,1001,2431.8,70.16166759991623,66.00866287492164,16.228872622656198,90.65304547392219,79.575248786423,64.8002334735177,58.8247548879981,50,70,30,,
1720389600,1025.5,1026,1020.3,1023.9,,,,,,,999.7946931521944,992.2943079577417,0,0,999.9811011920526,,,,,,2158,2279,68.46624821090927,69.49130322380097,11.26338956319826,81.30609094784438,85.1206773893632,64.8002334735177,59.693063185732264,50,70,30,,
1720404000,1023.7,1023.9,1018.45,1018.95,,,,,,,1000.5458816560299,992.5595387243313,0,0,1000.7398571443705,,,,,,2316,2367.85,60.96746890471154,66.531794905179,5.634264807135111,63.791032059624484,78.58338949379701,60.00673395454577,60.14769814197788,50,70,30,,
1720418400,1019.05,1019.05,1009.4,1012.2,,,,,,,1001.002905904813,992.7549661997111,0,0,1001.1982628585956,,,,,,4074,2486.5,45.91022035015695,58.44797915525924,-4.026789658409427,45.526760880353855,63.54129462927424,54.12680880532813,59.83328713629218,50,70,30,,
1720432800,1012.15,1016.15,1002.15,1005.75,,,,,,,1001.1890664575654,992.8842700186195,0,0,1001.3803323442518,,,,,,4446,2630.85,26.837308392913474,44.57166588259397,-3.322696250299984,21.54038207309833,43.61939167102556,49.168854459963974,59.14003485804745,50,70,30,,
1720447200,1005.85,1009.75,998.05,1001.05,,,,,,,1001.1836128709942,992.9655210632104,0,0,1001.3671190504817,,,,,,5641,2800.75,8.851015780026632,27.199514841032336,-7.7543815286785645,5.722107627984895,24.263083527145696,45.87156917881445,57.99159636083396,50,70,30,,
1720461600,1001,1002.1,998.85,1001.2,,,,,,,1001.1842555035042,993.0474561770093,0,0,1001.3604342884624,,,,,,1228,2608.8,-3.2938605153696976,10.798154552523451,-6.671388062498863,0.1721374117624502,9.144875704281894,45.99604073499154,56.75135034317391,50,70,30,,
1720476000,1002.6,1007.45,1000.4,1006.2,,,,,,,1001.380951366112,993.1783272598251,0,0,1001.554016916924,,,,,,1745,2453,-6.581502640993449,-0.3414491254455214,-3.1402032630003163,6.022747024818828,3.9723306881887246,50.11404157812826,56.48961449700742,50,70,30,,
1720490400,1006.1,1010.6,1004.4,1010.1,,,,,,,1001.7228748419507,993.3467021129611,0,0,1001.895856240247,,,,,,1882,2533.65,-3.4210832830271545,-4.432148813130117,2.3877636939735396,15.994852433246406,7.396578956609228,53.11704023235264,56.65184987250342,50,70,30,,
1720504800,1010.05,1010.6,996.85,1000.3,,,,,,,1001.6670758285409,993.4158891566133,0,0,1001.8320219906371,,,,,,2910,2617.75,-15.10020070472209,-8.36759554291423,3.3230757249052516,15.822715021483944,12.613438159849727,45.67633325210306,56.13727310997721,50,70,30,,
1720519200,1000.1,1001.95,989.25,995.15,,,,,,,1001.4115042274216,993.4331439908758,0,0,1001.5647411110117,,,,,,5051,2780.1,-27.825450669998624,-15.448911552582622,2.498240764496444,9.972105408427565,13.929890954385973,42.321240288175225,55.13819714783643,50,70,30,,
1720533600,994.75,997.4,979.65,984.85,,979.65,,,,,1000.762033473405,993.3477395730562,0,0,1000.8961514665713,,,,,,6421,2975.45,-42.90781106357838,-28.611154146099697,-3.9424981048176164,-1.1842378929335004e-14,8.598273476637166,36.54028127248962,53.6689194082118,50,70,30,,
1720548000,984.75,987.2,984.55,986.8,,,,,,,1000.2145027489578,993.2825879355133,0,0,1000.3323054079084,,,,,,794,2924.6,-49.0727223541294,-39.93532802923547,-6.1998966643765385,1.733653872286929,3.9019197602381603,38.25974104699729,51.50918604099366,50,70,30,,
1720562400,986.6,989.15,985.55,986.3,,,,,,,999.6688359744888,993.2131094485928,0,0,999.771013191592,,,,,,1069,2870.6,-52.10651651145341,-48.02901664305373,-3.7305689175837244,3.4584902475599884,1.7307147066156354,37.97560998652884,49.198197266961024,50,70,30,,
1720576800,983.05,984.7,981.75,981.95,,,,,,,998.9739796617638,993.1010387078109,0,0,999.0581726639283,,,,,,790,2900.05,-55.991757338878074,-52.39033206815363,-7.677078172195124,3.4584902475599884,2.883544789135636,35.505181114332004,47.105693527019184,50,70,30,,
1720591200,982.55,991.45,982.15,990.45,,,,,,,998.6397059495378,993.0746602132058,0,0,998.7138457573711,,,,,,2861,2971.95,-49.926822154246814,-52.6750320015261,-10.133102393518797,12.404361046484084,6.440447180534687,43.27099714215247,45.567890931921674,50,70,30,,
1720605600,990.25,1000.25,989.85,994.9,,,,,,,998.4930508142618,993.092822798149,0,0,998.5612919270762,,,,,,4945,3142.85,-39.24789740340015,-48.38882563217501,-10.329399707780354,31.121587354818306,15.661479549620793,46.87734652565806,44.63007754414398,50,70,30,,
1720620000,995,995.1,989.15,994.35,,,,,,,998.3305782333103,993.105332024038,0,0,998.3928402499932,,,,,,4618,3266.9,-31.13346214784974,-40.10272723516557,-15.227259623392428,51.9982145718655,31.84138765772263,46.484019591953654,44.08416402890294,50,70,30,,
1720634400,994.25,997.2,993.25,994.2,,,,,,,998.1685947731805,993.1162242427043,0,0,998.2251266399935,,,,,,844,2988.9,-24.60146846085536,-31.660942670701754,-12.837711453976326,61.97945752158311,48.36641981608897,46.369747901118,43.884227846128226,50,70,30,,
1720648800,994.2,995.2,991.05,992.05,,,,,,,997.9286498801147,993.1056150462595,0,0,997.9781215743938,,,,,,1141,2796.75,-23.632353547004758,-26.455761385236617,-12.465956011025,58.99300488685225,57.65689232676695,44.67452501857214,43.79872469182521,50,70,30,,
1720663200,992.1,995.75,991.5,994.95,,,,,,,997.8118400808945,993.1239671353514,0,0,997.856996711418,,,,,,1562,2824.8,-15.68455823617179,-21.306126748010634,-13.143380605157375,60.83476232537537,60.60240824460357,47.46443200595635,43.903609782608406,50,70,30,,
1720677600,994.9,996.15,981.75,988.35,,981.75,,,,,997.4407875287026,993.0764649748007,0,0,997.4767168429613,,,,,,2450,2839.4,-25.050812770150028,-21.455908184442183,-20.9634386986654,53.01755328801308,57.61510683341356,42.243424560864895,43.34142285280388,50,70,30,,
1720692000,988.8,1010.75,985.95,1008.1,,,1010.75,,,,997.8587958609103,993.2259528854993,0,0,997.9016481692429,,,,,,9701,3208.65,2.6875232187587024,-12.6826159291877,-6.043511359825345,68.89527657247,60.91586406195282,57.35891181336537,43.64441368001907,50,70,30,,
1720706400,1008.15,1008.65,996.7,1001.85,,,,,,,998.0153136702863,993.311764299574,0,0,998.0595822424732,,,,,,6674,3338.65,11.963739635969239,-3.466516638474024,0.07476117378293168,72.42282565119343,64.7785518372255,52.66196763027191,44.143387564174,50,70,30,,
1720720800,1001.75,1005.6,1001.75,1005.35,,,,,,,998.3029484283143,993.4315477393792,0,0,998.3511989527743,,,,,,1155,3174.1,22.587666836215007,12.412976563647655,0.038122133529086,89.18905886986755,76.83572036451032,54.889699540779276,45.04113465364571,50,70,30,,
1720735200,1003.4,1006.85,999.4,1000.2,,,,,,,998.377342607596,993.498895523067,0,0,998.4251509946633,,,,,,1893,2986.7,21.972723377558324,18.841376616580863,-3.347099193896355,79.70063183742197,80.43750545282764,51.08051625942907,46.07972286699853,50,70,30,,
1720749600,1000.15,1003.8,998.5,998.8,,,,,,,998.3939174072981,993.5516428312951,0,0,998.4401449548768,,,,,,1786,3014.6,18.425514086812942,20.995301433528763,-7.27424460685269,75.75486021165659,81.5481836396487,50.06340860757016,46.92284197846802,50,70,30,,
1720764000,998.9,999.4,991.15,993.8,,,,,,,998.2137637834825,993.5541140469041,0,0,998.2545391566817,,,,,,3124,3083.55,4.817751705677978,15.071996390016418,-11.75358665174015,63.02023067178565,72.82524090695473,46.50209046325996,47.531876298234536,50,70,30,,
1720778400,993.85,996.5,983.8,995,,,,,,,998.0877338311891,993.5685009718105,0,0,998.1243575904144,,,,,,6869,3332.9,-2.5278321913456736,6.905144533715087,-15.448603041477625,50.73788029908338,63.17099039417519,47.46794270281356,48.38635926884036,50,70,30,,
1720792800,995.05,1002.1,994.35,1001.6,,,,,,,998.2254697593778,993.6484163850264,0,0,998.2633832867979,,,,,,4774,3426.1,7.922156204837405,3.404025239723241,-10.926367895676336,51.193331278155824,54.983814083008276,52.54279502206427,49.04863054597691,50,70,30,,
1720807200,1001.65,1002,997.15,998.15,,,,,,,998.2225101609708,993.6932082617923,0,0,998.2588479553259,,,,,,897,3218.4,6.721707589090758,4.038677200860833,-12.881996807824876,51.09966703470764,51.01029287064895,49.83276662719056,49.25973198180066,50,70,30,,
1720994400,1002.95,1002.95,992.65,994.9,,,,,,,998.0922156448544,993.7052161397844,0,0,998.1244940371129,,,,,,2012,2997.95,-3.907175958413501,3.5788959451715576,-15.809142985559149,50.83839909557207,51.043799136145175,47.354918344493,49.321939035553484,50,70,30,,
1721008800,994.95,995.9,993.25,993.25,,,,,,,997.9023248352522,993.7006866259557,0,0,997.9295142756283,,,,,,1582,3037.35,-15.322162206000435,-4.169210191774389,-18.967937933244542,36.60601259784789,46.18135957604253,46.101601178223596,49.30278569820388,50,70,30,,
1721023200,993.35,1000.45,986.7,999.5,,,,,,,997.9649787632816,993.7583912366426,0,0,997.9923337046032,,,,,,2512,3109.5,-4.531469758374923,-7.920269307596283,-22.82374671692294,39.95151245884555,42.46530805075517,51.3536298961622,49.779864618031745,50,70,30,,
1721037600,999.45,1004.15,983.4,996.85,,,,,,,997.921254105898,993.7891535128949,0,0,997.946640356419,,,,,,5482,3344.1,-5.156808113550853,-8.336813359308733,-31.95076371531117,43.94922832963872,40.16891779544405,49.16603474453129,49.901407670787094,50,70,30,,
1721052000,996.75,1012.9,992.85,997.45,1012.9,,,,,,997.9027735527255,993.8255798460999,0,0,997.9267747421623,,,,,,5957,3498.9,-3.0223937899424054,-4.236890553956058,-25.00715946791921,46.07920836597145,43.326649718151906,49.68861397737273,50.433206914823366,50,70,30,,
1721066400,997.4,999.6,996.7,998,,,,,,,997.9065863545794,993.8671163650442,0,0,997.9297037524758,,,,,,1077,3305.5,1.4553527433687257,-2.2412830533748402,-24.210448451368777,41.49146322571457,43.83996664044158,50.19406073663333,49.921431837913936,50,70,30,,
1721080800,996.85,997.3,993.1,994.3,,,,,,,997.7651515955763,993.8714236648946,0,0,997.7845156023768,,,,,,1427,3145.95,-12.810272706296084,-4.792437917623254,-23.58444247503857,28.79477231437113,38.78848130201904,46.788621741279535,49.50190713155734,50,70,30,,
1721095200,994.2,997.4,993.85,995.15,,,,,,,997.6625966310439,993.8841458174827,0,0,997.6791349782817,,,,,,1540,3180.75,-18.620387320563445,-9.991769094496934,-19.07032785352206,26.240610363897588,32.17561530132776,47.66703324272465,48.986002395982005,50,70,30,,
1721109600,995.1,995.1,988.85,993.3,,,,,,,997.4915144102187,993.8783334212889,0,0,997.5039695791504,,,,,,2989,3273.15,-29.62868969031046,-20.353116572389997,-18.006522691327817,10.701357624235476,21.91224676750139,45.89136445006241,48.61534869531296,50,70,30,,
1721124000,993.2,995.25,978.5,987.2,,,,978.5,,,997.087925609818,993.8118823424701,0,0,997.0918107959844,,,,,,6317,3510.9,-49.772200509632235,-32.67375917350205,-18.641575533933818,8.099044675735836,15.013670887956295,40.53013189133004,47.934400358438666,50,70,30,,
1721138400,987.5,1000.5,983.45,1000.3,,,,,,,997.2138893113937,993.8764407271221,0,0,997.2201383641451,,,,,,6241,3700.45,-26.57046053451657,-35.32378357815309,-11.782929838391652,33.333333333333336,17.37791187776821,53.18011997707293,48.41140246656816,50,70,30,,
1721152800,1000.2,1002.85,999.8,1002.45,,,,,,,997.4192269854567,993.9617497746135,0,0,997.4293328295793,,,,,,1075,3269.15,-6.9580036062435795,-27.766888216797458,-12.327193327771766,66.66666666666667,36.03301489191194,54.87659267637435,48.94059175039393,50,70,30,,
1721167200,1001.45,1005.1,1000.7,1003.4,,,,,,,997.6537671036741,994.0556627121796,0,0,997.6681595163961,,,,,,1769,3023.9,7.497679243227509,-8.676928299177547,-12.350696126826605,100,66.66666666666667,55.64142112130472,49.16192218605396,50,70,30,,
1721181600,1003.5,1004.2,1000,1000.5,,,,,,,997.7653840800007,994.1197854712624,0,0,997.7814331357403,,,,,,2374,3084.85,11.785288809393155,4.108321482125695,-12.00765917791044,93.56580480836833,86.74415715834499,52.70464965461945,49.367056688013164,50,70,30,,
1721196000,1000.4,1020.9,997.35,1019.7,,,,,,,998.6255650964713,994.3743149690607,0,0,998.6581758103107,,,,,,4559,3218.15,37.5007497324826,18.92790592836776,-3.75645119076934,93.56580480836833,95.71053653891221,65.6364258725125,50.67287865430027,50,70,30,,
1721210400,1019.6,1028.6,1011.45,1017.95,1028.6,,,,,,999.3833860730803,994.6088988997168,0,0,999.4298487778983,,,,,,7178,3487.75,48.39258857343215,32.559542371769304,7.278506681625657,91.32430769232421,92.81863910302029,63.92087366377839,51.9456838318399,50,70,30,,
1721224800,1017.9,1018.35,993.85,994.3,,,,,,,999.1840375996261,994.6058252788241,0,0,999.2246548267824,,,,,,7277,3695.4,28.849663526329337,38.2476672774147,1.1023536425750393,72.16725092364838,85.68578780811363,46.30616073444393,51.5851503202886,50,70,30,,
1721239200,994.25,996.75,992.95,996.2,,,,,,,999.0670165172878,994.6216877138606,0,0,999.1036686337111,,,,,,1142,3409.05,16.32176796909141,31.188006689617637,-0.5680878626390751,48.253077580587224,70.58154539885327,47.55651069959446,51.47018431707881,50,70,30,,
1721253600,996.55,998.95,992.75,997.1,,,,,,,998.9898786146491,994.6463475376033,0,0,999.0235218883627,,,,,,1656,3253.15,7.77097919396285,17.64747022979454,1.3381760683984396,27.404830883006863,49.27505312908082,48.17217462444551,51.36186722044116,50,70,30,,
1721268000,996.95,1000.15,995.45,998.05,,,,,,,998.9530206297609,994.6802147262839,0,0,998.9845810128281,,,,,,1818,3299.2,2.36056793870796,8.817771700587413,0.6852499211284169,30.81934895579111,35.492419139795054,48.85470749707804,51.266199131901494,50,70,30,,
1721282400,998.6,1009.95,997.9,1002.05,,,,,,,999.0744708011429,994.7535459230373,0,0,999.107197772315,,,,,,2495,3323.35,4.631786642261412,4.921111258310746,-0.9962391534034793,36.401799553874966,31.541993130890983,51.73673646017835,51.61963589753713,50,70,30,,
1721296800,1002,1002.45,989.45,990.4,,,,,,,998.7342954756078,994.7102270581315,0,0,998.7589098614224,,,,,,5188,3503.65,-11.236061111907471,-1.414568843646028,-1.6640078319616407,30.752347000114195,32.657831836593424,43.966029394040284,51.355278479773965,50,70,30,,
1721311200,990.2,992.8,972.25,975.95,,,,,,,997.8407936922507,994.5235581321799,0,0,997.8465534669655,,,,,,6098,3682.95,-32.45421681973008,-13.019497096458707,-7.278444395592231,19.59574755430412,28.916631369431098,36.61924212869967,50.692984028248055,50,70,30,,
1721325600,975.9,975.9,964.55,970.15,,,,,,,996.7548802141232,994.2810351656906,0,0,996.7386913282869,,,,,,1932,3505.45,-46.49125805889159,-30.060511996843037,-7.849142573242588,4.594136965948079,18.31407717345547,34.15237393560288,50.23742988855326,50,70,30,,
1721340000,971.6,971.75,961.05,964.7,,,,,,,995.4978260880791,993.9866965073255,0,0,995.4571436751554,,,,,,2670,3341.1,-55.88646409744614,-44.943979658689265,-10.971409628486526,-4.736951571734001e-15,8.063294840084067,31.972805399215446,48.722621704420575,50,70,30,,
1721354400,964.55,968.1,963.15,964,,,,,,,994.26261722188,993.6883214177004,0,0,994.1988579281492,,,,,,2462,3410.35,-60.132127317501116,-54.169949824612935,-10.93745027701209,-4.736951571734001e-15,1.5313789886493578,31.693036327049057,47.066653393754486,50,70,30,,
1721368800,964.15,969.15,960.3,963.2,,,,,,,993.0444753700415,993.3849550354347,0,0,992.9589036110233,,,,,,3812,3529.6,-61.55051190404824,-59.189701106331825,-21.757412695300474,-4.736951571734001e-15,-3.355340696644917e-15,31.355354796307623,45.33193437054041,50,70,30,,
1721383200,963,967.3,953.25,965.6,,,,,,,991.9682214339614,993.1084878211518,0,0,991.8645474665824,,,,,,7072,3806.2,-59.59355031915066,-60.42539651356666,-32.2762421693745,2.2861629245024555,0.7620543081674819,33.639679682714544,43.970150801118635,50,70,30,,
1721397600,965.55,968.45,961.75,963.55,,,,,,,990.8537813777276,992.8143735144737,0,0,990.7319655679191,,,,,,5503,3931.9,-58.23626548498283,-59.7934425693939,-28.3143221082113,3.648362875690735,1.9781752667310617,32.64051848931469,41.61330027374736,50,70,30,,
1721412000,963.55,966.9,962.7,963.35,,,,,,,989.7752017158559,992.5211956685586,0,0,989.6366869452023,,,,,,1073,3669.7,-56.18745733791319,-58.00575771401555,-27.786250091977152,5.639684621530196,3.858070140574462,32.53897586017332,39.37173614491843,50,70,30,,
1721599200,965.5,973.15,964.4,964.7,,,973.15,,,,988.7918604720969,992.244367850961,0,0,988.6392194673942,,,,,,2116,3463.45,-52.61308319628348,-55.6789353397265,-24.739550160006104,7.828338213133319,5.705461903451417,34.03081141571056,38.494925479294615,50,70,30,,
1721613600,964.6,965.2,957.75,958.1,,,,,,,987.5882581006422,991.9046228972201,0,0,987.4176506886985,,,,,,2127,3516.05,-54.337511143368076,-54.37935055918825,-24.08109080909533,6.466138261945038,6.644720365536184,30.481828641860986,37.27530533231366,50,70,30,,
1721628000,958,964.05,954.85,956.1,,,,,,,986.3534244496366,991.5483579927701,0,0,986.1649446611506,,,,,,3361,3595.65,-55.69268764599516,-54.2144273285489,-21.749870828013513,4.4748165161055775,6.256430997061311,29.478579308557514,35.94004852403594,50,70,30,,
1721642400,955.95,957.9,941.15,942.35,,,,941.15,,,984.6277999614156,991.0588220923445,0,0,984.4123468747046,,,,,,5483,3751.1,-63.843506012204784,-57.95790160052267,-29.679570947270022,-4.736951571734001e-15,3.64698492601687,23.70264697639537,34.1434727725586,50,70,30,,
1721656800,942.25,949.6,941.4,948.45,,,,,,,983.2090627080267,990.6348537133161,0,0,982.9738529997164,,,,,,5080,3777.15,-63.13177581713477,-60.8893231584449,-31.88699683870537,10.952807794458144,5.142541436854572,30.233560414641815,32.60753162644885,50,70,30,,
1721671200,948.25,951,947.7,949,,,,,,,981.8675308371237,990.2205765619399,0,0,981.6148988797278,,,,,,891,3462.8,-60.7749850930062,-62.583422307448586,-29.88011998269863,29.603874108663074,13.51889396770707,30.808647761717893,31.66771865271154,50,70,30,,
1721685600,946.5,951.6,945,950.45,,,,,,,980.6354708042953,989.8248494319703,0,0,980.3683029245386,,,,,,2119,3204.9,-56.700238579299025,-60.20233316314667,-30.100296307780937,57.75253636043639,32.76973942118587,32.39092379689241,31.36569591472531,50,70,30,,
1721700000,950.35,951.75,946.55,946.75,,,,,,,979.30662881197,989.3962439649855,0,0,979.0235708075571,,,,,,2162,3255.9,-55.99084059419907,-57.8220214221681,-33.745712027556124,68.99834652609938,52.11825233173295,30.47577054447592,31.103081386787668,50,70,30,,
1721714400,946.85,952.3,944.2,951.3,,,,,,,978.2083296428731,989.0171768608562,0,0,977.9146279752548,,,,,,3284,3337.3,-49.79435584945395,-54.161811674317356,-27.420012326074627,83.68061354522779,70.14383214392119,35.524361722744274,31.35676398132544,50,70,30,,
1721728800,951.4,958.75,943.35,944.85,,,,,,,976.9001598529564,988.5777024642308,0,0,976.5920428562446,,,,,,4926,3492.7,-51.63663993097523,-52.473945458209414,-36.23727824021622,78.96996107034607,77.21630704722442,31.979210546674395,31.37720499701297,50,70,30,,
1721743200,944.75,950.7,941.95,947.5,,,,,,,975.7472124077425,988.1689691063777,0,0,975.4283611419947,,,,,,3788,3557.35,-48.76887201606951,-50.0666225988329,-37.541953102899285,88.25114956788796,83.63390806115395,34.855655308373514,31.62722646216053,50,70,30,,
1721757600,947.6,949.75,946.75,947.1,,,,,,,974.6237923133212,987.7603226476078,0,0,974.2952266963149,,,,,,743,3335.1,-46.42335543612412,-48.942955794389626,-36.04841716771485,85.73386482914727,84.31832515579377,34.61769130209977,31.69708443497376,50,70,30,,
1721772000,945.15,947.6,942.6,943.4,,,,,,,973.3993298696616,987.318926402358,0,0,973.0594176284623,,,,,,1823,3121.35,-49.004136868280874,-48.0654547734915,-38.58663717267012,86.96036545054714,86.98179328252746,32.413304771771436,31.680854883720677,50,70,30,,
1721786400,943.3,947.3,942.6,945,,,,,,,972.2856306590867,986.8978425575584,0,0,971.9370409233238,,,,,,2713,3160.4,-47.41153533740854,-47.61300921393785,-34.27237219392103,85.58415252726708,86.09279426898718,34.3598397945273,31.81091659331739,50,70,30,,
1721800800,944.95,960.05,944.8,957.95,,,,,,,971.7234490646127,986.6098043231549,0,0,971.3775592863909,,,,,,4361,3244.95,-25.292674862292493,-40.56944902266064,-26.31533769876883,88.10143726600778,86.88198508127401,47.531345085238485,32.7752404268551,50,70,30,,
1721815200,958,962.9,951.7,952.3,,,962.9,,,,970.961745179726,986.2684132353623,0,0,970.6144569149353,,,,,,6057,3424.7,-17.320091991094493,-30.00810073026518,-26.79667380967345,91.10647419158721,88.26402132828737,43.43609941751547,33.70054548225899,50,70,30,,
1721829600,952.35,962.8,952.35,954.2,,,,,,,970.3044218393446,985.9493245464532,0,0,969.9578786383379,,,,,,5616,3514.9,-7.659251297648858,-16.757339383678616,-22.656006989168873,91.03091888799547,90.07961011519683,45.1476316228079,34.81976350470544,50,70,30,,
1721844000,954.15,954.3,949.35,949.45,,,,,,,969.4866013750566,985.5861471877821,0,0,969.1375634928044,,,,,,1699,3246.25,-10.064298022267659,-11.681213770337004,-25.34274611200118,79.92425282244334,87.35388196734202,41.74673860948813,36.108627192783494,50,70,30,,
1721858400,950.8,950.9,940.65,942.85,,,,,,,968.4420287721132,985.1609118923813,0,0,968.0860609530922,,,,,,2810,3111.6,-23.46983202623011,-13.731127115382213,-25.551625296235528,66.04803334476016,79.001068351733,37.51780884116568,36.628930651820916,50,70,30,,
1721872800,942.7,943.3,936.25,939.45,,,,,,,967.3050864673245,984.7060769481784,0,0,966.9406185149685,,,,,,3629,3239.4,-35.7130986174336,-23.08240955531046,-32.117054627786786,45.900551736150874,63.95761263445146,35.52153850858603,36.965565705168636,50,70,30,,
1721887200,940.2,944.1,931.65,934.5,,,,,,,966.0186124882138,984.2065139934701,0,0,965.6429937743698,,,,,,4033,3335.25,-47.4298712285175,-35.53760062406041,-41.958843753581995,28.184838555665802,46.71114121219228,32.786357794554874,36.993810990715964,50,70,30,,
1721901600,934.6,939.3,928.15,935.95,,,,,,,964.8394512141662,983.7263496751272,0,0,964.455274023395,,,,,,8313,3644.55,-51.597745897778914,-44.91357191457667,-42.045007465164915,19.514445560082315,31.199945283966343,34.38031223574667,37.27270682580673,50,70,30,,
1721916000,935.85,939.5,933.1,935.6,,,,,,,963.6928060685126,983.2474805241309,0,0,963.3010630624592,,,,,,6952,3824.1,-53.40879259595675,-50.812136574084384,-34.69949855171015,14.302589908398787,20.667291341382306,34.169670709264906,37.175943181986774,50,70,30,,
1721930400,935.15,938.4,933.5,934.7,,,,,,,962.5558332815122,982.7644210164281,0,0,962.1570205399609,,,,,,1511,3625.5,-54.411627223006555,-53.13938857224741,-37.14651948438524,12.354180019168007,15.39040516254971,33.599601671095726,37.291685405159726,50,70,30,,
1721944800,932.55,940.6,931.35,940.4,,,,,,,961.686977074394,982.3428844889014,0,0,961.2867397183625,,,,,,2238,3483.4,-45.581212847641666,-51.13387755553499,-36.81103859499371,24.820586817650863,17.15911891507255,40.38337146930044,37.686522273797365,50,70,30,,
1721959200,940.35,940.9,937.4,939.95,,,,,,,960.8345466008884,981.9210647427432,0,0,960.433270129628,,,,,,2383,3558,-39.05174171844656,-46.348193929698255,-37.14402081629016,36.972638982247894,24.71580193968892,40.0356197271433,38.07351716130047,50,70,30,,
1721973600,939.9,940.75,931.55,934.85,,,,,,,959.8155447734026,981.4526959393328,0,0,959.4099393244429,,,,,,3044,3604.25,-43.90063760470187,-42.8445307235967,-35.98966558951068,42.234918575003995,34.676048124967586,36.22800097540205,38.3459954615598,50,70,30,,
1721988000,934.95,935.85,927.35,931.65,,,,,,,958.7110136058182,980.957146726006,0,0,958.2995417514652,,,,,,6061,3799.2,-51.04928445667153,-44.667221259939986,-35.92534861525262,27.511688503487083,35.573082020246325,34.040409781010865,38.323179032022914,50,70,30,,
1722002400,931.7,937.75,926.3,934.05,,,,926.3,,,957.7439150330409,980.4904089476378,0,0,957.3295600814066,,,,,,6250,3947.5,-50.33034101609949,-48.42675435915763,-28.927760074737535,22.401368191363574,30.71599175661822,37.107769701654725,37.57863793319551,50,70,30,,
1722016800,934,939.25,933.1,933.45,,,,,,,956.7912124827257,980.0223451770145,0,0,956.3743776781504,,,,,,1380,3770.2,-49.985298357031404,-50.45497460993414,-26.184703828434408,25.048387248598402,24.98714798114969,36.64891769481256,37.093839238716726,50,70,30,,
1722204000,939.1,945.65,938.8,942.45,,,,,,,956.228811993207,979.6484909961487,0,0,955.8174025710243,,,,,,2441,3702.85,-29.619426586794543,-43.31168865330847,-22.502439331666437,55.51560900436152,34.321788148107835,47.196368670796474,37.240177599287335,50,70,30,,
1722218400,942.4,945.75,941.35,944.75,,,,,,,955.7786625032774,979.3012423295203,0,0,955.3747064681834,,,,,,1689,3750.15,-11.464893933314872,-30.356539625713598,-18.5698433440555,77.13850951472294,52.56750192256095,49.50987113129663,37.7946870651308,50,70,30,,
1722232800,944.65,947.85,939.55,947.15,,,,,,,955.4402835815802,978.9813294705201,0,0,955.045718209456,,,,,,3296,3823.8,4.260265244190146,-12.274685091973085,-10.782558787240418,100,77.55137283969482,51.87910514787535,38.820493944181486,50,70,30,,
1722247200,947.05,950.15,940.5,949.45,,,,,,,955.2053704999496,978.6874853961866,0,0,954.8218894810777,,,,,,4800,3928.15,17.378477442882257,3.391282917919176,-11.30097210226441,100,92.37950317157431,54.10189064404136,40.147661953856876,50,70,30,,
1722261600,949.85,954.3,943.4,951.35,,,,,,,955.0541794999516,978.415470616125,0,0,954.6830139018347,,,,,,6412,4030.7,27.725649789016394,16.4547974920296,-5.36894251085414,100,100,55.91356160340543,41.799605083060484,50,70,30,,
1722276000,951.25,951.9,949.85,950.3,,,,,,,954.8677410881888,978.1357146895964,0,0,954.5076933457613,,,,,,1241,3789.9,32.60197855246693,25.902035261455193,-6.080431118775451,98.09918202437166,99.36639400812389,54.63023275010446,43.24602797694318,50,70,30,,
1722290400,950.45,952.05,947.2,947.9,,,,,,,954.5944963396324,977.8348618071128,0,0,954.2433856119308,,,,,,1418,3580,31.884069917995827,30.737232753159716,-5.56366619759622,91.86285715352159,96.65401305929777,51.70882551004394,44.4988247484274,50,70,30,,
1722304800,947.95,954.8,946.6,951.6,,,,,,,954.4770651106272,977.573818406047,0,0,954.1376501874536,,,,,,2185,3604.3,36.8056325327963,33.76389366775302,-1.2587280117820399,91.4347297765471,93.79892298481347,55.646685710921204,46.07361646555779,50,70,30,,
1722319200,951.45,957.1,948.4,953.35,,,,,,,954.4328664788379,977.3327853870815,0,0,954.1061441799554,,,,,,3478,3637.7,41.88161201650385,36.85710482243199,5.8286677715457245,93.33554775217544,92.21104489408138,57.415432931591006,47.290192284292836,50,70,30,,
1722333600,953.55,958.65,947.35,953.85,,,,,,,954.4100089698638,977.099125830991,0,0,954.0958984127573,,,,,,4924,3702.45,45.03024191588104,41.2391621550604,13.665439960588316,99.57187262302551,94.78071671724935,57.931625870134326,48.56847843736362,50,70,30,,
1722348000,950.65,964.15,950.45,962.9,,,,,,,954.7429497945751,976.9578409968518,0,0,954.448062476247,,,,,,6849,3843.25,56.66656722966725,47.85947372068406,17.20869205825703,100,97.63580679173366,65.97174913218943,50.693031877134146,50,70,30,,
1722362400,962.95,963.1,959.6,960.4,,,,,,,954.9647949006702,976.7930863600673,0,0,954.6861399771971,,,,,,1531,3504.15,59.11034425773492,53.60238446776108,19.963151136838093,96.00949201470155,98.52712154590903,62.42259460663013,52.72033079324981,50,70,30,,
1722376800,957.4,967.2,957.35,964.8,,,,,,,955.3504892182909,976.6737521674298,0,0,955.0906943781092,,,,,,2323,3272.7,63.6430272074576,59.80664623161993,23.258711849586803,95.92604572330151,97.31184591266769,65.89973346380678,54.776899633403524,50,70,30,,
1722391200,964.7,968.95,962.75,967.25,,,,,,,955.8171366999266,976.5799834891469,0,0,955.5770666029848,,,,,,2714,3332.85,66.84727849826731,63.20021665448661,22.99551323395532,95.92604572330151,95.95386115376819,67.69239421656506,56.99429081352871,50,70,30,,
1722405600,967.3,972.05,963.55,967.8,,,,,,,956.2870529077726,976.4926204693544,0,0,956.0659839388654,,,,,,3809,3411.4,67.42909620671806,65.97313397081432,29.850030852307555,99.91655370859996,97.25621505173433,68.09784822861644,58.48725363908728,50,70,30,,
1722420000,967.6,975.35,961.8,967.55,,,,,,,956.7287371074677,976.4036391711519,0,0,956.5253445813108,,,,,,5809,3582.7,65.77874900249611,66.68504123582716,36.28087087646412,99.16032463413717,98.33430802201288,67.68205980158845,59.78526711553669,50,70,30,,
1722434400,967.6,979.15,966.8,966.85,,,,,,,957.1256493777631,976.3085780848718,0,0,956.9383307980584,,,,,,6044,3732.7,62.34870088709202,65.18551536543539,38.26202725296426,95.84755786280228,98.30814540184646,66.45848047708836,60.82665106762334,50,70,30,,
1722448800,967.1,979.25,966.45,976.9,979.25,,,,,,957.901114108047,976.3144628800472,0,0,957.736797566136,,,,,,4672,3663.25,68.52187441658471,65.54977476872428,41.86788588797722,95.84755786280228,96.95181345324723,73.78583620786112,62.23264717932475,50,70,30,,
1722463200,976.75,978.7,972.4,975.2,,,,,,,958.5795017900844,976.3033736971612,0,0,958.4353256634906,,,,,,2046,3453.05,68.61122026840961,66.4939318573621,41.63652326471171,92.46627589213186,94.7204638725788,70.96188474657278,63.30752740383671,50,70,30,,
1722477600,975.25,975.4,971.75,973.7,,,,,,,959.1724625041987,976.277469481269,0,0,959.045912636951,,,,,,2582,3513.15,65.40093277344599,67.51134248614676,37.296491495234505,87.8250078960507,92.04628055032829,68.47175097020084,64.29620727670074,50,70,30,,
1722492000,973.75,973.95,962.9,965,,,,,,,959.400993386387,976.1652558545898,0,0,959.284076131473,,,,,,4309,3606.55,50.422966625844666,61.478373222566745,30.355768864197444,55.46094905397707,78.58407761405321,56.16191834399533,64.6142853362687,50,70,30,,
1722506400,965.1,975.3,964.8,969.75,,,,,,,959.8068367829992,976.1014224630018,0,0,959.702713086214,,,,,,5681,3806.15,45.47416254658575,53.76602064862545,30.47455172548746,34.304414725560235,59.19679055852934,60.35286003487863,64.95044064512278,50,70,30,,
1722520800,970.35,975.15,959.5,961.65,,,,,,,959.8791176934698,975.9576272146137,0,0,959.7806045627655,,,,,,9634,4123.05,28.054012771680352,41.31704731470357,22.771352140678914,8.925116159642931,32.89682664639341,51.33948083712288,64.51644406694649,50,70,30,,
1722535200,961.55,962.65,957.75,961.55,,,,,,,959.9446424898043,975.8142677398414,0,0,959.8513803802548,,,,,,2113,3988.7,14.940319864222014,29.48949839416269,23.33092019256381,7.95584166838324,17.061790851195465,51.237743714976894,64.03830962729239,50,70,30,,
1722549600,961.75,966.3,956.3,964.7,,,,,,,960.1311270980473,975.7036780110867,0,0,960.0453251650446,,,,,,2775,3806.85,10.327398641171595,17.7739104256913,27.862950868506317,4.568792981351378,7.149916936459178,54.30925060740761,63.2052740183794,50,70,30,,
1722564000,964.6,970.15,962.5,969.95,,,,,,,960.5161809373395,975.6464274836133,0,0,960.4415121584428,,,,,,3015,3895.55,17.361018861060835,14.209579122151462,32.92512386784412,16.015530110592803,9.513388253442473,58.95025133877032,62.957249499246565,50,70,30,,
1722578400,970,975.05,969.15,971.8,,,,,,,960.9586836456791,975.6081545733285,0,0,960.8958516721051,,,,,,4155,4032.4,25.23120676996119,17.639874757397855,42.86803318665875,29.713959028300764,16.76609404008165,60.47383107022057,62.56968504256184,50,70,30,,
1722592800,971.9,973.95,961,964.85,,,,,,,961.111284287025,975.501108259166,0,0,961.0540176052209,,,,,,10872,4466.75,15.352046240293198,19.31475729043839,29.028293586736396,27.116518578877727,24.282002572590432,52.57865347651636,61.49013213255835,50,70,30,,
1722607200,964.8,969.5,951.9,957.5,,,,,,,960.969665295377,975.3219927540997,0,0,960.911856901012,,,,,,13128,4949.25,-4.363942617015468,12.073103464412958,18.650187930158495,15.669781449636302,24.166753018938266,45.77271099866978,59.895479473276446,50,70,30,,
1722621600,957.45,960.55,951.35,953.6,,,,,,,960.6806588132054,975.1058535227156,0,0,960.6193826249715,,,,,,1875,4796.8,-21.047578556434594,-3.3531583110523058,16.119634139139592,1.9713525319283438,14.919217520147457,42.62020244205705,58.10534680473849,50,70,30,,
1722808800,951.1,958,943.05,948.1,,,,,,,960.1872996440601,974.8371385622905,0,0,960.1186073199726,,,,,,5527,4730.7,-35.7988229965842,-20.403448056678105,10.735193403670522,6.5133084111342514e-15,5.880377993854885,38.58428005705126,56.11433248902155,50,70,30,,
1722823200,948.25,954.2,934.45,936.05,,,,,,,959.2407388737048,974.4511968850538,0,0,959.1558630271737,,,,,,5481,4928.2,-51.58012096293452,-36.14217417198446,8.932525790303018,6.5133084111342514e-15,0.6571175106427872,31.53785960113484,53.09661987425539,50,70,30,,
1722837600,935.95,940.5,922.55,925.05,,,,,,,957.8999255845399,973.9596426871926,0,0,957.7916285060868,,,,,,8876,5255.85,-63.93535532023659,-50.43809975991845,6.951953029743748,6.5133084111342514e-15,8.092292268378918e-15,26.7375421723832,49.93773826181329,50,70,30,,
1722852000,925.15,926,906.7,913.6,,,,,,,956.1626736008325,973.3590492276186,0,0,956.0239633658433,,,,,,15441,5892.2,-73.00736500609851,-62.84094709642323,-5.70753942207665,6.5133084111342514e-15,8.092292268378918e-15,22.84045609723067,46.67836005660113,50,70,30,,
1722866400,913.2,923.2,906,910.3,,,,906,,,954.364137381192,972.7315960014731,0,0,954.1950048312095,,,,,,15999,6501.7,-76.727357405127,-71.22335924382071,-14.55775747535877,6.5133084111342514e-15,8.092292268378918e-15,21.851901007236123,44.22764453254689,50,70,30,,
1722880800,910.2,912.95,908.8,911.35,,,,,,,952.6773084642825,972.1208338522048,0,0,952.4812046379611,,,,,,2379,6330.2,-76.1251123356433,-75.28661158228961,-16.927029168878676,1.0185527792568008,0.33951759308560453,22.993940306247225,41.55915026621608,50,70,30,,
1722895200,912.25,921.3,911.65,914.75,,,,,,,951.1899630343107,971.5499797840237,0,0,950.9719564524427,,,,,,3811,6218.55,-72.2453578396819,-75.03260919348408,-15.735684796021218,5.351483077086363,2.1233452854477233,26.727948637533103,39.801183680531096,50,70,30,,
1722909600,914.65,918.1,910.45,911.05,,,,,,,949.6158468368868,970.9479899354264,0,0,949.375078194345,,,,,,4998,6234.85,-69.56117023762829,-72.64388013765118,-19.772733951461873,8.423238979938246,4.931091612093803,25.29074128508303,37.94782636411011,50,70,30,,
1722924000,911,919.65,909.55,914.35,,,,,,,948.2328724511266,970.3848258564669,0,0,947.9740750665711,,,,,,7168,6490.95,-64.49208695041304,-68.76620500924109,-18.50381421355918,13.718890197657387,9.164537418227333,28.959801728491172,36.13715144418751,50,70,30,,
1722938400,914.25,917.2,907.05,915.6,,,,,,,946.9531519628471,969.839703211129,0,0,946.6791120639083,,,,,,8139,6768.8,-58.91448285021747,-64.32258001275295,-25.47203673376154,16.927427146421238,13.023185441338958,30.355047900237167,34.09463691286371,50,70,30,,
1722952800,915.75,925.7,910.05,914.05,,,,,,,945.6628322780296,969.2845817861426,0,0,945.373947581352,,,,,,9478,7027.25,-54.90074126400589,-59.43577035487882,-20.970945048853395,22.44789529480291,17.698070879627178,29.579264619154102,31.887882166358963,50,70,30,,
1722967200,914,916.55,911.65,912.45,,,,,,,944.3603682671264,968.7190635594147,0,0,944.0569896780979,,,,,,2028,6844.6,-52.23327779676592,-55.349500636996446,-21.180978705418994,25.98869403150226,21.7880054909088,28.762111895252474,30.18670062484011,50,70,30,,
1722981600,912.45,914.5,908.1,914.4,,,,,,,943.185451864494,968.1785753647937,0,0,942.8707100909741,,,,,,3614,6543.6,-47.73663094711998,-51.62355000263062,-23.74561491876314,33.82718677354625,27.421258699950474,31.25474245669149,29.14970287184166,50,70,30,,
1722996000,914.45,922.95,911.15,920,,,,,,,942.2762184580432,967.6991865551937,0,0,941.9558816873351,,,,,,3986,6637.25,-37.49724587019061,-45.82238487135886,-23.515000575349603,57.69202881075651,39.16930320526834,37.967546046178,28.817370272136014,50,70,30,,
1723010400,920.65,921.65,915.75,918.8,,,,,,,941.3555824400808,967.2126274849928,0,0,941.0296464198417,,,,,,3211,6659.05,-30.53175493909326,-38.58854391880131,-24.55070047980371,79.4542539470393,56.991156510447354,37.13083817922291,28.71355299514828,50,70,30,,
1723024800,918.85,931.05,916.4,921.35,,,931.05,,,,940.5710497953717,966.7562829329033,0,0,940.242460563048,,,,,,7098,6863.2,-20.843546019550175,-29.624182276278038,-24.52314077580816,97.40762729173521,78.184636683177,40.14922383728097,29.328650440587285,50,70,30,,
1723039200,921.25,930.2,916.9,917.25,,,,,,,939.6564988230042,966.2636831027252,0,0,939.322762140526,,,,,,7107,7010.8,-20.35377415487367,-23.90969170450573,-28.009464804153012,92.7141504400336,89.85867722626938,37.067729309351556,30.06652095037074,50,70,30,,
1723053600,917.3,918.1,914.3,916,,,,,,,938.728792986808,965.7635469524492,0,0,938.389851654905,,,,,,2149,6574.65,-22.233391638284914,-21.143570604236277,-30.103236988745095,87.21179631999722,92.44452468392201,36.15659456901745,31.017673698355512,50,70,30,,
1723068000,915.15,919.3,914.55,915.6,,,,,,,937.8217814971292,965.2644071817781,0,0,937.4782575887087,,,,,,3610,6098.75,-24.212256056926137,-22.266473950028267,-29.69167789569714,78.91820004612778,86.28138226871954,35.85289407189411,32.01774463154537,50,70,30,,
1723082400,915.55,925.85,915.55,924.5,,,,,,,937.2993586933202,964.8587911899197,0,0,936.9591272851604,,,,,,3508,6180.4,-6.058867326475774,-17.501505007228968,-29.944188594422386,84.48794414271894,83.53931350294798,46.6004616500704,33.70392472753274,50,70,30,,
1723096800,924.7,926.65,918.55,919.6,,,,,,,936.605266195543,964.4084549591742,0,0,936.264762193754,,,,,,4227,6115.4,-3.3613190327047797,-11.210814138702254,-34.87326442561485,85.15247441801435,82.85287286895368,42.38949222493947,34.822606412347476,50,70,30,,
1723111200,919.65,930.2,915.05,930.1,,,,,,,936.3501577172864,964.0670772978889,0,0,936.0181717060038,,,,,,8450,6263.85,17.72816255910198,2.7693253999738086,-33.58998548929574,93.44607069188379,87.69549641753902,52.33012034292649,36.75399063076486,50,70,30,,
1723125600,929.85,935.25,928.6,933.4,,,,,,,936.2344652577849,963.7619322501487,0,0,935.9134448377637,,,,,,7359,6188,33.21171241815106,15.859518648182751,-32.11438317518183,93.44607069188378,90.68153860059397,54.960480381149836,38.61118196309763,50,70,30,,
1723140000,933.35,937.25,933.1,934.8,,,,,,,936.1782117182639,963.473753819799,0,0,935.8689070442531,,,,,,1662,5499.05,42.91678672678101,31.285553901344684,-32.37197664016581,100,95.6307137945892,56.06799867738605,40.447821304322545,50,70,30,,
1723154400,935.3,941.75,934.55,940.75,,,,,,,936.357497533234,963.2476468166169,0,0,936.064150762483,,,,,,2110,4804.6,52.993706992132374,43.04073537902148,-30.240352091535286,100,97.81535689729459,60.51219988274394,42.65731668029325,50,70,30,,
1723168800,940.65,941.85,933.4,934.15,941.85,,,,,,936.2709290025189,962.9581179925709,0,0,935.9875847319837,,,,,,2084,4789.85,51.31731199971047,49.07593523954128,-29.426774761887458,92.62867707122784,97.54289235707596,53.98807560361679,44.4591712308907,50,70,30,,
1723183200,934.1,938.1,928.3,929.6,,,,,,,936.0093239435965,962.6261964205055,0,0,935.7320813427043,,,,,,3277,4763.15,42.92653084526817,49.079183279037004,-33.99987483794382,78.44590867870215,90.35819524997667,49.98689982668007,45.797182471604174,50,70,30,,
1723197600,929.5,930.9,919.6,923.05,,,,,,,935.5011151614947,962.2324034212965,0,0,935.2247980889962,,,,,,5322,4779.35,25.99644933603264,40.08009739367042,-32.436754651240776,57.25383797669851,76.10947457554285,44.83548799323324,46.28774975353669,50,70,30,,
1723212000,923.2,927.9,920.35,921.55,,,,,,,934.954012606142,961.8276033872537,0,0,934.6778061654363,,,,,,5408,4691.35,11.519035423661693,26.81400520165417,-33.545305372025084,41.91558169398155,59.20510944979407,43.72420009734779,46.75870417625989,50,70,30,,
1723226400,921.6,923.65,919.75,922.2,,,,,,,934.4538552490384,961.4332988759378,0,0,934.1786939188189,,,,,,1314,4350.1,1.9083493596896144,13.141278039794651,-35.706083967859215,34.265141454888216,44.478187041856096,44.367685343308736,47.06002285526188,50,70,30,,
1723413600,923.9,926.5,921.45,922.2,,,,,,,933.9733119059389,961.0429177925952,0,0,933.6995461620661,,,,,,1744,3963.4,-5.184495240988453,2.7476298474542866,-36.57217097878607,33.624003525272855,36.60157555804754,44.367685343308736,47.58144828625882,50,70,30,,
1723428000,922.1,926.4,919.1,925.6,,919.1,,,,,933.644946733157,960.6902519439126,0,0,933.3755643155835,,,,,,1420,3933,-3.8342727940125503,-2.3701395584371294,-38.41563530532201,39.401603044865674,35.76358267500891,47.976397687571435,48.425719937584105,50,70,30,,
1723442400,926.15,940.45,926.05,937,,,,,,,933.7765174495038,960.4545280439731,0,0,933.5205417429602,,,,,,2569,3880.75,16.098972994748003,2.360068319915667,-32.870393121326245,56.27717751993123,43.100928030023255,57.84922088383681,49.996886138437155,50,70,30,,
1723456800,937.15,947.15,932.7,941.75,,,,,,,934.0892030397193,960.268413337068,0,0,933.8497200732418,,,,,,4287,3895.8,32.243777689710214,14.836159296815223,-24.684310046400384,78.11038615155023,57.92972223878238,61.156934334194325,51.03663418730315,50,70,30,,
1723471200,941.85,948.25,936.45,940.65,948.25,,,,,,934.3464891950244,960.0732052441618,0,0,934.1217312703121,,,,,,5067,3988.6,39.936052068377386,29.426267584278534,-20.741000134503068,92.81564337424145,75.7344023485743,59.983025425246225,52.2933151301822,50,70,30,,
1723485600,940.75,943.2,939.95,941.3,,,,,,,934.6191758932588,959.8864071820309,0,0,934.4088620194997,,,,,,855,3676.45,44.58370075583857,38.92117683797539,-18.53511040395962,96.4615220397411,89.12918385517759,60.46593467265241,52.874444725162626,50,70,30,,
1723500000,940.05,942.5,936.15,936.55,,,,,,,934.69489448568,959.6542041254933,0,0,934.4945075387197,,,,,,1832,3412.7,40.97551237378251,41.83175506599949,-16.78321219520342,85.1683769365061,91.48184745016289,55.22154713157335,52.89309235019287,50,70,30,,
1723514400,936.5,938.05,934.45,935.25,,,,,,,934.7166633293789,959.4113762237471,0,0,934.524727237171,,,,,,1714,3390.95,35.56101309191492,40.373408740512,-13.16284534864188,73.4715888819379,85.0338292860617,53.8450842843872,52.73431275069295,50,70,30,,
1723528800,935.65,939.4,932.75,934.85,,,,,,,934.7218922184229,959.1669844205258,0,0,934.5377381476841,,,,,,2542,3337.55,30.092961677419257,35.5431623810389,-5.910146755182765,60.0160426318146,72.88533615008622,53.403990481917035,52.22658350777675,50,70,30,,
1723543200,934.95,939.25,929.1,934.05,,,,,,,934.6955435039749,958.9170641775354,0,0,934.5182286217768,,,,,,5122,3418.25,23.341472499662082,29.66514908966542,1.0825171448946662,54.769365073003435,62.75233219558532,52.47806217037454,52.1187254054023,50,70,30,,
1723557600,934.2,939.95,931.05,938.8,,,,,,,934.8565025822504,958.7168943847241,0,0,934.6894994769057,,,,,,3876,3400.7,30.528730019893167,27.9877213989915,5.18835389486604,61.18944223330823,58.658283312708754,57.22075576291402,52.63542940084759,50,70,30,,
1723572000,938.9,941.65,937.5,940,,,,,,,935.0582083633386,958.5306566296523,0,0,934.9019194978295,,,,,,1041,3030.25,37.263741789849824,30.377981436468357,3.6435121817076634,70.60252222888435,62.18710984506533,58.351596902451746,53.60086575150605,50,70,30,,
1723586400,936.9,941.55,936.55,937.7,,,,,,,935.1618080353645,958.3233864144319,0,0,935.0138427179163,,,,,,1553,2739.95,35.335631311644235,34.37603437379574,6.161417572710064,75.60384815358712,69.13193753859322,55.33248018947214,54.43002861522921,50,70,30,,
1723600800,937.2,937.2,929.8,930.9,,,,,,,934.9946783084874,958.0505168978704,0,0,934.8492890091997,,,,,,1882,2750.95,14.876399191833183,29.158590764442412,0.2628691055510899,55.99179964303902,67.39939000850349,47.50638848750893,54.6542216969578,50,70,30,,
1723615200,930.95,944.7,930.85,941.3,,,944.7,,,,935.2419458258016,957.8838450879413,0,0,935.1073174488316,,,,,,2529,2771.9,26.366110337632612,25.52604694703668,8.529443119297255,52.196300599284804,61.26398279863697,57.42458659716971,55.58685750080502,50,70,30,,
1723629600,941.15,944.05,926.15,930.7,,,,,,,935.0638303032212,957.6133590671658,0,0,934.9310247508784,,,,,,6891,3012.25,9.110992704017399,16.784500744494398,-3.684671827117228,30.485804812746355,46.224635018356715,47.56100656827122,55.55718670656928,50,70,30,,
1723644000,930.5,932.25,920.9,924.4,,920.9,,,,,934.6456408795655,957.2828778824179,0,0,934.5097837608432,,,,,,5161,3106.45,-11.457664510483479,8.006479510388843,-6.186738161260237,24.267953353429622,35.65001958848692,42.850066658369094,54.48581854760731,50,70,30,,
1723658400,924.3,925.7,922.75,924.1,,,,,,,934.2320863352688,956.9526999930406,0,0,934.0933924104095,,,,,,1064,2893.55,-23.987879931750026,-8.778183912738703,-4.258826939383653,0.08434080945150413,18.279366325209153,42.63350927365615,53.162716757568866,50,70,30,,
1723672800,925.2,926.05,922.55,924.4,,,,,,,933.846514322121,956.6287925304233,0,0,933.7056567139931,,,,,,1687,2707.5,-31.11401428272237,-22.186519574985294,-5.881517888388075,0.5850762193914402,8.312456794090847,42.944041861359906,51.94564650300555,50,70,30,,
1723687200,924.35,931.9,923.85,930.45,,,,,,,933.7133176820379,956.3683070326082,0,0,933.5754304454334,,,,,,1738,2728.7,-25.5194815997951,-26.873791938089166,-6.935950146272361,14.01764574393944,4.895687590927454,48.946055821155376,51.1227980136129,50,70,30,,
1723701600,930.55,937.6,930.35,935.65,,,,,,,933.7892660082325,956.162154723826,0,0,933.658413227616,,,,,,2612,2772.1,-11.150229547185946,-22.59457514323447,-10.448900434924354,37.0235643400705,17.208762101133786,53.47612211701463,50.99812479828728,50,70,30,,
1723716000,935.8,953.45,934.3,949.9,,,,,,,934.4210594981057,956.099844726574,0,0,934.3080766985114,,,,,,7524,3077.3,14.25021296042784,-7.473166062184404,1.5508611031015391,69.7718214540124,40.2710105126741,63.13075398879102,51.66138692003041,50,70,30,,
1723730400,949.85,962.4,948.25,954.8,962.4,,,,,,935.2202336354349,956.0869109482002,0,0,935.127753630571,,,,,,5244,3211.05,31.552321483756494,11.550768298999463,7.288213459901016,89.67258526279772,65.48932368562687,65.76184608961026,52.5440908920085,50,70,30,,
1723744800,954.9,956.7,953.1,954.4,,,,,,,935.972381336006,956.070125764636,0,0,935.8986434853481,,,,,,799,3036.65,40.56343758041265,28.788657341532332,4.094242493213869,99.41890246662304,86.28776972781104,65.35185135019259,53.463647261995504,50,70,30,,
1723759200,954.1,956.2,952.2,954.2,,,,,,,936.6871899110646,956.0515175480725,0,0,936.6306977459342,,,,,,1157,2841.15,45.09801611051357,39.07125839156091,0.4771483595727233,98.52774271551253,95.87307681497775,65.13319536961048,54.02882151961668,50,70,30,,
1723773600,954.1,954.2,949.7,953.5,,,,,,,937.3465157969052,956.0261293137634,0,0,937.3054698360968,,,,,,1360,2866.4,46.528861291523384,44.063438327483205,2.985328005492491,96.48542270389244,98.144022628676,64.32201794813894,54.45528016573719,50,70,30,,
1723788000,953.45,957.6,949.5,951.55,,,,,,,937.9035151774187,955.9815907136264,0,0,937.875251042653,,,,,,2278,2888.7,44.83310882332993,45.4866620751223,-1.864112233077833,91.72922708854266,95.5807975026492,62.005349500957514,54.931913687986146,50,70,30,,
1723802400,951.65,957.6,947.35,951.65,,,,,,,938.4425930135984,955.9384903085156,0,0,938.4262410009468,,,,,,5373,3071.65,42.97764481787929,44.7798716442442,-13.310506650035293,87.39066291418776,91.86843756887428,62.080774229562174,55.972941240989954,50,70,30,,
1723816800,951.25,957.35,942.5,953.7,,942.5,,,,,939.0409226993396,955.9162167731075,0,0,939.0371913609089,,,,,,4792,3184.15,43.3058772726967,43.705543637968645,-18.78052046138008,86.47290454448428,88.53093151573823,63.67284101255596,56.41924512780326,50,70,30,,
1723831200,953.6,956.1,950.35,950.5,,,,,,,939.4902982797577,955.8623240688975,0,0,939.4957037064726,,,,,,1040,2980.05,38.4801040383683,41.58787537631477,-19.85198604486058,82.86539034222706,85.57631926696638,59.47508048961498,57.27025040789925,50,70,30,,
1724018400,955.6,957.65,951.35,956.15,,,,,,,940.1436199158456,955.8651865159732,0,0,940.1618755582136,,,,,,2452,2908.85,42.64372453859912,41.476568616554715,-15.670089519413537,85.59235873588177,84.97688454086438,63.98925819510598,58.780192660523305,50,70,30,,
1724032800,956.1,958.4,952.45,953.85,,,,,,,940.6811250171851,955.8451349088491,0,0,940.709400535885,,,,,,1717,2942.65,41.21572723626388,40.77985193774378,-14.470560048230737,81.7114647658337,83.38973794798085,61.00991206340114,60.092792859790805,50,70,30,,
1724047200,953.7,956.3,947.85,949.9,,,,,,,941.0426495263151,955.7859793376168,0,0,941.0770245144496,,,,,,2378,2983.9,31.748316496266945,38.53592275704332,-12.10808317624057,71.77759834374677,79.69380728182075,56.17272050449765,61.03769847715779,50,70,30,,
1724061600,949.7,951.45,944.05,949.65,,,,,,,941.3801926821459,955.7249248168445,0,0,941.4199435338716,,,,,,3507,3065.15,23.364992237773578,32.109678656768146,-10.59958062845358,47.5522998140035,67.01378764119467,55.87079117324559,61.532322430878516,50,70,30,,
1724076000,949.75,959.6,949.55,956.4,,,,,,,941.9692047338265,955.731641982846,0,0,942.0191457925167,,,,,,4195,3148.45,32.121995123155514,29.07843461906536,-5.306151825419633,41.227756026764425,53.51921806150491,61.83548365446349,62.12941968355343,50,70,30,,
1724090400,956.45,960.95,956.35,958.6,,,,,,,942.6213927834804,955.7601828586386,0,0,942.6823799608161,,,,,,896,2848.7,40.75717938624451,32.081388915724546,-6.021377715967475,52.77150018203108,47.18385200759968,63.5640862978058,62.160371991340206,50,70,30,,
1724104800,958.2,960.7,956.8,959.8,,,,,,,943.2950636547164,955.8003800441247,0,0,943.3670847623835,,,,,,991,2640.2,47.05149817876059,39.97689089605354,-6.361181924241421,76.60113669107535,56.8667976332903,64.50837446816732,62.07083830409427,50,70,30,,
1724119200,959.75,959.9,956.8,957.05,,,,,,,943.8344729231588,955.8128140735364,0,0,943.9144013718881,,,,,,1134,2643.7,45.132663093159,44.313780219388036,-9.87783260516646,73.63427396139201,67.66897027816616,60.630429345112184,61.73359387515996,50,70,30,,
1724133600,957.1,965.15,955.5,961.25,,,,,,,944.5174347693095,955.8669154260385,0,0,944.6078253170125,,,,,,2931,2705.9,50.765409034173985,47.649856768697866,-11.096329138156605,79.69682803058022,76.64407956101587,64.17284236360558,61.66499723187388,50,70,30,,
1724148000,961.35,964.85,953.45,956.35,,,,,,,944.981456935219,955.8717222377197,0,0,945.077512304332,,,,,,4398,2838.9,43.04662583214226,46.31489931982509,-20.40371613880653,56.175825412383006,69.83564246811842,57.65495801975815,61.18877866556097,50,70,30,,
1724162400,956.35,956.35,947.3,949.85,,947.3,,,,,945.1723801926613,955.8118046035136,0,0,945.2684118121588,,,,,,5005,2958.55,21.74102265580796,38.517685840708076,-23.81548050153127,38.974870947343696,58.282508130102315,50.34942586067429,60.35621269125502,50,70,30,,
1724176800,949.75,952.15,949.55,950,,,,,,,945.3616986164785,955.7539757019861,0,0,945.4576753396724,,,,,,711,2617.9,7.240260638538075,24.00930304216277,-22.952871654056736,7.2829323380379485,34.144542899254894,50.505286551423744,59.52939214281656,50,70,30,,
1724220000,949.5,967.45,949.5,967.05,,,,,,,946.2122202393617,955.8663739537076,0,0,946.3213683260855,,,,,,1219,2416.65,27.32646023868543,18.769247844343827,-20.238589613240563,33.072135595578835,26.443312960320174,64.24475400680505,59.57024307097721,50,70,30,,
1724234400,966.95,973.25,959.1,959.15,973.25,,,,,,946.7195841515436,955.8990468496905,0,0,946.8345135930421,,,,,,4708,2612.1,27.78690881135076,20.784543229524765,-13.301989953489283,47.432864017058755,29.262643983558537,56.428526583226635,59.35263207766376,50,70,30,,
1724248800,959,972.7,956.5,962.55,,,,,,,947.3403847730517,955.965225488002,0,0,947.4631330493204,,,,,,5441,2826.3,33.57701585503151,29.563461635022577,-3.4532546671372017,66.89840827952428,49.13446929738731,58.75433701818824,58.97870913645534,50,70,30,,
1724263200,963.25,970.8,962.7,967.2,,,,,,,948.1191932133241,956.0770142891164,0,0,948.2526077273476,,,,,,1220,2819.3,43.24091707388015,34.86828058008748,-5.776703619196866,61.085418250035026,58.47223018220604,61.76069554579379,59.03233652805482,50,70,30,,
1724277600,966.15,968.7,964.5,964.75,,,,,,,948.7713817147624,956.1633126543989,0,0,948.9125034182537,,,,,,1231,2766.95,44.79833367057781,40.53875553316316,-7.956148929458138,67.86203061035842,65.2819523799726,59.3078376535281,59.256273467271285,50,70,30,,
1724292000,964.85,966.1,961,965.9,,,,,,,949.443092235752,956.2601951155491,0,0,949.5920032815235,,,,,,1518,2574.2,46.75976519159317,44.93300531201705,-7.9357575198121,71.04501724108827,66.6641553671606,60.10869451012963,59.55898084847728,50,70,30,,
1724306400,966.05,966.95,957.45,961.7,,,,,,,949.9237552853303,956.3143225273346,0,0,950.0763231502625,,,,,,2750,2472.1,39.01650949801352,43.52486945339484,-8.860230817512559,57.00834363606535,65.30513049583737,55.790146381619074,59.12717104327411,50,70,30,,
1724320800,961.6,962.8,951.95,956.75,,,,,,,950.1914511564938,956.3186576265651,0,0,950.343270224252,,,,,,4502,2645.2,21.8551571425982,35.8771439440683,-15.348220930926786,37.68755637703807,55.246972418063926,51.12786266676291,58.23886935534248,50,70,30,,
1724335200,956.7,958.25,938.75,945.9,,,,938.75,,,950.0231589542784,956.2149893914749,0,0,950.165539415282,,,,,,6482,2846.7,-4.153187782598081,18.906159619337885,-15.224496789968597,14.670006308431127,36.45530210717821,42.70387527912801,56.68140512755395,50,70,30,,
1724349600,945.8,948,944.6,947.1,,,,,,,949.9085252697969,956.1242929796194,0,0,950.0429178386706,,,,,,953,2808.5,-18.096654875126344,-0.13156183837540306,-11.65435097414354,3.5430477022771,18.633536795915465,43.806636010878236,55.4797056036801,50,70,30,,
1724364000,947.4,951.45,946.2,950.65,,,,,,,949.937602710197,956.0698224027078,0,0,950.0672011251238,,,,,,1043,2741.75,-22.660484175485877,-14.970108944403428,-9.665040545743821,8.520511173560324,8.911188394756214,47.05322524739224,54.25687580966486,50,70,30,,
1724378400,950.75,954.05,949.15,953.25,,,,,,,950.0675006431304,956.0417644683525,0,0,950.1945130801189,,,,,,1244,2628.6,-21.682895804958882,-20.81334495185703,-10.042813650532949,18.90308772501528,10.3222155336176,49.360815491863605,53.664437057672394,50,70,30,,
1724392800,953.15,955,947.35,948.35,,,,,,,950.0001476767331,955.9652294985182,0,0,950.1207325569142,,,,,,2194,2528.55,-28.75751783240065,-24.36696593761513,-13.811989220034278,21.30508489671283,16.24289459842951,45.34939577802938,53.30729205176919,50,70,30,,
1724407200,948.4,948.85,940.9,941.7,,,,,,,949.6746516894103,955.8232869164434,0,0,949.7839032546376,,,,,,3354,2651.45,-40.99442939717051,-30.478281011510017,-19.42738140769299,14.511067902653577,18.23974684146059,40.5348571658037,52.59511852422491,50,70,30,,
1724421600,941.6,962.55,941.35,961.15,,,,,,,950.1246653486492,955.8762890366778,0,0,950.2385471244521,,,,,,8129,3008.35,-21.061319595092325,-30.271088941554495,-18.498120428570857,27.57207626472923,21.12940968803191,55.4367817140425,51.96597764617043,50,70,30,,
1724436000,961,964.6,958.35,958.45,,,,,,,950.4511490604668,955.9018981009895,0,0,950.567005239474,,,,,,1348,3019.05,-10.06448196594333,-24.040076986068723,-22.82119353542292,43.765143376800665,28.61609584806116,53.43492077552519,51.75214865990604,50,70,30,,
1724623200,964.15,964.2,959.15,960.9,,,,,,,950.8609079208406,955.9516304581936,0,0,950.9803250298951,,,,,,1522,2948.6,1.2586037456038923,-9.955732605143922,-20.380718809667414,66.5615405702314,45.96625340392043,55.022086244613185,51.4855593189364,50,70,30,,
1724637600,960.85,961.95,957.85,960.25,,,,,,,951.2291076102194,955.9944003043807,0,0,951.3511120286993,,,,,,1323,2794.85,8.44097735327022,-0.12163362235640444,-20.552393736434894,66.91583787601836,59.08084060768348,54.49141942176029,50.96632531007687,50,70,30,,
1724652000,960.6,969.9,960.25,967.45,,,,,,,951.8652210372696,956.1083863710038,0,0,951.9950675475513,,,,,,2109,2650.05,22.102685278201808,10.600755459025308,-17.015677218945513,78.29987706824497,70.59241850483157,59.18697990847112,50.957692614001374,50,70,30,,
1724666400,967.5,980.25,963.25,969.1,980.25,,,,,,952.5410947220826,956.237656158357,0,0,952.6792648456493,,,,,,4649,2846.95,31.887884717444578,20.810515782972203,-14.345820064363949,88.83681320814755,78.01750938413696,60.20044432325944,50.96424617208208,50,70,30,,
1724680800,969.05,971.05,960.8,961.5,,,,,,,952.8924243408244,956.2900177886221,0,0,953.0320942518233,,,,,,4450,3008.5,28.208597380222354,27.399722458622914,-13.692538647424215,87.28348651915218,84.8067255985149,53.59843393904548,50.80769528332682,50,70,30,,
1724695200,961.45,963,960.1,960.3,,,,,,,953.1829175039293,956.3299181091334,0,0,953.3228104817504,,,,,,1003,2823.25,22.819187135132935,27.63855641093329,-10.250785957963075,76.16470232744666,84.09500068491546,52.617235452283765,50.914079053721174,50,70,30,,
1724709600,960.4,961.1,954.45,956.05,,,,,,,953.2953521116183,956.3271328543161,0,0,953.4318980624804,,,,,,1445,2623.45,10.240969267676064,20.42291792767712,-12.714242606690291,57.59824090765627,73.68214325141837,49.18313241521046,51.37688313486991,50,70,30,,
1724724000,955.95,958.65,953.25,958.65,,,,,,,953.5053383033195,956.3502459602433,0,0,953.6406221399811,,,,,,1469,2635.9,6.015545554780299,13.025233985863101,-16.637935243917,53.670189071089084,62.477710768730674,51.278106036604484,51.91055956527892,50,70,30,,
1724738400,958.8,962.15,954.25,958.5,,,,,,,953.7012073894638,956.3716365477036,0,0,953.8349972543818,,,,,,2562,2702.45,2.1855473325300143,6.147354051662127,-12.378490806268587,51.17792311110764,54.14878436328433,51.14709910666713,52.202979126655705,50,70,30,,
1724752800,958.45,962.05,951.4,954.75,,,,,,,953.7423365114456,956.3555008606618,0,0,953.8715973642065,,,,,,3572,2805.15,-10.083916460489972,-0.6276078577265528,-13.566398355443468,48.91709915263431,51.25507044494368,47.85541555662707,52.09545055985309,50,70,30,,
1724767200,954.7,961.25,952.15,960.35,,,,,,,954.0014605698203,956.3952471207547,0,0,954.1307334696382,,,,,,4408,2888.05,-3.015622761780235,-3.6379972965800653,-5.7611072204359886,51.39391089378733,50.49631105250976,52.74616662359915,52.62379133453665,50,70,30,,
1724781600,960.25,962.75,960.05,960.3,,,,,,,954.2484621161019,956.4341003832347,0,0,954.3775041308527,,,,,,939,2709.9,2.281829897420561,-3.6059031082832167,-8.977396164352484,46.43420750743317,48.91507251795161,52.69864049707728,53.4926330010562,50,70,30,,
1724796000,959.55,961.4,957.5,958,,,,,,,954.3955812488038,956.4496814739489,0,0,954.5224039656185,,,,,,1394,2455.5,-2.25961359795627,-0.9978021541053161,-11.27947622303985,40.96015483477545,46.26275774533199,50.44689911848661,53.13621281565935,50,70,30,,
1724810400,957.9,958.05,947.85,948.15,,,,,,,954.1506564939486,956.3670975786857,0,0,954.2675078069938,,,,,,1702,2492.95,-27.32635344630706,-9.10137904894759,-13.938644187536681,20.16683939986743,35.853733914025355,42.142112519687096,52.32958365452806,50,70,30,,
1724824800,948,949.4,942.9,943.8,,,,,,,953.7447483961467,956.2420518316342,0,0,953.848807494714,,,,,,2774,2579.5,-45.03995400174772,-24.875307015337018,-15.446711382280967,7.03199528241188,22.71966317235159,39.08218887042134,51.191019556371494,50,70,30,,
1724839200,943.85,944.45,931.85,936.65,,,,,,,953.0743661061018,956.0471060422647,0,0,953.1608551949255,,,,,,4887,2761.65,-59.62056379730536,-43.995623748453376,-22.769695961069928,-1.5395092608135503e-14,9.066278227426436,34.63113835226052,49.772428051407225,50,70,30,,
1724853600,936.85,938.45,929.45,930.75,,,,929.45,,,952.1989007686076,955.7953935443317,0,0,952.2644209871285,,,,,,3824,2843.15,-69.60157386915522,-58.08736388940277,-22.275677723045945,-1.5395092608135503e-14,2.343998427470622,31.44832070640446,47.791095251259605,50,70,30,,
1724868000,930.85,936.2,930.85,932.85,,,,,,,951.4401203463093,955.5670811707562,0,0,951.4878441476433,,,,,,1093,2730.1,-71.44992415393692,-66.89068727346584,-16.792613894183916,3.56331363221374,1.1877712107379086,33.781127327031285,45.90400118010045,50,70,30,,
1724882400,933.3,935.65,931.05,935,,,,,,,950.7954097444932,955.3624335969179,0,0,950.8283303817375,,,,,,1385,2392.9,-68.90634549908455,-69.98594784072556,-14.626984440132361,11.058232625469033,4.873848752560925,36.17581972404341,44.65952873617173,50,70,30,,
1724896800,935.1,941.05,933.1,940.65,,,,,,,950.3975505388269,955.2160412228192,0,0,950.421197166468,,,,,,1753,2413.15,-59.998653114539515,-66.78497425585367,-14.046565585522387,27.874015823739768,14.165187360474187,42.10139752656732,43.90839745576341,50,70,30,,
1724911200,940.75,944.45,937.95,941.2,,,,,,,950.0368622824022,955.0765781260747,0,0,950.0523492798093,,,,,,2814,2477.75,-51.657607970649295,-60.18753552809111,-16.11434019418776,42.00031678920475,26.977521746137857,42.65948970719775,43.442422976619646,50,70,30,,
1724925600,941.4,946.85,936.7,941.8,,,,,,,949.7138480752492,954.9444728710888,0,0,949.7222553086169,,,,,,4848,2654,-43.54434470815216,-51.73353526444699,-16.79501320132138,53.19954434195083,41.024625651631794,43.30155946533011,42.87266965010006,50,70,30,,
1724940000,942.05,947.9,939.2,943.05,,,,,,,949.4525206997492,954.8261199071974,0,0,949.4553650962722,,,,,,4226,2759.85,-34.094138765218936,-43.098697148006785,-13.50070239670137,57.249122421011926,50.81632785072251,44.69106226068754,42.41152416110151,50,70,30,,
1724954400,943.15,943.25,938.3,939.1,,,,,,,949.0465394958375,954.6696411021506,0,0,949.0411504924214,,,,,,1221,2588.45,-35.38844382335718,-37.675642432242746,-13.482351764237137,55.035383007463025,55.161349923475264,41.250793412090026,41.93976543649172,50,70,30,,
1724968800,938.2,941.7,937.55,939.1,,,,,,,948.6564791234517,954.5147193001392,0,0,948.6435044727245,,,,,,1010,2416.45,-35.744008658106,-35.0755304155607,-12.976385711881008,51.851326848975496,54.71194409248349,41.250793412090026,41.118667349955345,50,70,30,,
1724983200,938.75,944.6,937.15,943.55,,,,,,,948.4562250401791,954.4056176155607,0,0,948.4397642938155,,,,,,1440,2438.3,-23.20742809920226,-31.4466268602218,-8.814274607868171,57.7092298989341,54.86531325179089,46.61969045097851,40.684456632376865,50,70,30,,
1724997600,943.5,948.4,938.5,939.15,,,948.4,,,,948.0912750386035,954.2538204253561,0,0,948.0681737220629,,,,,,2220,2477.05,-26.4413743962375,-28.46427038451525,-2.0205680392144387,66.53475414815448,58.698436965354695,42.48540741177,40.115778653325684,50,70,30,,
1725012000,939.2,943.9,934.2,934.35,,,,,,,947.5524015076779,954.0557724609247,0,0,947.5194467731803,,,,,,4403,2623.75,-38.90972962817287,-29.519510707870875,0.2039157632871138,66.53966001642989,63.594548021172834,38.47672070949197,39.85396495259746,50,70,30,,
1725026400,934.4,937.85,925.2,926.55,,,,,,,946.7287779191415,953.7820831827065,0,0,946.6806689022532,,,,,,5313,2761.3,-55.63373463358374,-40.3282795526647,-4.511688826608463,43.339303338747946,58.80457250111078,33.02381897086015,39.42122424548595,50,70,30,,
1725040800,926.6,928.45,925.45,925.85,,,,,,,945.9100023144694,953.5041520067592,0,0,945.8474421461631,,,,,,1218,2643.6,-63.52719578206508,-52.69022001460723,-6.759250092006425,21.57759012576692,43.81885116031493,32.5776113540563,39.27454374561422,50,70,30,,
1725228000,926.9,928.35,924.45,925.55,,,,,,,945.1115708511568,953.2260012405228,0,0,945.0355444603166,,,,,,1428,2494.6,-66.52324563290564,-61.894725349518154,-9.408156983604783,6.062593869977671,23.65982911149752,32.37571108464779,39.34078591548875,50,70,30,,
1725242400,925.45,928.35,923.25,926.55,,,,,,,944.3836661118958,952.9605683923584,0,0,944.296122681904,,,,,,1518,2523.55,-65.37705537298247,-65.14249892931774,-8.658452561714839,6.014163479228359,11.218115824990987,33.84743974111072,39.34552251649442,50,70,30,,
1725256800,926.8,930.8,924.75,925.35,,,,,,,943.6372478329979,952.6858363685539,0,0,943.5382777746278,,,,,,2105,2559.1,-64.52195724864247,-65.47408608484353,-3.2248956454443345,4.772162409985051,5.616306586397029,32.92152518588806,39.11307290662618,50,70,30,,
1725271200,925.25,928.2,922.35,926.95,,,,,,,942.9828459571941,952.4297583947374,0,0,942.8747466636427,,,,,,2146,2581.3,-60.2010163593894,-63.366676327004775,-14.087384076952773,12.046176320368255,7.610834069860558,35.45676606719745,38.63845637381405,50,70,30,,
1725285600,926.85,930.65,923.95,928.05,,,,,,,942.3972441549512,952.1871737340932,0,0,942.2817567970969,,,,,,1405,2512.85,-54.10898979195806,-59.610654466663306,-14.03814347517222,19.976822517271348,12.26505374920822,37.21371139665014,38.24947220877493,50,70,30,,
1725300000,928.2,928.7,927.8,928.1,,,,,,,941.8365679135806,951.9475003636047,0,0,941.714486525213,,,,,,74,2272.2,-48.664163691989266,-54.324723281112234,-15.781299644020748,30.280507913562577,20.767835583734065,37.29726323794749,37.820593906819035,50,70,30,,
1725314400,926.7,928.75,922.1,924.35,,,,,,,941.1508201522637,951.672898369937,0,0,941.0199070642045,,,,,,1294,2145.7,-51.791379564886164,-51.52151101627783,-15.724233513534855,26.10784011756458,25.45505684946617,33.67752378367864,37.03391258703268,50,70,30,,
1725328800,924.4,924.95,918.3,919.8,,,,,,,940.3135330874691,951.3557551025744,0,0,940.1711107816363,,,,,,1732,2177.65,-59.81997724625724,-53.42517350104421,-20.076131219060173,14.702716661802322,23.697021564309832,29.887400774167773,36.22224168432395,50,70,30,,
1725343200,920.1,923.15,916.65,916.7,,,,,,,939.3875121820781,951.0109217184693,0,0,939.2322663503709,,,,,,2663,2241.55,-66.68510192592974,-59.43215291235771,-28.886779404040908,3.1013461143852035,14.637300964584037,27.607697504307623,35.247734833768064,50,70,30,,
1725357600,916.55,916.7,906.05,906.25,,,,,,,938.088001900428,950.5655394128129,0,0,937.912975696356,,,,,,5487,2428.25,-78.08322952775951,-68.19610289998217,-29.62506712548877,-1.1842378929335002e-15,5.93468759206251,21.620806572555523,33.462100271023566,50,70,30,,
1725372000,907.2,910.7,900.25,907.85,,,,,,,936.9021979043329,950.1405091698994,0,0,936.7104566685018,,,,,,6514,2613.25,-80.08718060155493,-74.95183735174807,-33.700936263836184,5.429268868115673,2.843538327500292,24.326648987460658,32.16504609785861,50,70,30,,
1725386400,907.95,908.25,905.3,906.5,,,,,,,935.709954849261,949.7062752478108,0,0,935.5020384017618,,,,,,1216,2431.65,-79.86332983034279,-79.3445799865524,-30.99914206669483,9.683022016850634,5.037430294988769,23.58675685466629,31.101477251085345,50,70,30,,
1725400800,906.3,906.9,901.05,904.2,,,,,,,934.4742703453684,949.2534764891261,0,0,934.2499568656913,,,,,,1499,2295.3,-79.21261644076094,-79.72104229088622,-30.979111232267954,11.28133720774895,8.797876030905085,22.340091693397397,30.338353874123722,50,70,30,,
1725415200,904.15,908.15,902.8,906.4,,,,,,,933.3733185671186,948.8270737379905,0,0,933.1359585910636,,,,,,1528,2310.65,-74.61394313458268,-77.89662980189547,-32.476521361462105,16.072293002961306,12.345550742520297,26.349995012688396,29.893524135454587,50,70,30,,
1725429600,906.65,906.8,899.4,903.1,,,,899.4,,,932.1861296037023,948.3720779794036,0,0,931.9345202474211,,,,,,3272,2423.75,-72.82637415197972,-75.55097790910779,-32.14865498958518,17.71088720221461,15.021505804308289,24.321373322414786,29.318214295295085,50,70,30,,
1725444000,903,914.1,901.6,903.9,,,,,,,931.0768696192433,947.9295697408025,0,0,930.8131394375242,,,,,,4049,2554.2,-69.00151647768834,-72.14727792141692,-32.86476393132085,25.207225189024076,19.66346846473333,25.812491430529633,28.74428941596787,50,70,30,,
1725458400,903.85,914.6,903.5,906.6,,,,,,,930.116992379273,947.5183302408941,0,0,929.8446138600233,,,,,,5653,2725.85,-61.66881738616051,-67.83223600527619,-26.777334962086286,34.6882062878098,25.86877289301616,30.7702995552784,28.590630442352893,50,70,30,,
1725472800,906.5,908,904.85,907.7,,,,,,,929.2378946389094,947.1221279499399,0,0,928.9588293056223,,,,,,1136,2562.5,-53.57953568570447,-61.41662318318445,-26.47822602638189,52.69896446470779,37.53146531384723,32.74233324404915,28.39674238355658,50,70,30,,
1725487200,906.4,911.35,905.9,909.35,,,,,,,928.4579772020894,946.7462858807863,0,0,928.1744761333974,,,,,,1257,2359.7,-43.4415100494929,-52.89662104045264,-23.484104316431527,73.79456052129542,53.72724375793768,35.701038990113474,28.288694354518245,50,70,30,,
1725501600,909.25,912.5,908.1,909.95,,,,,,,927.7321741745565,946.3801536829676,0,0,927.4454970880615,,,,,,1715,2384.55,-33.59735549234167,-43.53946707584635,-18.943530585217573,87.42668809251501,71.3067376928394,36.78996408063802,28.252458700424715,50,70,30,,
1725516000,910.05,925.8,909.65,923.05,,,,,,,927.5485595010445,946.1480128503013,0,0,927.2696772045391,,,,,,2782,2452.25,-5.676870030737341,-27.571911857523986,-10.943412031197113,96.85691590096208,86.02605483825751,54.79177612685531,29.76061958208019,50,70,30,,
1725530400,922.95,933.2,922.25,928.55,,,,,,,927.5878316774741,945.9729082448256,0,0,927.3208901163575,,,,,,5185,2635.6,15.55774074348274,-7.905494926532104,-1.254384725975612,100,94.76120133115903,59.949038323475065,31.907879407030713,50,70,30,,
1725544800,928.45,934.75,925.35,927.35,,,,,,,927.5785049450242,945.7876056752253,0,0,927.3220545117032,,,,,,4817,2771.2,26.786409824415394,12.222426845720252,2.176157160178903,98.65895899662526,98.50529163252911,58.38409168127931,34.1061932768144,50,70,30,,
1725559200,927.45,929.3,925.5,927.05,,,,,,,927.5577792609056,945.6011618376609,0,0,927.3111723312351,,,,,,1005,2714.15,33.16732038663592,25.170490318178008,-0.2532683030094063,96.93436111014694,98.53110670225739,57.97662235965931,36.70303726160753,50,70,30,,
1725573600,926.5,930.4,925.75,929,,,,,,,927.6143369369485,945.435976147734,0,0,927.3787254379856,,,,,,1279,2707.85,38.55507644452101,32.83626888519077,-0.700714382158182,96.91387666368492,97.5023989234857,59.93399910627678,39.24641941295154,50,70,30,,
1725588000,929.1,931.45,927.5,930.5,,,,,,,927.727500194323,945.2873594696471,0,0,927.5035764204662,,,,,,1462,2777.25,42.702886399414886,38.14176107685726,-2.024035228254789,98.25491766705964,97.36771848029717,61.42253227466627,41.9489748000944,50,70,30,,
1725602400,930.55,934.5,925.4,932.1,,,,,,,927.8989707749379,945.1561419624865,0,0,927.6874333636475,,,,,,3305,2877.8,46.04103470498714,42.432999182974335,-3.5738567913442267,99.97951555353798,98.38276996142751,63.001523680078726,44.853362799143056,50,70,30,,
1725616800,931.95,938.3,921.9,928.75,,,,,,,927.9323444700384,944.9928967688298,0,0,927.7299360291016,,,,,,8504,3216.4,43.72860768053835,44.15750959498012,-16.81808717892949,95.46857836225418,97.9010038609506,57.67837525793595,47.09110424523217,50,70,30,,
1725631200,928.85,929.15,913.15,918.95,,913.15,,,,,927.5800956672917,944.7337634676475,0,0,927.3787385879375,,,,,,12496,3708.05,28.187139742876198,39.318927376133885,-26.045481661734485,79.92031055884028,91.7894681582108,45.55288378843546,48.607640707090795,50,70,30,,
1725645600,919.05,924.2,916.85,918.25,,,,,,,927.2142095626921,944.4702434331435,0,0,927.01358904442,,,,,,1870,3527.2,15.514898230888548,29.14354855143436,-26.662352341159433,61.17996001498637,78.8562829786936,44.8279606501276,49.96588850849065,50,70,30,,
1725832800,920.25,931.65,919.85,931.55,,,,,,,927.3842405602336,944.3416837969928,0,0,927.1950454826432,,,,,,3224,3362.7,24.329858731917,22.677298901893906,-24.717762666420782,60.60415049600769,67.23480702327811,58.380277590840734,51.93802979674509,50,70,30,,
1725847200,931.6,933.85,926.1,926.45,,,,,,,927.3476036755186,944.1636570925451,0,0,927.1652436633375,,,,,,2603,3432.05,23.16059766043374,21.001784874413087,-24.39722094412535,63.94395306502796,61.90935452534067,53.00372247362159,53.3852718845717,50,70,30,,
1725861600,926.4,941.6,926.4,938.7,,,,,,,927.7927956882434,944.1092923453556,0,0,927.6266339168039,,,,,,3631,3538.65,37.195083663435604,28.228513351928772,-17.293187846182164,81.3741529357638,68.6407521655998,62.04546637482888,55.26701669776566,50,70,30,,
1725876000,938.6,944.35,935.35,942,,,,,,,928.349940955371,944.0883043618197,0,0,928.2015685601318,,,,,,4357,3680.1,47.32937626587046,35.89501919657993,-8.626671570242465,86.48138409248833,77.26649669776003,64.05191059108242,57.21429859136884,50,70,30,,
1725890400,942.1,945.2,933.6,940.75,,,,,,,928.8362177806506,944.0550874029957,0,0,928.7035058177265,,,,,,4105,3721.75,51.11002913853369,45.21149635594657,-11.212102518793799,96.36846270429,88.07466657751404,62.69980570533032,57.77915784697419,50,70,30,,
1725904800,940.65,942.5,940.15,941.3,,,,,,,929.3249935539584,944.0276735979908,0,0,929.2073655850174,,,,,,866,3562.6,52.85144789949517,50.4302844346331,-9.210989722296603,95.99255495968515,92.94746725215448,63.069211946142445,58.00202739145043,50,70,30,,
1725919200,941.35,945.4,941.05,941.95,,,,,,,929.8200918459601,944.0070002288566,0,0,929.7170709616167,,,,,,1317,3345.8,53.44411352544289,52.46853018782391,-6.7012202541157535,95.09689202536192,95.81930322977904,63.52891476946937,58.36951475489258,50,70,30,,
1725933600,941.9,943.2,939.4,943,,,,,,,930.3369509892558,943.9969803260818,0,0,930.248388123152,,,,,,1147,3346.35,53.76041524978751,53.351992224908514,-9.543972369635682,97.41827864795387,96.16924187766699,64.30194029273136,58.821323178683436,50,70,30,,
1725948000,943.05,945.85,936,941.2,,,,,,,930.7629529112457,943.9691496760711,0,0,930.686452598226,,,,,,3365,3451.75,50.71866306819129,52.641063947807226,-10.686672281572442,94.99842050157781,95.83786372496452,61.88053709825345,58.96036160668177,50,70,30,,
1725962400,941.35,948.35,937.45,939.5,,,948.35,,,,931.105582208844,943.9246805250654,0,0,931.038994494297,,,,,,3605,3546.25,45.162823793073656,49.88063403701748,-8.764744488864196,87.90618423826591,93.44096112926586,59.597909017140765,58.83003137400137,50,70,30,,
1725976800,939.45,945.95,936.35,940.3,,,,,,,931.4661476124187,943.8886140521792,0,0,931.4094347145251,,,,,,4345,3624.4,41.81002782548168,45.89717156224887,-12.27229456884487,81.1795019793798,88.02803557307449,60.33933335835386,58.6398749224496,50,70,30,,
1725991200,940.35,943.15,939.9,941.65,,,,,,,931.865514372716,943.8663392854908,0,0,931.8190573259441,,,,,,788,3404.55,41.35953110912846,42.777460909227926,-10.560751094688271,80.73500950362023,83.27356524042197,61.61931626443163,58.92137070862786,50,70,30,,
1726005600,940.35,946.25,939.2,943.65,,,,,,,932.327651063982,943.8641866557844,0,0,932.2922950329063,,,,,,1170,3222.2,44.17398925535368,42.447849396654604,-8.153653661314678,87.36597189528943,83.0934944594298,63.49877382835205,60.20321999719334,50,70,30,,
1726020000,943.55,946.2,941.25,944.9,,,,,,,932.8206843555905,943.8744932562244,0,0,932.79660323159,,,,,,1488,3246.35,47.434962637014294,44.32282766716548,-4.677467533547556,94.09265415417555,87.39787851769506,64.66345901775722,61.62004130916687,50,70,30,,
1726034400,944.95,948.25,934.15,937.7,,,,,,,933.012030067136,943.8130555123813,0,0,932.9927391023264,,,,,,2923,3328.55,32.312228090348015,41.307059994238664,-2.6338016667200748,68.13214879488805,83.19692494811767,53.979399170222884,61.30569285055132,50,70,30,,
1726048800,937.8,943.1,929.35,939.4,,929.35,,,,,933.2625386919542,943.7691445122581,0,0,933.2490295382333,,,,,,7480,3629.45,24.50666497656452,34.751285234642275,-3.530994720862722,41.95877741969017,68.06119345625125,55.83488586742899,61.50791880725184,50,70,30,,
1726063200,939.35,955.95,933.95,953.8,,,,,,,934.0679293314854,943.8689540195988,0,0,934.071068356704,,,,,,7387,3833.55,44.825249086763804,33.881380717892114,1.4909330372704943,41.95877741969017,50.683234544756125,67.7106810662865,61.91257699949881,50,70,30,,
1726077600,953.75,954.15,950.75,952.6,,,,,,,934.7946772008389,943.9558300990058,0,0,934.8122256224359,,,,,,1405,3478.6,53.03964622907023,40.790520097466185,3.7634093868215075,68.62474250105423,50.847432446811524,66.11521276674972,62.05995572633219,50,70,30,,
1726092000,949.9,957.9,949.9,954.7,,,,,,,935.5752780949236,944.0627372621998,0,0,935.6077365975385,,,,,,1286,2918.1,58.862019864555506,52.242305060129844,3.6559780863615856,95.79455116450863,68.79269036175101,67.55596274250105,62.40682408613011,50,70,30,,
1726106400,954.95,960.25,953.85,959.15,,,,,,,936.499776993162,944.2128592794913,0,0,936.549427133637,,,,,,1519,2900.55,65.15600315650785,59.01922308337786,7.664580990843305,95.79455116450863,86.73794827669049,70.42558914490317,62.932279600327306,50,70,30,,
1726120800,959.2,960.95,951.25,953.7,,,,,,,937.1742955424497,944.3072586896457,0,0,937.2354500482915,,,,,,2852,2881.95,61.17430058950252,61.7307745368553,2.101268349379353,84.82002852919489,92.1363769527374,63.06822500767027,62.899373188770234,50,70,30,,
1726135200,953.8,967.55,951.2,962.95,,,,,,,938.1851074819615,944.4927586031815,0,0,938.2640320463598,,,,,,5741,3038.85,67.13446786331433,64.48825720310823,2.4954846967746818,82.32168254152792,87.64542074507715,68.98967417605326,63.234211323293216,50,70,30,,
1726149600,962.7,979.05,961.9,978.85,,,,,,,939.7798091493355,944.8346217016573,0,0,939.8874707645055,,,,,,5042,3109.4,79.05809093178618,69.12228646153434,7.251515478964151,82.32168254152792,83.1544645374169,76.08709098772597,64.24896517254125,50,70,30,,
1726164000,978.8,979.85,977.35,979.7,,,,,,,941.3453068297537,945.1815408887055,0,0,941.4799719339252,,,,,,1401,2961.6,82.84870539111198,76.34708806207082,7.408479785300827,97.14115449462366,87.26150652589315,76.39808194732558,65.44897752469731,50,70,30,,
1726178400,978.95,987.45,978.8,986.95,,,,,,,943.1337261697633,945.5971474470268,0,0,943.2987730565682,,,,,,1842,2848.45,85.7915878817899,82.56612806822936,7.587744254649451,100,93.15427901205051,78.91667613802525,66.77593058038813,50,70,30,,
1726192800,986.8,987.35,982.95,983,,,,,,,944.6971094572236,945.9693151341211,0,0,944.8868221343055,,,,,,1886,2899.45,82.6722767037347,83.77085665887886,7.03802451206019,93.90780408754752,97.0163195273904,74.26671940606745,67.67931651907641,50,70,30,,
1726207200,983.45,994,980.7,992,,,,,,,946.5521247726266,946.4273318989557,0,0,946.7713492489332,,,,,,3073,2987.25,82.87451246475392,83.7794590167595,5.762605617598794,92.11781246110445,95.34187218288399,77.51728529369136,68.68063876660064,50,70,30,,
1726221600,992.05,1002.7,982.15,992.85,,,,,,,948.3677277227197,946.8892489944884,0,0,948.6144952789759,,,,,,5968,3228.3,80.84657982418165,82.13112299755676,6.872930241821891,90.70511454298729,92.2435770305464,77.80247216374593,69.61913970559984,50,70,30,,
1726236000,992.95,1003.35,992.85,999.25,,,,,,,950.3631109492796,947.4102514920556,0,0,950.6399154678169,,,,,,6039,3362,80.28223636113388,81.33444288335649,11.951599231192105,96.79731045543974,93.20674581984383,79.87267356910954,71.4686593055203,50,70,30,,
1726250400,999.2,1000.15,990.95,991.85,,,,,,,951.9900477747981,947.8524380443735,0,0,952.2883188491043,,,,,,1327,3248.1,73.79516004281999,78.3079920760452,9.849454228112577,82.38651939256293,89.96298146366331,71.56216005792572,72.59203603341292,50,70,30,,
1726437600,996.9,998.6,993.5,995,,,,,,,953.6767125679432,948.3215680140812,0,0,953.9967860951401,,,,,,1370,3099.35,69.61489340379524,74.56409660258306,9.838988923322887,70.13830368983191,83.10737784594487,72.85681479741368,72.95961701420772,50,70,30,,
1726452000,995.1,1003.35,995,1003.25,,,,,,,955.6207630554749,948.8681195761302,0,0,955.9669146513345,,,,,,1405,3130.2,69.99046997629372,71.13350780763635,8.698394100122258,62.53179220004434,71.68553842747973,75.9455512077952,73.66178404571097,50,70,30,,
1726466400,1003.35,1003.35,986.9,988.7,1003.35,,,,,,956.9179880336916,949.2644566947756,0,0,957.2762380652811,,,,,,3364,3239.9,58.281832846693206,65.96239874226075,13.215161198549424,45.399241556030894,59.35644581530238,62.44857969584615,73.29697097094991,50,70,30,,
1726480800,988.8,995.05,985.2,994.7,,,,,,,958.3996355617821,949.7165516530365,0,0,958.7731885426698,,,,,,4672,3399.1,53.9982814541183,60.75686142570177,20.878858873445537,31.011925123650062,46.3143196265751,65.19547814939014,72.92339161412755,50,70,30,,
1726495200,994.6,995.2,981.5,984.95,,,,,,,959.4408263240651,950.0671332286282,0,0,959.820261000963,,,,,,4906,3498.25,39.87023794746488,50.716784082758814,17.2245142687827,5.285103280104323,27.232089986595096,57.796740435516654,72.54685700183087,50,70,30,,
1726509600,984.9,986.15,984.35,985.2,,,,,,,960.4509899976313,950.4167139925224,0,0,960.8354505609245,,,,,,710,3159.75,28.76827770308695,40.878932368223396,14.403795260779404,5.486040429420927,13.927689611058439,57.928580497584576,71.75677888194025,50,70,30,,
1726524000,985.35,989.8,983.7,988.8,,,,,,,961.5627158800771,950.7986372363779,0,0,961.9540325384876,,,,,,1391,2859.95,24.569029682570072,31.069181777707318,13.664418116099498,3.3602223707988244,4.710455360108027,59.872552964210016,70.59859759454625,50,70,30,,
1726538400,988.85,989.9,984.3,988.3,,,,,,,962.6112368259564,951.1717851245731,0,0,963.0078712369481,,,,,,1469,2863.15,20.12644765315759,24.487918346271556,12.22153624463516,5.890087077566022,4.912116625928591,59.46160037150727,69.38884891055923,50,70,30,,
1726552800,988.15,991.45,977.55,980,,,,,,,963.2931491072915,951.4586330337813,0,0,963.6875563874702,,,,,,3621,2979.9,3.1364990657386187,15.943992133822116,5.082340015182282,5.6891499282494165,4.979819792204754,52.96287384368885,67.5350058895352,50,70,30,,
1726567200,980.1,984.7,978.95,980.45,,,,,,,963.9659667893585,951.747104346878,0,0,964.3580541319714,,,,,,4993,3153.6,-7.707283317126198,5.185221133923357,4.020592758187675,2.903710222861264,4.827649076225567,53.261129702757025,66.03460662501303,50,70,30,,
1726581600,980.55,984.9,976.95,981.75,,,,,,,964.6633798564425,952.0456406220335,0,0,965.0537319666925,,,,,,4258,3223.9,-13.248374181186408,-5.939719477524643,-0.8054359027610616,1.8800767490132764,3.4909789667079854,54.16531609509937,64.3666088251136,50,70,30,,
1726596000,981.65,984.8,981.45,984.8,,,,,,,965.4530512346212,952.3715546456948,0,0,965.8435826880248,,,,,,1269,3000.3,-11.264176079861304,-10.739944526057949,-0.8002676229529442,6.056041975273349,3.613276315715962,56.30125999089585,62.83080795562431,50,70,30,,
1726610400,982.35,985.1,979.55,982,,,,,,,966.1019511862047,952.6663650472302,0,0,966.4898393805038,,,,,,1798,2838.1,-16.22843114691159,-13.580327135986435,-1.4779956004240091,6.911674351714404,4.949264358667009,53.821583924311575,60.97001583813874,50,70,30,,
1726624800,982.1,982.3,976.15,977.4,,,,,,,966.5450119240006,952.9124708676558,0,0,966.9262458052837,,,,,,1523,2844.2,-28.302533081039975,-18.598380102604292,0.11367442728005983,5.405443118795194,6.124386481927648,49.93086041029735,59.42492300616528,50,70,30,,
1726639200,977.35,985.95,974.85,977.45,,,,,,,966.9726585152163,953.1566253863856,0,0,967.3471959730723,,,,,,3017,2902.95,-35.2143917427883,-26.581785323579954,-0.23827219630979357,1.284230191933925,4.53378255414784,49.97319287323862,57.79037858300992,50,70,30,,
1726653600,977.55,981.95,966.1,970.4,,,,,,,967.1070640636392,953.3282012531878,0,0,967.4693081341494,,,,,,3688,2993.05,-48.53787643392105,-37.35160041924978,0.21386222482722417,0.054752299398805736,2.2481418700426405,44.28744229729741,55.52908508940294,50,70,30,,
1726668000,970.5,973.9,963.65,963.65,,,,,,,966.9714929238886,953.4309057183302,0,0,967.3165358087834,,,,,,3703,3024.55,-61.0063174448931,-48.25286187386749,-3.880073966385382,0.054752299398805736,0.4645782635771776,39.63741627985677,53.89971627397512,50,70,30,,
1726682400,963.6,985.85,963.5,970.4,,963.5,,,,,967.1059441817753,953.5997524276006,0,0,967.4398743764322,,,,,,12759,3364.1,-59.51846540589229,-56.35421976156882,5.054173546179953,10.127586741255328,3.412363780017646,45.769436570791186,52.51214187550378,50,70,30,,
1726696800,967.75,971.9,963.55,967.2,,,,,,,967.109632645235,953.7350782740922,0,0,967.4302794013748,,,,,,3114,3217.85,-60.86722671324247,-60.464003188009286,1.3448738579644726,16.524349600448254,8.90222954703413,43.51269102344082,51.49185263178407,50,70,30,,
1726711200,967.1,981,966.65,981,,,,,,,967.6543529336572,954.0063710275838,0,0,967.9730682253198,,,,,,3195,3311.25,-41.59989256153966,-53.99519489355814,5.997151323439766,40.153611483678766,22.268515941794117,54.037701925919016,51.21393273380796,50,70,30,,
1726725600,981.05,992.9,980.55,986.35,,,,,,,968.3875155637098,954.3281981815381,0,0,968.708145496307,,,,,,4665,3476,-21.437755540377193,-41.30162493838644,15.69881370068471,59.62798265868312,38.76864791427005,57.35510396774571,51.03411494834622,50,70,30,,
1726740000,986.5,993.5,981.55,983.4,,,,,,,968.9762404435644,954.6174698414234,0,0,969.2958196764547,,,,,,6398,3725.65,-10.288404524140777,-24.44201754201921,4.924918606034055,82.16342301953387,60.64833905396525,54.997909193195184,50.715279864181085,50,70,30,,
1726754400,983.5,992.35,981.35,988.05,,,,,,,969.724231014405,954.950131833051,0,0,970.0459868893965,,,,,,5386,3826.75,3.1060600508075016,-9.54003333790349,7.714990035025437,91.8674944696367,77.88630004928456,57.93274110615532,51.07027038292868,50,70,30,,
1726768800,988.5,989,985.05,985.75,,,,,,,970.3526925432518,955.256598182971,0,0,970.6741474138207,,,,,,1389,3662.6,9.731153291559835,0.8496029394088515,5.634415323213744,92.08445539616991,88.70512429511348,55.98781274571316,51.26503345742555,50,70,30,,
1726783200,980.4,986.1,980.4,984.7,,,,,,,970.9153320513595,955.5495673552797,0,0,971.2351815172678,,,,,,1444,3489.5,13.078242933244065,8.638485425203799,3.3559948104484647,91.3249286663232,91.75895951070993,55.07871727251543,51.33027639866956,50,70,30,,
1726797600,984.75,989.4,984.3,987.7,,,,,,,971.5735543238552,955.8694721577148,0,0,971.8937742565771,,,,,,1790,3543.5,19.79197756025659,14.200457928353496,7.019474413803309,90.02295750648913,91.14411385632741,57.216243942677956,51.39563239522543,50,70,30,,
1726812000,988.2,990.85,985.05,987.8,,,,,,,972.2098855268413,956.1871888526629,0,0,972.530023286314,,,,,,3154,3631.65,24.346743153488553,19.07232121566307,5.412121573740379,92.36695102564038,91.2382790661509,57.28919986114332,51.64331924785626,50,70,30,,
1726826400,987.85,995.2,978.15,980.4,,,995.2,,,,972.531066486573,956.4281123466662,0,0,972.8448223548614,,,,,,4979,3807.15,13.793524185663038,19.31074829980273,-2.599865881292885,83.92094321835089,88.77028391682681,50.435371181917276,51.6793557315434,50,70,30,,
1726840800,980.3,980.75,972.55,976.5,,,,,,,972.68671093808,956.6278326218238,0,0,972.9910294606669,,,,,,6158,3934,-0.3100216592016345,12.610081893316652,-8.612221238088381,65.7596899575794,80.68252806719022,47.22849518793844,51.483305896879095,50,70,30,,
1726855200,976.6,979.35,972.15,972.25,,,,,,,972.6695850189395,956.7832770733479,0,0,972.9613882822403,,,,,,1273,3748,-15.259518202241024,-0.5920052252598733,-11.03483389946804,41.454727271295354,63.71178681574188,43.949014395660065,51.45913247533358,50,70,30,,
1727042400,972.95,977,969.95,973,,,,,,,972.6825424691772,956.9446375004787,0,0,972.9629327509506,,,,,,3165,3693.35,-23.635580564327903,-13.068373475256854,-14.7528517047066,24.363405766042494,43.859274331639085,44.679055953003804,51.819249594844074,50,70,30,,
1727056800,973.05,973.1,968.45,970.15,,,,,,,972.583227078229,957.076034142265,0,0,972.8504154409126,,,,,,3407,3800.25,-32.26777355048293,-23.720957439017283,-19.710981056627062,10.49329685331472,25.43714329688419,42.41814092864205,51.57987133469057,50,70,30,,
1727071200,970.7,970.7,952.1,954.95,,,,952.1,,,971.891727977122,957.0548795736853,0,0,972.1343988232761,,,,,,5091,3964.9,-49.67086971272883,-35.191407942513216,-28.35170888251743,2.6353471776545945,12.497349932337272,32.86583311478326,50.81938148407217,50,70,30,,
1727085600,955,966.9,954.65,964,,,,,,,971.5822484486074,957.123985249569,0,0,971.8090228703451,,,,,,4545,4116,-50.99730237573651,-44.311981879649416,-29.84963025398075,11.372924877726838,8.167189636232054,41.336444097400864,49.91214878203516,50,70,30,,
1727100000,963.9,969.9,956.8,959.65,,,,,,,971.1143171368973,957.1491197246977,0,0,971.3226619555313,,,,,,5485,4239.4,-54.55759890863854,-51.741923665701286,-24.208770870769982,19.35544646446219,11.121239506614543,38.80217589591682,48.58693963404738,50,70,30,,
1727114400,959.55,959.65,957.1,957.9,,,,,,,970.5961086217249,957.1565911702231,0,0,970.7857554773101,,,,,,1019,4105.95,-56.935308025264135,-54.16340310321306,-26.073268945840567,25.991955233176572,18.90677552512187,37.79819827145571,47.35838885392314,50,70,30,,
1727128800,958.15,962.6,956.5,961.9,,,,,,,970.2550847542062,957.2037892680319,0,0,970.4303252582176,,,,,,1753,4008.45,-53.33836922344935,-54.94375871911734,-25.772540830003692,26.5425543211181,23.963318672918955,41.52264930273811,46.18623943939333,50,70,30,,
1727143200,961.8,969.6,961.3,962.3,,,,,,,969.9431206461982,957.2544978325291,0,0,970.1051122478889,,,,,,2328,3486.9,-49.35109093148999,-53.20825606006782,-21.585741184536005,30.99637045824832,27.84362667084767,41.89731179136681,45.179775085511444,50,70,30,,
1727157600,962.25,972.15,960.75,968.65,,,,,,,969.8924100326218,957.3678859137974,0,0,970.0469077579734,,,,,,2862,3474.3,-36.322128810727705,-46.33719632188902,-15.95348474044529,44.61506303442284,34.05132927126309,47.6332749896491,44.64795777959243,50,70,30,,
1727172000,968.55,978.15,967.7,977.15,,,,,,,970.1770214038916,957.564722869879,0,0,970.3310314476545,,,,,,3004,3464.75,-15.914211074391492,-33.862476938869726,-9.852748944734032,61.77000766899554,45.79381372055557,54.157228789831386,44.429456697246245,50,70,30,,
1727186400,977.1,988.25,974.35,986.55,,,,,,,970.8190989958958,957.8531335875916,0,0,970.9797901897483,,,,,,4120,3437.5,5.446787582544861,-15.596517434191446,-6.007178086863135,82.6670032784633,63.01735799396056,60.08017398058127,44.628811991491816,50,70,30,,
1727200800,986.65,990.2,986.25,989.1,,,,,,,971.5359970744881,958.1640476812474,0,0,971.7045985821584,,,,,,703,3152.75,20.079377618637615,3.203984708930328,-6.521362858990344,95.74513526690772,80.06071540478887,61.532157510593215,45.42143958639724,50,70,30,,
1727215200,987.95,991.4,985.7,987.8,,,,,,,972.1738011107827,958.4589327789465,0,0,972.3484146388721,,,,,,1516,2959.25,28.005280175274958,17.84381512548581,-8.857072624705111,98.62439703030611,92.34551185855905,60.32746562144511,46.357080331647715,50,70,30,,
1727229600,987.7,989.3,981.9,982.7,,,,,,,972.5865932240854,958.7001374279122,0,0,972.7624780533172,,,,,,1306,2955.1,28.632361609348884,25.572339801087153,-7.131967798376451,91.96234529492375,95.44395919737921,55.71868330901926,47.19777096831623,50,70,30,,
1727244000,982.75,986.2,978.3,982.35,,,,,,,972.9694719211801,958.9354594435548,0,0,973.1459789311845,,,,,,2193,2992.55,28.368594326862095,28.335412037161976,-4.970550048687912,84.94010837056555,91.84228356526513,55.4058526504301,47.96397073241811,50,70,30,,
1727258400,982.45,997.85,982.35,990.8,,,,,,,973.6687083164279,959.252519548594,0,0,973.8521397739371,,,,,,3258,3065.95,36.249293870706445,31.083416602305807,1.1867170144467707,85.80920570275117,87.57055312274683,61.08632053886559,49.29741213314837,50,70,30,,
1727272800,990.9,997.65,986,992.45,,,,,,,974.405229558921,959.5828427371653,0,0,974.5960541829796,,,,,,3930,3104.75,41.954718155297755,35.524202117622096,3.214923048745618,92.47125743813353,87.74019050381675,62.10149399398631,51.38567362452002,50,70,30,,
1727287200,992.4,993.25,988.3,989.35,,,,,,,974.9912989879829,959.8790333566959,0,0,975.1862120156604,,,,,,667,2889.15,41.826604846652664,40.01020562421895,4.17765576397268,95.28011588393424,91.18685967493964,58.98789085086795,52.646491249767664,50,70,30,,
1727301600,988.15,999.6,988.15,998.4,,,,,,,975.909287262964,960.2623265571268,0,0,976.1147635350341,,,,,,1034,2632.95,49.43119742099072,44.4041734743137,6.280306664720015,95.78662152144251,94.51266494783675,64.57228340496843,54.487213214699885,50,70,30,,
1727316000,998.45,1002.8,993.75,1002.5,,,,,,,976.9520603114752,960.6826019147674,0,0,977.1701729936327,,,,,,1415,2640.05,55.89546135460311,49.05108787408216,5.216944397767961,95.78662152144251,95.61778630893976,66.77923793947892,56.55728747670155,50,70,30,,
1727330400,1002.45,1013,999.45,1010.6,,,,,,,978.271587358084,961.1792924429786,0,0,978.5073660738874,,,,,,3574,2660.5,63.483613625102606,56.27009080023214,11.187589783059778,100,97.191081014295,70.66694368193926,58.639022789501624,50,70,30,,
1727344800,1010.7,1016.45,998.65,1008.9,,,,,,,979.4727015793356,961.6541253539938,0,0,979.7230714309319,,,,,,9119,2946.1,65.00045443869652,61.45984313946741,20.11264565966046,97.40946238952436,97.73202797032229,68.8459404435157,60.56392483608369,50,70,30,,
1727359200,1008.6,1016.05,999.75,1008.4,,,,,,,980.6071054389696,962.1192584350486,0,0,980.8701485736946,,,,,,5656,2974.35,63.91482325582184,64.13296377320698,16.02747717242687,92.67174927234919,96.69373722062453,68.28856457796223,62.039302663820344,50,70,30,,
1727373600,1008.5,1010.5,1005.95,1009.4,,,,,,,981.73623855901,962.5897135749983,0,0,982.0113426307468,,,,,,556,2774.9,62.40344405952746,63.772907251348606,19.591516923979242,88.72452139143559,92.93524435110305,68.83205595437681,63.08750460414502,50,70,30,,
1727388000,1009.1,1009.5,1000.25,1001.65,,,,,,,982.5171703802253,962.9783731414162,0,0,982.7968889255169,,,,,,1261,2563.7,52.85334047560729,59.7238692636522,16.24242677764495,68.6496457893355,83.34863881770674,60.21831613123496,63.09737190062028,50,70,30,,
1727402400,1001.75,1004.3,994.65,997.3,,,,,,,983.0968891888439,963.3198818663773,0,0,983.3770133684963,,,,,,1762,2600.85,39.55416510877363,51.60364988130279,11.203339185440413,41.43148402089939,66.26855040055682,55.983511480734,62.701040041344626,50,70,30,,
1727416800,997.55,1009.7,996.8,1007.8,,,,,,,984.0656386324187,963.7624701065129,0,0,984.3539328337564,,,,,,3301,2678.25,42.226878845812735,44.878128143397895,20.605084914726106,28.30159133539932,46.12757371521139,62.786371270184624,62.87667615911174,50,70,30,,
1727431200,1007.9,1018,1005.75,1011.8,1018,,,,,,985.1532606468336,964.2404554785874,0,0,985.4517755204062,,,,,,3802,2751.95,47.31732185630162,43.032788603629335,19.7478128180301,38.72442339740859,36.15249958456909,65.00525399155781,63.540002636435915,50,70,30,,
1727445600,1011.75,1012.3,1002.35,1004.3,,,,,,,985.9041131704872,964.6390579116362,0,0,986.20570449959,,,,,,4284,2823.05,40.35453530975736,43.29957867062391,16.24215505193638,42.00022891233699,36.342081215048296,58.01980180800202,63.726713290548204,50,70,30,,
1727460000,1004.2,1005,994.9,1000.25,,,,,,,986.466696967723,964.9933956438588,0,0,986.7674763196063,,,,,,763,2711,27.800153821596755,38.49067032921858,16.97192344934406,25.74401614541735,35.48955615172097,54.607282831115896,63.26392488285179,50,70,30,,
1727647200,1006.3,1007.5,997,998.45,,,,,,,986.9366304199692,965.3262971797408,0,0,987.2347772668221,,,,,,2335,2621.75,15.136972477257991,27.763887202870706,17.30049061657286,4.65326396265048,24.1325030068016,53.11209942635004,62.62182527087778,50,70,30,,
1727661600,998.35,1001,994.3,997.9,,,,,,,987.3665664819312,965.6504136257136,0,0,987.6613861761492,,,,,,1737,2673.45,4.749028111548082,15.895384803467616,13.172894620597901,3.552713678800501e-15,10.132426702689267,52.63783907296009,62.16825014388436,50,70,30,,
1727676000,997.85,999.35,987.65,988.3,,,,,,,987.4031717179339,965.8757826443632,0,0,987.6869307291032,,,,,,2647,2730,-14.780462348803084,1.7018460800010047,15.708001614062084,3.552713678800501e-15,1.551087987550152,45.07250255524241,60.77540865461822,50,70,30,,
1727690400,988.2,988.55,975,976.5,,,,,,,986.9755963564463,965.981496249892,0,0,987.239453499939,,,,,,3862,2857.8,-34.927597062914074,-14.986343766723017,18.289623878797627,3.552713678800501e-15,-9.177843670234628e-15,37.86808327211703,58.710326178378075,50,70,30,,
1727704800,976.45,979.75,970.05,978.75,,970.05,,,,,986.6530239503112,966.1085460384503,0,0,986.8998753599415,,,,,,3451,2920.7,-43.73374356431678,-31.147267658677972,15.849923147797156,2.1646767560054165,0.7215589186684618,39.84260326870608,56.508587577432856,50,70,30,,
1727719200,978.65,980.2,973.25,979.75,,,,,,,986.3823171287304,966.2442818987643,0,0,986.6138803455437,,,,,,1702,2842.9,-47.40518753900746,-42.022176055412764,20.724571726346625,5.3162245199951625,2.493633758666848,40.74392906641768,54.501301050497275,50,70,30,,
1727733600,979.65,986.2,978.35,986.2,,,,,,,986.3751674374076,966.4428462579805,0,0,986.597325131722,,,,,,831,2687.95,-43.0427372517817,-44.7272227850353,25.481236074348217,14.550066772816967,7.343656016272502,46.32956098440732,52.93280079381479,50,70,30,,
1727748000,986.1,986.25,981.4,984.25,,,,,,,986.2918275379014,966.6200318673538,0,0,986.503432126453,,,,,,898,2699.5,-41.4114090149841,-43.95311126859108,32.733011330028546,21.18525397652353,13.683848423111874,44.95003749381442,51.22694233234605,50,70,30,,
1727762400,984.2,986.15,977.05,980.4,,,,,,,986.0607754775916,966.7571459781263,0,0,986.2592948413949,,,,,,2805,2788.05,-43.9468848996914,-42.8003437221524,26.042396132150245,23.511130654928206,19.74881713475622,42.273635671617036,49.94517944237334,50,70,30,,
1727776800,980.5,1000.85,976.15,993.8,,,,,,,986.3642744784704,967.0262291027221,0,0,986.560923047739,,,,,,5260,2980.3,-27.526545874575675,-37.628279929750384,26.109658742975753,32.735868300420016,25.81075097729057,52.806216619827495,49.71822980945144,50,70,30,,
1727791200,993.85,999.05,985.95,988.25,,,,,,,986.4382244989225,967.237410902695,0,0,986.6284861258295,,,,,,6601,3131.65,-22.39188502007693,-31.288438598114656,31.351137812299868,37.50785112319155,31.25161669284658,48.83211470917808,48.72149719795097,50,70,30,,
1727805600,988.35,992.65,987.25,991.8,,,,,,,986.6484902048471,967.48181477431,0,0,986.8353466807963,,,,,,766,2714,-12.200909295367044,-20.706446730006537,29.35127239710826,54.369968815258936,41.537896079623486,51.35397685247527,47.746405973730795,50,70,30,,
1727820000,991.2,995.9,988.4,994.7,,,,,,,986.9642356870099,967.7526424879985,0,0,987.1499328135644,,,,,,851,2473.75,-0.05706955773441358,-11.549954624392784,28.52886952200518,66.7310810751227,52.86963367119105,53.37556099113099,47.41467448681143,50,70,30,,
1727834400,994.8,997.1,984.2,986.2,,,,,,,986.9342656600684,967.9361982841378,0,0,987.1119355010219,,,,,,1430,2517.45,-6.652625988145354,-6.30353494708226,24.803679669525366,73.23285453919009,64.77796814319056,47.18595707275001,46.88457978978529,50,70,30,,
1727848800,986.1,998.95,984.8,995,,,,,,,987.2505689675166,968.2054898434997,0,0,987.4274580809811,,,,,,2091,2558.95,5.068716578856179,-0.5469929890078529,24.284562973675776,83.90003693895142,74.6213241844214,53.23257212849494,46.89318498279565,50,70,30,,
1727863200,995.1,1013.3,992.1,1010.95,,,1013.3,,,,988.1799584197709,968.6308083525196,0,0,988.3683597577418,,,,,,3385,2640.1,28.75186777646028,9.05598612239038,23.917632531861386,86.41367811410736,81.18218986408294,61.77486783614458,47.545829894451686,50,70,30,,
1727877600,1011.05,1011.35,998.5,1005.85,,,,,,,988.8729012268386,969.0011485679174,0,0,989.0676253674321,,,,,,3022,2626.15,37.05176483918131,23.624116398165935,19.337673532983487,94.64772661680907,88.3204805566226,58.11937273144087,48.47774919275157,50,70,30,,
1727892000,1006,1008.7,1003.25,1007.5,,,,,,,989.6033756885312,969.3842217164954,0,0,989.8049203527348,,,,,,430,2457.55,42.96673330850666,36.25678864138276,21.61988091539159,90.76186087870157,90.607755203206,58.9653974736596,49.98470020714746,50,70,30,,
1727906400,1008.15,1009.95,997.75,1000.5,,,,,,,990.030694288981,969.6938314506597,0,0,990.2327235386255,,,,,,966,2291.65,38.47417735290052,39.49755850019617,22.03018128143468,78.5131909762694,87.97425949059334,53.983133270879236,50.99473806444555,50,70,30,,
1727920800,1000.4,1000.7,994.6,996.5,,,,,,,990.2843925521581,969.9605594959268,0,0,990.4834145970805,,,,,,1220,2314.5,28.567629746886993,36.6695134694314,23.27980232180714,65.75141475399282,78.34215553632124,51.31492423721866,51.74980914807419,50,70,30,,
1727935200,996.55,999,987.05,987.15,,,,,,,990.1614751971715,970.1315987049226,0,0,990.3500780131973,,,,,,2195,2307.5,9.100970404128233,25.38092583463859,17.982377430765013,42.389517424989165,62.21804105175045,45.63670280444925,51.700319278077195,50,70,30,,
1727949600,987.25,988.85,978.6,985.5,,978.6,,,,,989.9786722482628,970.284518120794,0,0,990.1560748926694,,,,,,3454,2393.35,-5.499071704236577,10.723176148926228,10.429127342904977,25.435472778759635,44.5254683192472,44.69675943896839,51.682227988445334,50,70,30,,
1727964000,983.25,995.15,982,993.2,,,,,,,990.1049988267623,970.5125328658607,0,0,990.2778318969627,,,,,,4130,2467.5,-6.099604439092073,-0.8325685797334629,14.649486383895933,20.10377344294989,29.30958788223288,49.88420460449607,52.22584005507955,50,70,30,,
1727978400,993.05,995.5,992.65,993.1,,,,,,,990.2224498531638,970.7372837826183,0,0,990.3907186210841,,,,,,446,2296.7,-6.742211773728621,-6.113629305685745,14.190620192790888,24.430684203705223,23.323310141804907,49.81884783514296,52.01245657045922,50,70,30,,
1727992800,993.35,998.9,991.9,998,,,,,,,990.5274518197064,971.0085545907515,0,0,990.6950898762408,,,,,,820,2165.15,2.229264938688398,-3.53751709137742,13.741786183769563,36.733600317206815,27.08935265462063,53.06385531342462,52.31472375647683,50,70,30,,
1728007200,998.1,1004.1,997.35,1003.45,,,,,,,991.034218415012,971.3313550425848,0,0,991.2052862811912,,,,,,1025,2131.3,16.695992203953306,4.06101512297104,11.666519019746943,49.523275072197436,36.89585319770315,56.43803092074731,52.67787047563912,50,70,30,,
1728021600,1003.5,1007.25,999.5,1001.05,,,1007.25,,,,991.4269941634429,971.6270629526089,0,0,991.5990748299436,,,,,,1648,2172.15,22.32950106234458,13.751586068328772,4.7117484940572325,58.82031929596425,48.35906489512282,54.57734904467533,52.76371247946371,50,70,30,,
1728036000,1000.95,1004.6,988.15,995.05,,,,,,,991.5690728237,971.8601270028316,0,0,991.7371118367458,,,,,,4493,2351.9,14.301557299786024,17.775683522027983,-7.090284589240895,53.069669838195445,53.80442140211903,50.12791656244512,52.97385244301337,50,70,30,,
1728050400,994.9,1006.5,988.05,989.9,,,,,,,991.5036189874764,972.039628226684,0,0,991.663627363276,,,,,,4619,2442.6,-0.9641214447432329,11.88897897246247,-12.916716611519561,33.84051546474115,48.57683486630027,46.615069955240294,52.50117371635232,50,70,30,,
1728064800,990,991.75,982.7,983.85,,,,,,,991.2034770663989,972.157144363732,0,0,991.3510822687449,,,,,,645,2211.85,-18.59981815221395,-1.7541274323903864,-12.231968213974895,14.457599013107034,33.7892614386812,42.81888218209194,51.14717474106285,50,70,30,,
1728252000,987.55,993.9,987,991.35,,,,,,,991.2092230637951,972.348118051655,0,0,991.3510389779951,,,,,,1248,1944.2,-18.97178535030355,-12.84524164908691,-8.831426401544519,15.426679055211688,21.241597844353283,48.42603554145402,50.45479351320665,50,70,30,,
1728266400,991.25,992.35,979.25,979.45,,,,,,,990.7480770612933,972.4187835436783,0,0,990.8749974188753,,,,,,1275,1969.65,-34.9278984894615,-24.166500663993002,-14.154879753556045,11.65196548250907,13.845414516942588,41.47641097151812,49.205580191625124,50,70,30,,
1728280800,979.5,986,975.9,981.7,,,,,,,990.3932505098701,972.511133956179,0,0,990.5079975221203,,,,,,2186,2036.4,-41.09793136836319,-31.665871736042746,-21.3075205381392,15.390766573552803,14.156470370424508,43.13800439652954,48.43092812917156,50,70,30,,
1728295200,981.8,985.15,973.15,977.7,,,,,,,989.8954759800713,972.5627644640778,0,0,989.9956776212355,,,,,,3202,2125,-48.31313545763865,-41.44632177182111,-20.174039596949598,3.738801091043733,10.26051104903519,40.91403754832865,47.68800765139371,50,70,30,,
1728309600,977.8,982.95,968.7,975.95,,,,,,,989.3485945690882,972.5964683002561,0,0,989.4338505163861,,,,,,2881,2164.5,-53.246208394037296,-47.55242507334638,-22.273224609106535,3.7388010910437317,7.622789585213411,39.94379498326927,47.28137137845228,50,70,30,,
1728324000,976.05,976.05,972.3,973.25,,,,,,,988.7172771350063,972.6029711032386,0,0,988.7864964957306,,,,,,668,2028.65,-57.48126582198181,-53.013536557885914,-26.138437711772667,-1.7763568394002505e-15,2.4925340606958084,38.42959180189767,46.83371654723294,50,70,30,,
1728338400,967.5,976.2,967.4,972.4,,,,,,,988.0773839140256,972.6009514902711,0,0,988.1310366359014,,,,,,1652,1960.15,-59.4059794008943,-56.711151205637805,-26.019645725727344,-1.7763568394002505e-15,1.2462670303478969,37.94195732187153,45.980698884188335,50,70,30,,
1728352800,972.3,972.8,961.6,965,,,,,,,987.1723884664168,972.525320132159,0,0,987.2057951704653,,,,,,2786,2077.95,-65.2217573968612,-60.70300087324576,-26.10051779950375,-1.7763568394002505e-15,-1.4358884451818692e-14,33.90802500485944,44.844211539168086,50,70,30,,
1728367200,965.15,971.15,958.2,967.4,,,,,,,986.3970006834201,972.4743219218888,0,0,986.4135633636467,,,,,,3108,2185.05,-64.90199456688045,-63.17657712154531,-25.26247067488039,3.5604396461467154,1.1868132153822246,36.274418109129215,43.64496602457556,50,70,30,,
1728381600,967.5,971.4,956.75,959.25,,,,,,,985.3324124213251,972.3427366291337,0,0,985.3270208291009,,,,,,3996,2323.85,-69.27198273999326,-66.46524490124496,-25.76749621899637,3.5604396461467154,2.373626430764464,32.074600181214606,41.904720971751786,50,70,30,,
1728396000,959.45,959.75,948.6,951,,,,,,,983.9860433067633,972.1303710905354,0,0,983.9539399959368,,,,,,3598,2394,-74.8085759619587,-69.6608510896108,-31.344046933320854,3.5604396461467154,3.560439646146703,28.479996877336717,40.04062438837045,50,70,30,,
1728410400,950.85,955.05,950.6,953.3,,,,,,,982.7826690594393,971.9430042140126,0,0,982.7277823960993,,,,,,776,2260.1,-74.28073194120944,-72.7870968810538,-33.15152537199086,3.9634224662757394,3.6947672528563777,30.808106905806753,38.66063798432486,50,70,30,,
1728424800,949.6,956.1,949.55,951.8,,,,,,,981.5676624296574,971.7425763113856,0,0,981.4906711002553,,,,,,1485,2127.85,-72.84085911905306,-73.9767223407404,-35.65096796210368,6.766332659046257,4.763398257156225,30.119499275260594,37.48238293575488,50,70,30,,
1728439200,951.7,958.15,948.6,954.25,,,,,,,980.496381550063,971.5685208257001,0,0,980.4010442562451,,,,,,2163,2213.7,-68.29090672721527,-71.80416592915925,-30.195340112371554,14.054349730289237,8.261368285203732,32.76297201027022,36.76410363776761,50,70,30,,
1728453600,954.3,955.05,947.45,950.35,,,,,,,979.3141705088841,971.3573912652454,0,0,979.1990024859953,,,,,,2217,2283.55,-66.64152200226046,-69.25776261617625,-40.083673844315705,15.418859404800562,12.079847264712006,30.767721765431645,35.502795510908875,50,70,30,,
1728468000,950.45,951.6,942,946.85,,,,942,,,978.0410657830455,971.1135366257902,0,0,977.9050423865555,,,,,,2896,2377.1,-66.51352476939842,-67.14865116629137,-53.76321178969663,14.030900992910356,14.501370042666707,29.057470173471287,34.615728311048386,50,70,30,,
1728482400,947.3,952.2,943.4,946.95,,,,,,,976.8218083013575,970.8731034255336,0,0,976.6668406910933,,,,,,2451,2417.25,-64.66065206335007,-65.9385662783363,-48.85231944204987,8.739030126555088,12.729596841421989,29.178598528535076,33.61862789190593,50,70,30,,
1728496800,944.5,951.45,944.5,949.65,,,,,,,975.7562471915003,970.6619282670706,0,0,975.5861670634496,,,,,,480,2216.6,-59.54795607321496,-63.574044301987804,-49.54684182832327,15.428594504915056,12.732841874793488,32.52832310427034,33.01964828875891,50,70,30,,
1728511200,948.15,955.95,948,953.25,,,,,,,974.8736492624218,970.4886752494879,0,0,974.6927203809116,,,,,,1100,2040.65,-50.62937577988234,-58.27932797214911,-46.603374207674754,42.30217781554653,22.156600815672224,36.819265397590854,32.79646760406759,50,70,30,,
1728525600,953.15,960.15,953.05,958.6,,,,,,,974.2354669384054,970.3703799733736,0,0,974.0490115656752,,,,,,1331,2074.95,-35.73651799243382,-48.63794994851036,-48.04560800673545,73.63936494399215,43.79004575481792,42.6558191303488,33.09834098467123,50,70,30,,
1728540000,958.55,961.4,951.4,955.3,,,,,,,973.4928996074875,970.2204259437877,0,0,973.2990511030482,,,,,,1470,2086.05,-28.81391836337741,-38.39327071189785,-55.577157396400956,89.20467972049578,68.38207416001148,40.189607064000256,33.25888739482329,50,70,30,,
1728554400,955.35,961.05,949.65,953.9,,,,,,,972.7245506032723,970.0580336458396,0,0,972.5230890589263,,,,,,4612,2252.9,-25.821654701625054,-30.12403035247875,-56.47767946553093,86.08434357390126,82.9761294127964,39.155318617334345,33.63369408142864,50,70,30,,
1728568800,954,968.1,953.1,966.3,,,,,,,972.4726074423596,970.0206402762293,0,0,972.2741654965693,,,,,,3510,2319.1,-2.985687110700617,-19.20708672523435,-50.808223248402555,86.08434357390126,87.1244556227661,51.14738584482903,34.696048919692906,50,70,30,,
1728583200,966.2,970.85,965.05,968.1,,,,,,,972.3011326406985,970.0015294277096,0,0,972.1071988767064,,,,,,494,2183.7,13.088756477738677,-5.23952844486232,-49.26857578050409,91.83486561158395,88.00118425312883,52.60759701491056,36.16269155067119,50,70,30,,
1728597600,964.5,975,964.35,974.4,,,,,,,972.3834411645927,970.0452953040508,0,0,972.1989109216382,,,,,,3116,2195.45,28.560985242373885,12.888018203137326,-43.01974155747051,100,92.63973639516173,57.40632068871166,38.22885753719796,50,70,30,,
1728612000,973.8,977.55,972.65,974.3,,,,,,,972.4586003346086,970.0876306741598,0,0,972.2829544847727,,,,,,3384,2331.25,37.127113782430655,26.25895183418108,-35.936364540289304,99.88510781899242,97.23999114352546,57.30713025077327,40.121644918981296,50,70,30,,
1728626400,974.2,977,970.65,972.6,,,,,,,972.464145419526,970.1126293739194,0,0,972.2956363053819,,,,,,2998,2398.55,40.26340498329006,35.31716800269821,-35.56920126333797,97.73256830043347,99.20589203980863,55.54990662782193,41.93810258702138,50,70,30,,
1728640800,972.5,978.85,969.95,974.8,,,,,,,972.5557475599367,970.1592698776615,0,0,972.3958108531666,,,,,,4277,2473.1,43.71627334756022,40.36893070442699,-35.372472415001226,97.68399730910586,98.4338911428439,57.371602288392,43.69586189260151,50,70,30,,
1728655200,974.9,985.2,972.95,984.3,,,,,,,973.0163064791549,970.2999736599733,0,0,972.8719784190399,,,,,,3607,2498.05,52.8430147346035,45.60756435515126,-30.603923444549437,97.79888949011344,97.73848503321757,64.1954189568107,46.083554549128586,50,70,30,,
1728669600,984.25,985.75,981.75,982.4,,,,,,,973.3842944603645,970.4203719320134,0,0,973.2530992822783,,,,,,1162,2356.35,55.43479729372545,50.6646951252964,-30.14270017126971,97.95219721291687,97.81169467071204,62.055852566656654,48.440581862927544,50,70,30,,
1728856800,978.45,978.45,966.85,971.05,,,,,,,973.2927535011345,970.4266368879138,0,0,973.1649753109872,,,,,,3562,2354.55,44.21233483370486,50.83004895401128,-34.57992991200712,84.34050161102658,93.36386277135229,51.099514020453405,50.00636154092171,50,70,30,,
1728871200,971.5,977.45,965.5,974.6,,965.5,,,,,973.3440180697174,970.468162889029,0,0,973.2223762985477,,,,,,2965,2464,39.639915229012715,46.42901578548102,-32.74211312435082,71.82198855615474,84.70489579336605,53.8443997829728,51.528938446543314,50,70,30,,
1728885600,974.65,984.65,974.6,980,,,,,,,973.6050369689442,970.563007039387,0,0,973.4934812466058,,,,,,2444,2511.95,42.84697357259755,42.23307454510505,-25.511017698608796,65.26193087732487,73.80814034816872,57.731108940422196,53.022641556745555,50,70,30,,
1728900000,979.45,998.65,974.05,995,,,,,,,974.4440551270249,970.8061611981991,0,0,974.3537419967416,,,,,,4287,2618.15,57.15601539985076,46.54763473382035,-15.37613495595977,78.92219747054277,72.00203896800745,66.23639044967939,54.706968079554876,50,70,30,,
1728914400,995.3,999.4,987.25,992.9,,,,,,,975.1678176710631,971.0260003902569,0,0,975.095592316872,,,,,,4677,2741.15,61.79985685142779,53.934281941292035,-9.33314551920762,89.07712460699952,77.75375098495572,64.28610722229462,56.42814666229019,50,70,30,,
1728928800,992.45,996,992.05,993.5,,,,,,,975.8867267820018,971.249622276921,0,0,975.831768624197,,,,,,1394,2666.05,63.38022904468872,60.7787004319891,-9.117250586271268,94.08324534221356,87.36085580658528,64.60676218186006,58.24610691689917,50,70,30,,
1728943200,993,999.8,989.75,989.75,,,999.8,,,,976.4303845552566,971.4337056373496,0,0,976.3884978792291,,,,,,3248,2705.9,59.58807384003132,61.58938657871595,-11.248340262248476,82.4670835115296,88.54248448691423,60.92495781116944,58.944504914494914,50,70,30,,
1728957600,989.85,993.85,979.6,981.6,,,,,,,976.6331145726975,971.5348627951869,0,0,976.5969579640599,,,,,,4187,2891.25,46.30385778607297,56.42405355693101,-13.34188167349592,57.38685085409614,77.97905990261309,53.75505793520467,59.02646640880163,50,70,30,,
1728972000,981.5,986.25,978.65,983.2,,,,,,,976.8906394914153,971.6509338121502,0,0,976.8610796454975,,,,,,3318,3002.15,37.476998820968745,47.78964348235769,-13.33872277130223,35.97779284916903,58.61057573826491,54.87773740232722,58.84585331691703,50,70,30,,
1728986400,983.35,989.15,973.8,977.95,,973.8,,,,,976.9321830407715,971.7136110876512,0,0,976.9046364596776,,,,,,3888,3130,22.625593510060177,35.46881670570064,-14.441529377843949,14.26062134651967,35.875088349928276,50.5419540563873,58.36262644588946,50,70,30,,
1729000800,977.8,989.55,977.05,987.1,,,,,,,977.3309209607413,971.866709484789,0,0,977.3124510012905,,,,,,4297,3271.35,25.8054999640232,28.63603076501738,-9.157149459589746,21.98542745487835,24.074613883522343,56.92903540842939,58.46113564450428,50,70,30,,
1729015200,987.15,988.35,983.55,983.9,,,,,,,977.5885319034574,971.9864437187712,0,0,977.5759529612388,,,,,,1218,3101.65,22.126708486838897,23.51926732030743,-6.429867393648109,21.602581746048674,19.282876849148895,54.28852952127862,58.24091616113903,50,70,30,,
1729029600,984.25,991.75,982.7,991,,,,,,,978.1144718288119,972.1756333335097,0,0,978.1129148427893,,,,,,3066,3079.45,31.964646400811276,26.632284950557793,-0.6322154261948896,39.27767309671764,27.621894099214888,58.8491617775488,57.85904064833461,50,70,30,,
1729044000,990.95,996.9,989.95,994.8,,,,,,,978.7688062668977,972.4007514097932,0,0,978.7803982490777,,,,,,4172,3263.35,42.42112850231275,32.170827796654315,6.460981469802007,48.07268624705722,36.31764702994118,61.0868821852432,57.78982847823365,50,70,30,,
1729058400,994.75,1001.2,991.55,994.5,,,,,,,979.3857158250586,972.6206444305913,0,0,979.4091823191146,,,,,,3588,3286.95,47.36323491786683,40.58300327366363,13.596344143377493,61.899878976387015,49.75007944005396,60.805760593416124,58.48313180487385,50,70,30,,
1729072800,994.55,1000.5,989.85,996.6,,,,,,,980.0607857927033,972.8592449835207,0,0,980.09681502635,,,,,,3758,3305.65,52.013870478960754,47.266077966380124,13.364586973204595,68.81636190580663,59.596309043083615,62.11989603820079,59.074238680247284,50,70,30,,
1729087200,996.75,1000.25,989.1,991.95,,,,,,,980.5270294871071,973.0492027448787,0,0,980.570942425296,,,,,,3998,3355.65,47.06851012530576,48.81520517404445,9.477368257154652,61.26724706716544,63.99449598311969,57.520911111193165,59.059224549588066,50,70,30,,
1729101600,992,996.8,991.15,993.85,,,,,,,981.0494989189853,973.2561758518948,0,0,981.1021047282842,,,,,,1217,3202.65,46.16313607277655,48.415172225681026,12.035652125449857,59.17782905719926,63.08714601005712,58.86110974106968,58.532418784687366,50,70,30,,
1729116000,990.95,1005.4,990.95,1004.25,,,,,,,981.9593224907898,973.564572112075,0,0,982.0280205391529,,,,,,3073,3175.95,58.5195941931082,50.583746797063505,12.894799415644698,67.919588110444,62.7882214116029,65.31222550499467,58.605712947737366,50,70,30,,
1729130400,1004.95,1006.3,998.15,1004.95,,,,,,,982.8609176872294,973.8768649268802,0,0,982.9448997175867,,,,,,4534,3344.55,64.29670976401589,56.32648000996688,18.62514495852197,86.3927022662355,71.16337314462625,65.7020772344699,58.68394973720951,50,70,30,,
1729144800,1004.85,1005.3,995.55,997.3,,,,,,,983.4271562092988,974.1099309475082,0,0,983.5191037288832,,,,,,3297,3331.3,56.401991313084025,59.73943175673603,17.853056381131623,83.20464181681282,79.1723107311641,58.02671171215631,58.47693215870857,50,70,30,,
1729159200,997.4,1011,997.4,1000.1,,,,,,,984.0809932206988,974.3685385997718,0,0,984.1823395797279,,,,,,4217,3393.9,54.33030959920852,58.34300355876948,19.204866992152773,70.4660859717026,80.02114335158363,59.87437592117848,58.91402630056384,50,70,30,,
1729173600,1000.05,1007.1,987.85,993.55,,,,,,,984.452326819887,974.5593989122119,0,0,984.5570459965388,,,,,,4686,3506,39.33583910729186,50.022713339861475,13.644236509151767,44.55375164785722,66.07482647879087,53.89734656528857,58.84399838363252,50,70,30,,
1729188000,993.6,994.05,991.6,992.85,,,,,,,984.7816473367542,974.7413949429362,0,0,984.8887641566772,,,,,,1272,3355.25,26.147298375477448,39.937815693992626,11.577831598572729,28.01577649771104,47.67853803909028,53.2851484439962,59.03994083989029,50,70,30,,
1729202400,992.5,999.05,987.85,995.8,,987.85,,,,,985.2137395980579,974.9509333017129,0,0,985.3252135904102,,,,,,2986,3270.7,22.488863510877536,29.324000331215625,12.800715449904146,13.599318083275236,28.722948742947825,55.57526763988606,58.9432431421372,50,70,30,,
1729216800,995.7,1003.75,993.25,1002.95,,,,,,,985.9092792216635,975.2295309803028,0,0,986.0302050467938,,,,,,2733,3337.65,34.87721641080613,27.83779276572038,16.071524494306587,25.904248460674335,22.50644768055353,60.614950612563625,59.39513036294327,50,70,30,,
1729231200,1003.05,1010.65,998.6,1006.25,,,,,,,986.7069545463041,975.5381923635833,0,0,986.838996844922,,,,,,3301,3340.3,46.2485483052811,34.538209408988266,22.852506444744293,51.263074883694095,30.255547142547883,62.71717830518182,59.671417257774195,50,70,30,,
1729245600,1006.3,1011.95,1003.9,1005.6,,,,,,,987.4478582895863,975.8373148276273,0,0,987.5894369711251,,,,,,4282,3345.05,50.88473883023972,44.003501182109,23.252545890830973,68.56560609744218,48.5776431472702,62.01502909721974,59.737713465772515,50,70,30,,
1729260000,1005.95,1014.35,999.95,1012.95,,,,,,,988.44794227823,976.2065952771037,0,0,988.6038594922801,,,,,,4196,3388.95,61.172432600497174,52.76857324533935,25.390282547687036,82.17301004388848,67.33389700834158,66.57232969416737,60.149611258683315,50,70,30,,
1729274400,1012.9,1015.85,1009.35,1009.35,,,,,,,989.2676308163386,976.5363803987245,0,0,989.4337051125889,,,,,,1794,3284.25,61.27301598524076,57.77672913865923,24.679130447195973,80.27194389540142,77.00352001224402,62.61009595538251,60.18462553848201,50,70,30,,
1729461600,1015.2,1021,1013.65,1018.4,,,,,,,990.4100766666783,976.9529338275929,0,0,990.5923569080853,,,,,,3950,3266.9,69.09525835925687,63.84690231499828,25.136289307109593,90.12442694119937,84.18979362682975,67.7986997253995,60.918753296639615,50,70,30,,
1729476000,1018.25,1021.25,1017.35,1018.85,,,,,,,991.5253677777889,977.3698200581641,0,0,991.7226626317619,,,,,,3253,3368.65,71.74952922028349,67.37260118826039,30.103818175040544,90.12442694119937,86.8402659259334,68.03622120539217,61.57411840123407,50,70,30,,
1729490400,1018.7,1020.8,1011.65,1016.2,,,,,,,992.4930004139541,977.7561900078341,0,0,992.7017561264914,,,,,,3501,3390.4,68.78090956575879,69.8752323817664,23.929534931410146,93.193050399681,91.14730142735992,64.99580624445491,61.55151702548123,50,70,30,,
1729504800,1016.15,1024.4,1011.25,1013.05,1024.4,,,,,,993.2991572604657,978.1073721968108,0,0,993.5156858814318,,,,,,4257,3394.65,61.41227017745221,67.31423632116484,24.25236188071426,78.47555518929171,87.26434417672402,61.47884379836593,61.249857494330946,50,70,30,,
1729519200,1013.2,1014.2,1003.15,1004.15,,,,,,,993.7246805051533,978.3665028217182,0,0,993.9410584461745,,,,,,3946,3412.55,42.1388491775826,57.44400964026454,19.388908428145257,45.14222185595838,72.27027581497703,52.787659857586114,60.875639504718784,50,70,30,,
1729533600,1004.05,1005.8,1003,1003.25,,,,,,,994.0982224461277,978.6140998085667,0,0,994.3134161083275,,,,,,1161,3282.7,26.332162307031222,43.29442722068868,21.722388401618588,18.615838122944037,47.411205056064716,51.98729564299256,60.3122766277055,50,70,30,,
1729548000,1002.4,1009.25,1001.85,1006.9,,1001.85,,,,,994.6002529384364,978.895551551765,0,0,994.8168794639944,,,,,,3436,3254.6,19.616517057440753,29.36250951401821,22.11193217719854,6.229716748849152,23.329258909250537,54.96924021091362,60.388840459535864,50,70,30,,
1729562400,1005.75,1011.4,1003.6,1006.4,,,,,,,995.0629881173212,979.1692276557276,0,0,995.2802042854346,,,,,,3391,3363.3,13.128562928540923,19.69241409767098,22.58558433394809,11.415322293294247,12.08695905502915,54.4701673771786,60.4734846690489,50,70,30,,
1729576800,1006.35,1021,1006.05,1016.85,,,,,,,995.9173807401713,979.5441607138796,0,0,996.1429961140173,,,,,,2930,3356.15,26.642485970972295,19.795855318984675,21.95984892521051,32.67082111062436,16.77195338425592,62.19552180988165,60.946359966905725,50,70,30,,
1729591200,1016.9,1022.1,1012.75,1018.15,,,,,,,996.7892481621254,979.9282984182191,0,0,997.0232762694566,,,,,,3711,3315,36.04454323488173,25.271864044798317,21.55490287065689,49.43816902033305,31.17477080808389,63.03578548077844,61.11927674320679,50,70,30,,
1729605600,1017.95,1031.25,1015.65,1030.9,,,,,,,998.1269247047871,980.4354795284856,0,0,998.3783452186783,,,,,,3854,3342.85,52.55993962114327,38.41565627566576,23.03451764329816,77.5858968092213,53.231628980059575,70.06364111409485,61.644024086700576,50,70,30,,
1729620000,1031,1031,1028,1028.25,,,,,,,999.3082217751877,980.9112459013365,0,0,999.5732114099312,,,,,,1257,3194.85,57.97608135017658,48.86018806873386,27.115187373342152,84.44706137247154,70.49037573400862,67.20371379843655,62.01464442250177,50,70,30,,
1729634400,1030.05,1035.9,1027.25,1028.5,,,,,,,1000.452997391847,981.3847658426167,0,0,1000.730282953534,,,,,,1235,3022.3,59.94702431061847,56.8276817606461,32.426178929544136,89.81511040456625,83.9493561954197,67.33916050641082,62.06941805194773,50,70,30,,
1729648800,1028.4,1036.8,1028.25,1036.55,,,,,,,1001.8685661215785,981.9336736451778,0,0,1002.1630716353926,,,,,,1296,3023.5,65.70919999905112,61.21076855328206,36.967406070205726,89.81511040456625,88.02576072720136,71.43067687042355,62.699459545879236,50,70,30,,
1729663200,1036.4,1037.65,1028.55,1035.05,,,,,,,1003.1697988226931,982.4621943054248,0,0,1003.4785487699769,,,,,,3386,3043.5,66.15474105641803,63.936988455362545,37.269214374813885,92.0694865117248,90.56656910695244,69.67905931147794,62.83377094488484,50,70,30,,
1729677600,1034.95,1037.45,1019.85,1020.9,,,,,,,1003.8651008296463,982.844660033729,0,0,1004.1754068191779,,,,,,4763,3145,51.15923460526436,61.00772522024451,29.283938306947306,70.30466256465841,84.06308649364983,55.782626095536465,61.95851415132371,50,70,30,,
1729692000,1020.85,1024.3,1011.5,1017.15,,1011.5,,,,,1004.3860772676994,983.1860067000601,0,0,1004.6943905464108,,,,,,4425,3201.2,35.2152117246701,50.8430624621175,23.49535306451297,38.36996058941752,66.91470322193358,52.77850351975056,61.08584967098769,50,70,30,,
1729706400,1016.7,1020,1015.35,1017.3,,,,,,,1004.8925056101426,983.5254494194626,0,0,1005.1986149245544,,,,,,1698,3072,22.97255842353972,36.4490015844914,19.988187293476685,9.586428593375183,39.42035058248371,52.88779763397199,60.47220351638812,50,70,30,,
1729720800,1018.6,1026.8,1018.3,1023.95,,,,,,,1005.6398583313135,983.9276837535973,0,0,1005.9486703275722,,,,,,3125,3018.45,22.10862172398734,26.765463957399053,19.51835740041237,12.652726356360587,20.203038513051098,57.57577995227055,60.81421209457987,50,70,30,,
1729735200,1023.75,1029.7,1021.9,1027.55,,,,,,,1006.4990795732227,984.3617366515715,0,0,1006.8127235144693,,,,,,3502,3103.85,26.25854302063106,23.779907722719372,19.628192127602617,24.05223803283738,15.430464327524383,59.901949446775575,61.379544509135805,50,70,30,,
1729749600,1027.45,1039.5,1026.65,1038.65,,,,,,,1007.7598999821159,984.9019183764315,0,0,1008.0862145738905,,,,,,3632,3087.95,40.27918583875052,29.54878352778964,25.91448079847123,46.284705895233664,27.66322342814388,66.07803919968694,62.173030151191035,50,70,30,,
1729764000,1038.6,1042.15,1030.95,1031.9,1042.15,,,,,,1008.7065705710526,985.369560979651,0,0,1009.0387659909348,,,,,,4727,3161.65,41.040588575821644,35.859439145067746,32.759497502716414,49.63831602255385,39.99175331687496,60.02355018027014,62.56970035141187,50,70,30,,
1729778400,1032,1033.45,1018.05,1024.4,,,,,,,1009.3219991761093,985.757923556968,0,0,1009.6532153512975,,,,,,5114,3242.3,30.12270873625483,37.147494383609,26.11720733455101,39.18424508234509,45.03575566671086,54.09289409410273,61.99094122885623,50,70,30,,
1729792800,1024.45,1029.1,1024.1,1024.4,,,,,,,1009.9132933260659,986.142421830033,0,0,1010.2430867372456,,,,,,1483,3103.6,21.26378007766018,30.80902579657889,25.313164514065548,17.708341822612713,35.51030097583722,54.09289409410273,61.3521632726651,50,70,30,,
1729807200,1026.4,1028.4,1015.85,1016.8,,,,,,,1010.1833602544555,986.4474723590873,0,0,1010.5053632677557,,,,,,2582,3035.4,3.5441729944055567,18.310220602773523,19.92546444241394,4.688144188720979,20.526910364559594,48.465173481294734,59.809415584607954,50,70,30,,
1729821600,1016.2,1019.9,1009.05,1013.3,,,,,,,1010.3055814209474,986.7146616888476,0,0,1010.6171487370455,,,,,,3767,3165.7,-11.909410187759367,4.2995142947687945,19.271601230213264,2.3440720943604894,8.246852701898058,46.08717520008591,58.301091399011476,50,70,30,,
1729836000,1013.5,1013.5,1002.25,1005.85,,,,1002.25,,,1010.130852737773,986.905063065078,0,0,1010.4264627875637,,,,,,3085,3148.15,-27.896458989916084,-12.087232061089958,13.477857592887148,0,2.3440720943604845,41.427618076398815,56.4502669397249,50,70,30,,
1729850400,1006.3,1022,1003.25,1015.25,,,,,,,1010.3316036108015,987.1871022385599,0,0,1010.6194042760611,,,,,,3975,3177.35,-28.208561782251405,-22.67147698664228,20.88389800750187,8.445071693013107,3.596381262457861,48.502324759434345,54.812527503225674,50,70,30,,
1729864800,1014.95,1027.3,1014.8,1022.7,,,,,,,1010.8166387633191,987.5404644053403,0,0,1011.1026281050187,,,,,,4303,3246,-17.784219178622116,-24.629746650263197,24.77789296468731,24.619126217798364,11.02139930360382,53.31519552223044,53.64368008970799,50,70,30,,
1729879200,1022.75,1023.5,1020.8,1022.4,,,,,,,1011.2708882235811,987.8873254560335,0,0,1011.5545229808179,,,,,,1363,3128.6,-10.020602389347621,-18.67112778340704,23.902377088562062,40.50243383926955,24.522210583360334,53.09998641239197,53.45206296948339,50,70,30,,
1730066400,1019.1,1027.3,1016.95,1020.6,,,,,,,1011.636735744225,988.2128247052273,0,0,1011.9163420615852,,,,,,3326,3102.2,-6.951740137749149,-11.585520568572955,18.693849585412906,46.11510003389234,37.07888669698675,51.75022253789298,53.378614327922136,50,70,30,,
1730080800,1020.5,1022.7,1013.65,1019.3,,,,,,,1011.9372559111181,988.5221498325384,0,0,1012.2116883791217,,,,,,2936,3186.15,-7.337384809644629,-8.103242445580461,13.605383888795558,42.639615071756914,43.08571631497293,50.74692747855408,53.22569503110657,50,70,30,,
1730095200,1019.2,1026.3,1015.05,1017.7,,,,,,,1012.1632458753879,988.8124766998764,0,0,1012.4312208439568,,,,,,2484,3248.6,-11.561438078187079,-8.616854341860279,12.440429036794782,37.73006420669484,42.161593104114694,49.475567460137256,52.64710842452562,50,70,30,,
1730109600,1017.4,1031.45,1014.35,1029.8,,,,,,,1012.8548832920394,989.220312752614,0,0,1013.1259720101986,,,,,,2934,3330.5,10.269947049210147,-2.87629194620718,11.722293790252877,46.18899373564179,42.186224338031174,58.03747414065316,52.51393161694545,50,70,30,,
1730124000,1031.15,1038.8,1027,1036.05,,,,,,,1013.7644957119594,989.6862797899014,0,0,1014.0429331297906,,,,,,3881,3355.25,29.52925666693345,9.412588545985512,13.245585359732402,66.8237575063253,50.247605149553976,61.652302408453245,52.19780756042876,50,70,30,,
1730138400,1036.1,1036.1,1029.65,1029.9,,,,,,,1014.3972605860002,990.0864163094049,0,0,1014.677215804599,,,,,,1008,3167.5,33.2483732357108,24.349192317284803,9.53864529953485,80.76605546774046,64.59293556990251,56.495073507711645,51.94577351238887,50,70,30,,
1730152800,1030.05,1040.35,1030.05,1040.2,,,,,,,1015.4091327198826,990.5850589331918,0,0,1015.6981271724151,,,,,,2389,3065.7,46.060929372340574,36.279519758328284,9.018332270969452,91.58272138449097,79.72417811951891,62.198352627833145,52.52473483622675,50,70,30,,
1730167200,1040.25,1046.8,1039.75,1042.6,,,,,,,1016.4754412406714,991.1026205358467,0,0,1016.7742020855185,,,,,,3764,3169,54.16522285990098,44.49150848931746,15.355573856419383,91.58272138449097,87.97716607890747,63.40227632141262,53.18969070960603,50,70,30,,
1730181600,1042.65,1052.2,1040.3,1047.15,,,,,,,1017.6783651135863,991.6603059036491,0,0,1017.9892340020978,,,,,,3853,3205.4,60.875880512700284,53.700677581647284,15.260045241129305,100,94.38848092299396,65.6367116519122,54.416229150364416,50,70,30,,
1730196000,1047.2,1050.6,1042.35,1047.45,,,,,,,1018.8458802071711,992.2154272379412,0,0,1019.1676646420138,,,,,,3504,3205.5,63.35315333993328,59.464752237511526,21.861094639385954,100,97.19424046149697,65.78504004553751,55.8232194964681,50,70,30,,
1730210400,1047.8,1052.35,1043.05,1048.85,,,,,,,1020.0225123559095,992.7789553251258,0,0,1020.3549580563333,,,,,,4877,3267.75,64.25319089424448,62.82740824895935,26.083021704340084,100,100,66.51150828027721,57.614925939602266,50,70,30,,
1730224800,1048.9,1049.5,1046.15,1047.6,,,,,,,1021.1039824595994,993.3244383567167,0,0,1021.44475973408,,,,,,1487,3105.75,62.195647088730894,63.26733044096955,22.42698800346045,97.43010674941875,99.14336891647291,65.18078774516624,58.80624472429741,50,70,30,,
1730239200,1043.5,1053.8,1043.5,1051.2,1053.8,,,,,,1022.2842184415758,993.9003145919733,0,0,1022.6349693447168,,,,,,2684,2984.25,62.43419103739006,62.961009673455145,22.118986306761386,97.43010674941873,98.2867378329458,67.21520356762456,59.79910244182556,50,70,30,,
1730253600,1051.3,1051.7,1044.3,1046.5,,,,,,,1023.233856934063,994.423694546282,0,0,1023.5895705709281,,,,,,4040,3112.1,56.65427369382392,60.42803727331496,15.757209186867868,87.94655045052114,94.26892131645286,62.112722636372375,60.44286931496702,50,70,30,,
1730268000,1046.6,1049,1032.15,1033.2,,,,,,,1023.6246860739037,994.8095284313937,0,0,1023.973987748091,,,,,,4355,3200.75,36.485520612154474,51.85799511445615,8.716184475580008,59.079222729599195,81.48529330984634,50.44315903760713,60.34950763637517,50,70,30,,
1730282400,1033.15,1034.9,1008.4,1015.5,,,,,,,1023.3060709337507,995.0154037703848,0,0,1023.6350282381674,,,,,,3980,3211.4,9.912858102329256,34.35088413610256,2.061579270796713,25.745889396265852,57.59055419212873,39.74201440220127,59.56344241663569,50,70,30,,
1730296800,1015.3,1022.1,1011.2,1013.4,,,,,,,1022.9175975637996,995.198335076152,0,0,1023.2256271086407,,,,,,3492,3231.75,-7.520980375225303,12.959132779752816,-2.0693045024803354,1.8961123618301106,28.907074829231714,38.69321252096156,58.79327420669457,50,70,30,,
1730311200,1013.9,1013.9,1010.15,1010.65,,,,,,,1022.4365153063957,995.3520829858421,0,0,1022.722602024295,,,,,,1289,3097.45,-19.84262018960917,-5.816914154168399,-4.160864187568265,-2.5461114698070258e-14,9.21400058603198,37.30483742339992,57.312371584033635,50,70,30,,
1730325600,1006.2,1013.15,1005.95,1010.15,,,,,,,1021.9546911767331,995.4993259412068,0,0,1022.2196979433232,,,,,,2307,2997.65,-27.71134706985436,-18.358315878229604,-7.149058286813911,-2.5461114698070258e-14,0.632037453943359,37.04457073441128,55.5546764644592,50,70,30,,
1730340000,1010.1,1011.8,1002.55,1005.45,,,,,,,1021.3074483854887,995.5983376233839,0,0,1021.5489100255903,,,,,,3465,3102.75,-34.81393640280692,-27.455967887423473,-7.201013468212793,-2.5461114698070258e-14,-1.973729821555834e-14,34.600843869127246,53.99080291884603,50,70,30,,
1730354400,1005.5,1009.05,998.4,1005.4,,,,,,,1020.6836268801754,995.6958666022557,0,0,1020.9029536245667,,,,,,3976,3135.25,-38.78728379959441,-33.77085575741855,-6.546136281872606,-2.5461114698070258e-14,-1.973729821555834e-14,34.57471362194315,52.01768584699675,50,70,30,,
1730368800,1005.35,1010.2,995.15,996.55,,,,,,,1019.7372101397764,995.7043654420343,0,0,1019.9288354795841,,,,,,3478,3162.35,-45.14549254243205,-39.58223758161112,-5.753376011580684,-2.5461114698070258e-14,-1.973729821555834e-14,30.2239455294674,49.64780507614351,50,70,30,,
1730383200,996.35,996.35,984.45,992.3,,,,984.45,,,1018.6612411146871,995.670491159029,0,0,1018.8236820604008,,,,,,5144,3295.35,-50.08482043053631,-44.67253225752091,-8.499769382468159,-2.5461114698070258e-14,-1.973729821555834e-14,28.37719931853013,46.986411338044796,50,70,30,,
1730397600,992.25,995.6,990.45,990.45,,,,,,,1017.5549179337189,995.618545973367,0,0,1017.6887347779847,,,,,,1721,3234.7,-52.876845187610904,-49.36905272019308,-9.689226761800498,-2.5461114698070258e-14,-1.973729821555834e-14,27.587015274549415,44.257980997259935,50,70,30,,
1730412000,990.2,994.2,987.55,991.7,,,,,,,1016.540999583377,995.5795554661693,0,0,1016.6491853868653,,,,,,2097,3145.5,-52.83844560722354,-51.93337040845691,-14.242294540163584,1.2461702021526901,0.415390067384213,29.02510652028728,41.58038087154637,50,70,30,,
1730426400,991.65,992.6,986.4,988.5,,,,,,,1015.4413525408917,995.5091121281974,0,0,1015.5232179713906,,,,,,2337,3211.95,-53.40828804362096,-53.041192946151796,-19.304741555296587,1.2461702021526901,0.8307801347684517,27.51843567434247,38.89021286648752,50,70,30,,
1730440800,988.45,994.85,986.45,992.35,,,,,,,1014.5358093039939,995.4776781766731,0,0,1014.596289252535,,,,,,1685,3176.75,-50.343739159413964,-52.19682427008615,-22.323256365571226,5.753393584856685,2.7485779963873553,32.08614422269696,36.380994341849835,50,70,30,,
1730455200,992.3,1005.45,989.55,1002.35,,,,,,,1014.0579344293275,995.546059488348,0,0,1014.1064376824336,,,,,,2740,3125.55,-39.29959730850436,-47.68387483717976,-15.7519096835006,26.13098131098292,11.043515032664098,42.26370475787933,34.9632073505289,50,70,30,,
1730469600,1002.5,1003.65,988.1,988.35,,,,,,,1013.0497801379813,995.4744569063744,0,0,1013.0761801751362,,,,,,4190,3142.4,-42.24989751583772,-43.964411327918675,-20.36353024848688,41.9212938246091,24.601889573482904,34.47445785319374,33.82258583735652,50,70,30,,
1730484000,988.45,992.5,987.6,990.9,,,,,,,1012.1811613090408,995.4289399222314,0,0,1012.1891329681307,,,,,,1701,3052.25,-41.38344453636634,-40.97764645356947,-19.637166261656418,58.3691255301758,42.14046688858927,36.76064696957204,33.60963102074014,50,70,30,,
1730674800,990.05,999.35,986,995.75,,,,,,,1011.5368020420196,995.4321345498709,0,0,1011.5315676494055,,,,,,3089,2962.85,-35.004865166919785,-39.546069073041274,-13.796426422960863,67.17624229459028,55.82222054979172,40.9785595648012,33.77287009530012,50,70,30,,
1730689200,995.85,1000.8,994.55,999.35,,,,,,,1011.0588882364502,995.471118285693,0,0,1011.0443049434292,,,,,,2950,3036,-24.858119744109743,-33.748809815798616,-8.593278817032072,84.71926311429743,70.08821031302118,43.96605207657021,34.24867114195514,50,70,30,,
1730703600,999.5,1001.85,993.6,998.4,,,,,,,1010.5624612467855,995.5002613873279,0,0,1010.538532745692,,,,,,3070,3055.3,-18.026754831137303,-25.96324658072227,-14.754773341928967,95.84374906287087,82.5797514905862,43.342579206256595,34.69852888994409,50,70,30,,
1730718000,998.25,1000.75,985.35,989.2,,,,,,,1009.7247176684801,995.4375722192948,0,0,1009.6849914358643,,,,,,4276,3067.1,-26.768842183410055,-23.21790558621903,-22.266177391240703,86.227339196367,88.93011712451177,37.758363800557795,34.92406602790342,50,70,30,,
1730732400,989.25,992.35,978.35,981.4,,,,,,,1008.613944426579,995.2978948837795,0,0,1008.5535917784297,,,,,,4254,3062.05,-39.98705371747175,-28.2608835773397,-26.617355812190425,65.65476762433968,82.57528529452586,33.78414476649172,34.867596823942606,50,70,30,,
1730746800,981.45,984.6,981.05,981.05,,,,,,,1007.5330054294583,995.1561247854333,0,0,1007.4534481072925,,,,,,1228,2924.45,-47.093545347862616,-37.94981374958147,-25.127008191216646,45.988904829307806,65.95700388333817,33.61318010135598,35.10968500764893,50,70,30,,
1730761200,981.15,985.75,977.65,981.75,,,,977.65,,,1006.5219071773226,995.0227305089613,0,0,1006.4253101830008,,,,,,4422,2970.95,-49.73532726565143,-45.605308776995265,-25.994187169579035,39.04463030814897,50.22943425393216,34.328964085397644,35.53481106242518,50,70,30,,
1730775600,981.7,987.2,980.55,983.55,,,,,,,1005.6210480723296,994.9085739864842,0,0,1005.5102977756808,,,,,,4814,3147.2,-48.44837212307073,-48.42574824552826,-23.734629617568274,44.02005830115498,43.01786447953726,36.232915325660855,36.152375351790276,50,70,30,,
1730790000,983.6,996.1,983.6,995.05,,,,,,,1005.2064971675323,994.9099812104993,0,0,1005.0918858646536,,,,,,3464,3205.05,-31.29304759135259,-43.15891566002491,-23.27712837694847,64.93971339267608,49.33480066732668,46.83757542697901,37.42469455941112,50,70,30,,
1730804400,995.1,1004.05,990.95,999.75,,,1004.05,,,,1004.9925168864527,994.9581406014396,0,0,1004.8782104300675,,,,,,3378,3200.7,-13.54582587516737,-31.09574852986356,-23.864450419632036,84.40285642097867,64.45420937160326,50.46343344296141,39.06362297145533,50,70,30,,
1730818800,997.2,1002.05,993.8,996.35,,,,,,,1004.6535946556114,994.9719899486889,0,0,1004.5370820128647,,,,,,4171,3210.45,-4.692616832062658,-16.510496766194205,-25.977686909579845,94.9945953449675,81.44572171954076,47.91739500202872,40.19442659855046,50,70,30,,
1730833200,996.4,998.75,994.5,997.1,,,,,,,1004.3573752573521,994.9931641780552,0,0,1004.2395987323501,,,,,,1119,3092.5,2.948285655520845,-5.096719017236393,-29.135461070962663,91.19809324331491,90.19851500308704,48.534236538173246,40.642321725714304,50,70,30,,
1730847600,995.5,1001.95,987.05,988.45,,,,,,,1003.733556619809,994.9280580668308,0,0,1003.6080147830561,,,,,,5920,3131.3,-4.7277388895201184,-2.1573566886873095,-36.724606163152046,75.11436778595542,87.10235212474595,42.31028265480533,41.20202349725799,50,70,30,,
1730862000,988.3,988.85,975.85,983.95,,,,,,,1002.9577308700125,994.8188236582056,0,0,1002.8216941917339,,,,,,4391,3264.8,-16.070077587416655,-5.949843607138642,-43.40752489968052,58.41027554109004,74.9075788567868,39.474238341877324,41.395851452422654,50,70,30,,
1730876400,984,992.05,982.4,988.65,,,,,,,1002.396643384914,994.7574423282732,0,0,1002.2548264240645,,,,,,4574,3388.65,-16.893478461195123,-12.563764979377297,-42.4069871510622,48.89396490278986,60.80620274327845,43.71759703574493,41.59149698606149,50,70,30,,
1730890800,988.85,990.4,963.15,966.15,,,,963.15,,,1000.9752063894272,994.4727911608277,0,0,1000.8106333671019,,,,,,7443,3643.95,-39.90440761176925,-24.289321220127007,-51.54179952840709,31.64435702681601,46.31619915689864,32.11124049072055,40.74472472992937,50,70,30,,
1730905200,966.55,989.2,964.95,988.6,,,,,,,1000.489904178077,994.4143554278842,0,0,1000.3222080324178,,,,,,5532,3836.3,-29.820411485059996,-28.87276585267479,-44.76371403658637,47.39183863704298,42.64338685554963,47.17943393280775,41.01878578182588,50,70,30,,
1730919600,988.65,990.5,983.8,984,,,,,,,999.8432412691328,994.310730000741,0,0,999.6693197111211,,,,,,1440,3771.3,-28.173969361774102,-32.632929486201114,-46.288744075479485,50.77927047219757,43.271822045352195,44.97662733130264,41.534376034021946,50,70,30,,
1730934000,984.2,988,980.35,984.55,,,,,,,999.2435063174021,994.2136083091914,0,0,999.0645469226763,,,,,,3281,3725.85,-25.714317720104024,-27.90289952231271,-45.784823159229134,74.778373266405,57.649827458548515,45.305446604569816,42.35732616531324,50,70,30,,
1730948400,984.6,985.9,976.05,977.6,,,,,,,998.3947413637785,994.0482987737765,0,0,998.2059650457693,,,,,,2243,3752.95,-34.538395027148425,-29.47556070300885,-44.749112053388835,65.24731833994662,63.60165402618306,41.89813720579269,42.94910881563015,50,70,30,,
1730962800,977.65,982.8,976.55,977.8,,,,,,,997.587104447552,993.8866241591121,0,0,997.3897264439386,,,,,,955,3646.25,-39.191513346610655,-33.14807536462103,-43.217873170321745,59.92414075558144,66.64994412064435,42.03324177686878,43.49941436502094,50,70,30,,
1730977200,974.7,992.95,974.35,990.45,,,,,,,997.3072179986284,993.8524288938473,0,0,997.1121373861811,,,,,,4455,3721.5,-20.914378745925205,-31.548095706561426,-36.448429325399374,68.25256140003584,64.4746734985213,49.959163213000956,44.479860642688095,50,70,30,,
1730991600,990.95,995.4,987.7,989,,,,,,,996.9814447437802,993.8041460192817,0,0,996.7876518907339,,,,,,4212,3778.6,-9.748727985363498,-23.284873359299784,-31.526066686549257,81.25523431139057,69.81064548900262,49.129925555563425,44.643599937586984,50,70,30,,
1731006000,989.05,997,988.4,994.2,,,,,,,996.8723684793183,993.808084864861,0,0,996.6841458151046,,,,,,3166,3723.1,5.461144154188174,-8.400654192366838,-26.981072756858325,96.50379280055392,82.00386283732678,52.194444127990764,44.76724355794622,50,70,30,,
1731020400,994.75,999.45,992.95,994.05,,,999.45,,,,996.7616873624823,993.8104919806335,0,0,996.5787799825004,,,,,,3291,3674.95,15.26106601269059,3.657827393838424,-21.826768897148185,97.35007281492797,91.70303330895747,52.096948583305554,45.06578309946599,50,70,30,,
1731034800,994.15,995.3,985.95,986.5,,,,,,,996.3592682502282,993.7377507668958,0,0,996.1756287832003,,,,,,2408,3733.95,9.601803708365601,10.108004625081456,-20.83384813877609,91.810904215216,95.22158994356596,47.30704581467458,44.97812661921609,50,70,30,,
1731049200,986.35,988.55,978.85,980.05,,,,,,,995.7196891031604,993.6015542418521,0,0,995.5306036318723,,,,,,3434,3684.55,-4.909722816157824,6.651048968299457,-20.8737888687222,77.67698057251867,88.94598586755421,43.61750219600453,45.07149944358746,50,70,30,,
1731063600,979.9,986.6,973.75,976.75,,,,,,,994.9757797265659,993.4338770852167,0,0,994.7793794865973,,,,,,5493,3718.5,-18.43424520570526,-4.5807214378324925,-21.20233656193456,60.716747894686854,76.73487756080716,41.820395490182115,45.2390820970378,50,70,30,,
1731078000,976.7,977.9,964.95,969.1,,,,,,,993.9610432667006,993.1917489550156,0,0,993.7522043071334,,,,,,4650,3777.8,-33.8786318786456,-19.07419996683623,-25.74514980655111,45.1210745036311,61.17160099027887,37.91995981361259,44.82496515259977,50,70,30,,
1731092400,969.05,971,966.85,969.1,,,,,,,992.9861003934966,992.9520300599407,0,0,992.7661161348481,,,,,,1817,3699.75,-42.14301968565209,-31.485298923334312,-25.485526732251316,25.921664812995136,43.919829070437686,37.91995981361259,45.239873675663496,50,70,30,,
1731279600,967.7,976.6,967.55,975.35,,,,,,,992.2944886133595,992.7768854822299,0,0,992.0694714894541,,,,,,5079,3745.15,-40.14976846307443,-38.723806675790705,-19.45362696839038,21.567745923461327,30.870161746695842,42.96062329638534,44.93853005877618,50,70,30,,
1731294000,975.3,983,972.25,982,,,,,,,991.8907831775415,992.6696527908645,0,0,991.666692629876,,,,,,2999,3839.15,-28.688125512443865,-36.99363788705679,-18.299665428042132,35.04820234174579,27.512537692734085,47.81575925223526,45.14132519598565,50,70,30,,
1731308400,982.05,985.2,972.05,976.2,,,,,,,991.2754583470497,992.5057756486668,0,0,991.0480249246809,,,,,,3094,3697.85,-28.720331715115247,-32.51940856354451,-22.645471251885823,49.969724178008114,35.52855748107174,44.275907097002076,45.067786659730814,50,70,30,,
1731322800,976.1,976.3,968.8,971.65,,,,,,,990.5058325295183,992.2982554929587,0,0,990.2721039276937,,,,,,3546,3655.6,-35.01251575523716,-30.806990994265423,-22.251207973632702,46.918825035102365,43.97891718495209,41.66973611897171,45.051472296386464,50,70,30,,
1731337200,971.85,973.35,959.45,961,,,,,,,989.3487410577725,991.9868300651681,0,0,989.101219770586,,,,,,3595,3606.65,-49.23820039925749,-37.65701595653663,-23.402335843473722,23.73027457902683,40.2062745973791,36.28585251400687,44.64094449189633,50,70,30,,
1731351600,960.4,964.4,959.15,961.75,,,,,,,988.2664374868795,991.6859660844201,0,0,988.0071709797626,,,,,,1098,3289.4,-55.2412793360906,-46.49733183019507,-26.73372925513759,10.12188023230942,26.923659948812872,36.90411414206328,43.70844098682935,50,70,30,,
1731366000,961.45,964,958.15,960.55,,,,,,,987.1795183697469,991.3761554766149,0,0,986.9088841405721,,,,,,3630,3194.3,-58.5034363737959,-54.327638703047995,-31.520032252286995,1.3411198690714354,11.731091560135894,36.29721793710528,42.79181901408234,50,70,30,,
1731380400,960.65,961.8,951.5,953.95,,,,,,,985.8764000023059,991.0037559196337,0,0,985.5905287749492,,,,,,4847,3364.65,-64.23743058141966,-59.32738209710205,-32.42233893158378,1.3411198690714354,4.268039990150763,33.07546002999514,41.426177292796936,50,70,30,,
1731394800,953.35,955.45,946.45,949.05,,,,,,,984.4322274531959,990.5863056119756,0,0,984.1289076239512,,,,,,3966,3398.9,-69.06653902682665,-63.93580199401407,-32.17866480003207,0.02799237952648988,0.9034107058897862,30.883734331928153,39.91094770341284,50,70,30,,
1731409200,949.65,959,948.1,949.15,,,,,,,983.0486106903254,990.1740040635977,0,0,982.7297513189932,,,,,,5526,3563.05,-69.8081875167909,-67.7040523750124,-24.887814108423356,0.20126462172093448,0.5234589567729533,30.984246153994988,38.745033441935725,50,70,30,,
1731423600,949.25,950.3,938.9,946.1,,,,,,,981.5996455652146,989.7354567594823,0,0,981.2645612662335,,,,,,4423,3736.45,-70.40261009326545,-69.75911221229433,-26.6600188659272,0.2012646217209344,0.1435072076561196,29.571715372003368,37.74176295450707,50,70,30,,
1731438000,946.05,948.6,945.8,945.95,,,,,,,980.2016202489317,989.2997805728207,0,0,979.8519788155842,,,,,,1463,3586.85,-68.9559729062082,-69.72225683875484,-22.87866966198061,0.2012646217209344,0.20126462172093443,29.50048548542904,36.861769382739,50,70,30,,
1731452400,944.8,953.95,943.45,952.75,,,,,,,979.1250861215226,988.936101164136,0,0,978.7678996629608,,,,,,3391,3545.8,-60.574630576939086,-66.6444045254709,-24.141859597978225,13.66642927419293,4.6896528392115995,36.918536761889406,36.790239164758766,50,70,30,,
1731466800,952.85,955.05,948.8,948.9,,,,,,,977.9397886265609,988.5377319983237,0,0,977.5731836764423,,,,,,4450,3610,-57.4179341696521,-62.31617921759979,-23.476745204946525,23.258436448574248,12.375376781496037,34.69277226762057,36.55972576861648,50,70,30,,
1731481200,949.05,950.5,944.95,947.6,,,,,,,976.7499929941467,988.1303913814249,0,0,976.3742563293846,,,,,,3138,3602.35,-55.45718474718754,-57.816583164592906,-28.27271975898327,31.486893151158068,22.80391962464175,33.94851544568864,35.916003779281,50,70,30,,
1731495600,947.65,949.35,935.95,936.05,,,,,,,975.1539148375135,987.6121785318585,0,0,974.7612860762092,,,,,,4656,3714.75,-63.24313750857762,-58.706085475139076,-28.42448699607803,17.82046387696514,24.188597825565818,28.166933311904074,34.512516212114484,50,70,30,,
1731510000,936.7,942.4,935.75,937.8,,,,,,,973.6890554321209,987.1165349643774,0,0,973.2828346331609,,,,,,4671,3776.6,-64.58178806789181,-61.09403677455231,-30.188591696652153,13.10147104687742,20.802942691666875,30.10910344659331,33.50060166565671,50,70,30,,
1731524400,937.85,940.4,935.15,935.4,,,,,,,972.1875238465475,986.6019425766722,0,0,971.7675212478345,,,,,,1554,3579.65,-65.6621859619395,-64.4957038461363,-27.6906433867606,7.93529377550751,12.952409566450024,28.95295490878648,32.592260150643476,50,70,30,,
1731538800,934.8,938.1,930.3,931.75,,,,,,,970.6017385976633,986.0561521032724,0,0,970.1668203979211,,,,,,4032,3548.75,-67.4253635199942,-65.88977918327517,-27.387544899303933,7.93529377550751,9.657352865964148,27.239839353351925,31.946116353453846,50,70,30,,
1731553200,931.95,936.05,929.15,930.95,,,,,,,969.0467684565784,985.5078321818469,0,0,968.5981475820042,,,,,,4516,3683.7,-67.29291243999849,-66.79348730731073,-34.05574579936905,3.062279431213908,6.310955660742976,26.864644673790778,31.229011391434376,50,70,30,,
1731567600,931,937.65,925.95,931.6,,,,925.95,,,967.578267732791,984.971435841729,0,0,967.118221678724,,,,,,3757,3617.6,-64.94397967051187,-66.55408521016818,-31.92434510406831,2.9278931115059748,4.641822106075797,27.735577616606164,30.61746565425587,50,70,30,,
1731582000,931.65,938.6,928.75,931.55,,,,,,,966.1653944883678,984.4398792661893,0,0,965.695492811575,,,,,,4966,3715.95,-61.92176630695134,-64.71955280582056,-32.7402997528644,5.764843341350901,3.9183386280235943,27.708243334880763,30.23409303317627,50,70,30,,
1731596400,931.6,941.85,931.35,938.1,,,,,,,965.0647907829416,983.9787859401576,0,0,964.5916730991121,,,,,,4247,3773.6,-50.732494395436824,-59.19941345763334,-30.182684895415534,38.0421152532281,15.578283902028325,36.5324944781611,30.63757590076434,50,70,30,,
1731610800,938.05,942.65,936.8,938.7,,,,,,,964.0308774189047,983.5282507566735,0,0,963.5560061751476,,,,,,2070,3699.8,-40.429985062039776,-51.02808192147597,-26.383957863801825,68.44755547505547,37.418171356544825,37.28765066737631,31.087819080291577,50,70,30,,
1731625200,938.05,941.8,932.45,941.45,,,,,,,963.1453528142417,983.1095616944181,0,0,962.6717659281417,,,,,,4858,3762.95,-27.482421547820223,-39.54830033509893,-27.758314420641398,98.94393857854386,68.47786976894248,40.76637333660902,31.887437506334837,50,70,30,,
1731639600,941.55,943.25,935.95,936.95,,,,,,,962.1180840764283,982.6502625730806,0,0,961.642895291016,,,,,,4601,3938.1,-25.72436605432132,-31.212257554727092,-23.345103105681005,91.33737855510189,86.24295753623375,37.13618980097716,32.43284495744542,50,70,30,,
1731654000,936.85,951.1,936,949.1,,,,,,,961.6075709753919,982.316429114642,0,0,961.1411794793753,,,,,,4656,3989.4,-3.875282541547943,-19.02735671456315,-23.28616940610145,91.33737855510189,93.87289856291589,50.06550717294381,33.37191427252073,50,70,30,,
1731668400,949.15,951.65,937.8,948.15,,,,,,,961.079823094004,981.9764646458395,0,0,960.6215323002003,,,,,,6944,4094.25,8.907697766228813,-6.897316943213471,-21.304355444661397,90.12433449566475,90.93303053528952,49.21321472218557,34.40908873356109,50,70,30,,
1731682800,948.1,950.25,938.9,940.25,,,,,,,960.262967286396,981.5612759428959,0,0,959.8066710081923,,,,,,4011,4096.5,4.778117202649026,3.2701774757766433,-26.279262461986875,88.27587601870236,89.91252968982299,42.70298355068823,35.0344078839182,50,70,30,,
1731697200,940.3,941.05,936.05,937.25,,,,,,,959.3604979810472,981.1203677245586,0,0,958.9044041678646,,,,,,1452,3892.8,-4.0024062852590045,3.227802894539623,-29.980868149127843,74.62224029283293,84.34081693573334,40.51133900075569,35.916151147407604,50,70,30,,
1731884400,938,952.85,937.65,951.6,,,,,,,959.0561647268885,980.8266327223242,0,0,958.61222800115,,,,,,3758,3859.55,13.932197039215767,4.902635985535274,-25.40088655403352,75.83528435227005,79.57780022126845,52.95029961168502,37.547665159199866,50,70,30,,
1731898800,951.7,954.6,947.2,950.2,,,,,,,958.7088641493634,980.5218901081718,0,0,958.275738881104,,,,,,3239,3948.35,23.127229830271908,11.019006861409567,-20.76800204207649,84.90957054410418,78.4556983964024,51.81203978783234,39.180456936274574,50,70,30,,
1731913200,950.25,957.65,947.95,956.75,,,,,,,958.6320459474276,980.28535388819,0,0,958.2147093258598,,,,,,3430,3950.3,35.88042186815236,24.313282912546686,-14.534688093499739,98.5632062699736,86.43602038878261,56.52124907725285,41.27198620226749,50,70,30,,
1731927600,956.7,962.65,952.15,960.05,,,,,,,958.6876519887049,980.0840070833324,0,0,958.2881209528254,,,,,,3998,3927.7,45.6152081424767,34.87428661363367,-8.299809566648449,98.5632062699736,94.01199436135046,58.710551962565575,43.54669386575141,50,70,30,,
1731942000,960.3,968.8,959.4,966.9,,,,,,,959.0097048518929,979.9528229332494,0,0,958.6325961147123,,,,,,4266,3984.1,55.45095971229882,45.64886324097597,-3.918196234064311,100,99.04213751331572,62.8879430115666,46.05757710824857,50,70,30,,
1731956400,966.8,967.3,965.85,966.3,,,,,,,959.2955987792697,979.816973948839,0,0,958.9392922701238,,,,,,1056,3804.1,59.19027066204052,53.41881283893869,-6.786439054116798,99.25842428078818,99.27387685025393,62.293440444359554,48.52794833035421,50,70,30,,
1731970800,965.65,969.2,963.15,967.85,,,,,,,959.6310654938081,979.6978995811888,0,0,959.2957205793189,,,,,,2792,3710.15,61.11169554922865,58.584308641189345,-6.915795954198217,99.25842428078818,99.50561618719212,63.25970080678283,50.437034496684326,50,70,30,,
1731985200,967.8,971.65,966.75,969.2,,,,,,,960.0063178273842,979.5934428689382,0,0,959.6918917561461,,,,,,3851,3825,61.79078001583229,60.697582075700495,-1.7605783833512163,99.25842428078818,99.25842428078818,64.12206642172552,52.35377847913784,50,70,30,,
1731999600,969.25,969.5,961.05,966.5,,,,,,,960.2609720302319,979.4631598553169,0,0,959.9642160859003,,,,,,4222,3834.5,58.46564927401101,60.45604161302399,-2.316172872511615,96.23823242580555,98.25169366246064,61.03637728984713,53.80163590436913,50,70,30,,
1732014000,966.45,973,962.85,967.9,,,,,,,960.5605417545365,979.3481035383486,0,0,960.2816474424643,,,,,,5146,3866,56.33230813243371,58.86291247409235,3.978585119768738,93.35803439439474,96.28489703366283,62.05599366181898,55.58162189442926,50,70,30,,
1732028400,967.85,974,967.55,973.6,,,,,,,961.0718930582802,979.2909084782656,0,0,960.8143815447658,,,,,,3638,3860.05,58.989192511222235,57.92904997255567,7.1833102066824495,93.35803439439475,94.318100404865,65.961516463649,56.717051129479636,50,70,30,,
1732042800,973.7,975.15,971.75,971.8,,,,,,,961.4926031344261,979.2163720754968,0,0,961.2538062829751,,,,,,1278,3675.65,57.544202018885144,57.6219008875137,10.907098427071645,94.23855308587281,93.65154062488743,63.730684247457724,57.754013238427646,50,70,30,,
1732057200,971.1,975.2,969.95,974.4,,,,,,,961.9987755605271,979.1684479752431,0,0,961.7796540316562,,,,,,2609,3593.75,57.92158305770036,58.15165919593593,16.63495298264877,96.58237542717832,94.72632096914863,65.54341790275546,59.38547283500388,50,70,30,,
1732071600,974.55,975.25,969.25,970.95,,,975.25,,,,962.3498039699182,979.0866723734994,0,0,962.1464678703899,,,,,,2193,3599.9,52.97655715880809,56.14744741179788,18.140959201181133,85.36600320186928,92.06231057164014,61.174297088371915,60.861398412690754,50,70,30,,
1732086000,970.85,971.5,960.85,962.1,,,,,,,962.3400077358037,978.9176507578427,0,0,962.1446091555742,,,,,,2903,3502.15,36.02465940601484,48.974266540841114,12.34428290011084,54.91391875125233,78.95409912676664,51.66089682914983,60.76929821393825,50,70,30,,
1732100400,962,971.5,959.95,962.55,,,,,,,962.3482427265566,978.7547885612472,0,0,962.1608247893513,,,,,,3943,3469.25,23.53699458118683,37.51273704866993,12.771047717089033,23.07321468255209,54.45104554522455,52.069062645654284,60.78765698949695,50,70,30,,
1732114800,962.65,965.3,957.75,959.1,,,,,,,962.2208606588484,978.559218525812,0,0,962.0383917977772,,,,,,4165,3444.7,9.348244236422637,22.969966074541457,8.163629140048215,0.9562535745278069,26.314462336110726,48.67561792012882,60.22725476398809,50,70,30,,
1732129200,959.05,960.8,958.15,959.4,,,,,,,962.110238672227,978.3685795355053,0,0,961.9328561258661,,,,,,1363,3165.65,-0.47101541461336893,10.80474113433205,4.9256621782231065,1.5605997790295112,8.530022678703116,48.98695376228642,59.53271203539673,50,70,30,,
1732143600,953.4,964.45,953.25,961.1,,953.25,,,,,962.0706214693945,978.1967528734605,0,0,961.8995418808315,,,,,,3535,3141.85,-5.058832022970428,1.2727989329463003,4.412839443654406,4.739982036152453,2.418945129903236,50.807964615754805,58.66985643569588,50,70,30,,
1732158000,961.05,966.6,959.65,966.05,,,,,,,962.2266755294182,978.0758896607892,0,0,962.0655602055982,,,,,,3028,3220.65,1.179110794485088,-1.4502455476995495,9.04886311449016,18.45018949381904,8.250257103000314,55.760037081913445,58.203184766949725,50,70,30,,
1732172400,966,967.9,953.8,956.65,,,,,,,962.0079823714018,977.8626967288411,0,0,961.8489377973743,,,,,,4788,3272.15,-11.98561748158659,-5.288446236690624,8.755381332217382,17.84584328931733,13.678671606429583,46.24038678243096,56.98751947949602,50,70,30,,
1732186800,956.7,961,954.5,955.95,,,,,,,961.7704144352684,977.6446599454696,0,0,961.6129802854794,,,,,,5346,3377.5,-21.48887768700355,-10.765128124701667,7.99522616119782,13.71020745766659,16.6687467469343,45.61583501726202,55.665645807748625,50,70,30,,
1732201200,955.9,966.9,955.85,964.65,,,,,,,961.8833393593756,977.5153598465097,0,0,961.7344610740602,,,,,,4578,3434.9,-11.363109384198657,-14.945868184262913,12.138721644714195,13.696953146029953,15.084334631004602,53.94221012347119,55.15891958157892,50,70,30,,
1732215600,964.75,965.5,961.85,962.15,,,,,,,961.8937966394001,977.3624706938081,0,0,961.7510826310978,,,,,,983,3284.15,-8.792038345625,-13.881341805609049,16.1983220020264,23.384139555653704,16.930433386450083,51.502076086175435,54.40506832617581,50,70,30,,
1732230000,961.4,966.6,960.95,965.15,,,,,,,962.0214908888354,977.2409535724767,0,0,961.8870393258538,,,,,,3677,3254.7,0.6851715341895623,-6.489992065211344,22.406313966503703,37.75332395988965,24.944805553857773,54.180627652668015,53.5635762682486,50,70,30,,
1732244400,965,967.95,955.45,961.6,,,,,,,962.0049618343712,977.085322193646,0,0,961.8755577528196,,,,,,3289,3366.35,-2.136936819876288,-3.414601210437221,22.686949990240706,32.44889259523222,31.195452036925193,50.61797553313799,52.626954217225766,50,70,30,,
1732258800,961.85,970.3,955.25,961.65,,,970.3,,,,961.9910417624351,976.9317368981868,0,0,961.8665354427069,,,,,,4500,3451.75,-4.222322261886992,-1.8913625158578842,22.59760270500594,33.583438550329234,34.59521836848371,50.66717854345762,51.56436569156163,50,70,30,,
1732273200,961.6,966.55,956.9,966.2,,,,,,,962.1560989482219,976.8249534464636,0,0,962.0398740249987,,,,,,6419,3580.15,9.448994003269208,1.0299116405019977,23.846195915005396,50.138454526445535,38.72359522400233,55.055748373205255,51.127326497621155,50,70,30,,
1732287600,966.3,968.75,963.4,965.3,,,,,,,962.2793891855466,976.7102772927675,0,0,962.1702790639987,,,,,,4505,3594.3,15.908266590466692,7.044979443949657,24.97036114905245,69.32059024140017,51.01416110605832,54.03185962646839,51.29668098314391,50,70,30,,
1732302000,965.25,965.75,961.4,962.6,,,,,,,962.2919621586624,976.5698765236853,0,0,962.1874679014387,,,,,,1501,3412.05,10.001074470723271,11.78611168815308,28.15889360495376,76.03365992715472,65.16423489833348,50.969432016847556,51.21813593822914,50,70,30,,
1732489200,963.9,970.1,958.55,959.35,,,,,,,962.1765910936168,976.3985344687233,0,0,962.0739691853812,,,,,,4971,3478.7,-5.805710792898294,6.701210089430578,20.937357081309415,51.170202077112265,65.50815074855572,47.480926743963124,51.1328008542173,50,70,30,,
1732503600,959.2,960,950.25,953.95,,,,,,,961.8539796781808,976.175165966547,0,0,961.7490104179659,,,,,,5598,3694.7,-26.973277392284125,-7.592637904819694,13.191700478958438,23.595544580785102,50.26646886168404,42.30045073282925,50.65519349497036,50,70,30,,
1732518000,953.25,953.7,944.15,952.55,,,,,,,961.4891177300169,975.9400896882729,0,0,961.3810500012472,,,,,,3581,3743.3,-40.32780070063894,-24.368929628607095,5.858252261161738,6.060742530309788,26.942163062735727,41.04995525017788,49.958192826000584,50,70,30,,
1732532400,952.65,957.9,943.85,950,,,,,,,961.0385640935457,975.6819793431159,0,0,960.9258080011973,,,,,,6854,3976.35,-50.59918302044552,-39.3000870377895,13.318989752229925,-2.3684757858670005e-15,9.885429037031631,38.80004012628351,48.74676447202702,50,70,30,,
1732546800,950.2,950.5,935.55,939.7,,,,,,,960.2017576585047,975.3239496979108,0,0,960.0767756811495,,,,,,9959,4329.15,-65.18409005821385,-52.03702459309941,6.134558553598524,-2.3684757858670005e-15,2.020247510103263,31.330380063559588,47.68176399210763,50,70,30,,
1732561200,939.65,940.65,937.55,938.3,,,,,,,959.3428652013084,974.9555521884789,0,0,959.2057046539035,,,,,,1576,4210.8,-71.77701784249625,-62.52009697371852,2.690148613813861,-2.3684757858670005e-15,-4.934324553889584e-16,30.471681804955026,46.60003876265713,50,70,30,,
1732575600,937.75,939,929.3,937,,,,,,,958.4666744091003,974.5778850025239,0,0,958.3174764677474,,,,,,6473,4326.2,-74.25665977328293,-70.40592255799766,-4.0963346600181865,-2.3684757858670005e-15,-4.934324553889584e-16,29.65879801124143,44.865509326069294,50,70,30,,
1732590000,937.05,941.6,934.3,935.35,,,,,,,957.560138157763,974.1875577885684,0,0,957.3987774090375,,,,,,4183,4467.2,-74.76980041600058,-73.60115934392657,-3.64540541816487,-2.3684757858670005e-15,-4.934324553889584e-16,28.61538346723195,43.23074556757332,50,70,30,,
1732604400,935.3,936.5,925.25,933.35,,,,,,,956.6107209751057,973.7812139299757,0,0,956.436826312676,,,,,,3978,4489.35,-74.45166069257111,-74.49270696061818,-8.976045997433587,-2.3684757858670005e-15,-4.934324553889584e-16,27.358966584396214,41.31491263412534,50,70,30,,
1732618800,933.25,937.75,925.8,927.75,,,,,,,955.4789279956898,973.3231919008217,0,0,955.2893532601689,,,,,,5207,4598.3,-76.13618202033935,-75.11921437630366,-15.285465832100286,-2.3684757858670005e-15,-4.934324553889584e-16,24.160233284820023,39.425073902102625,50,70,30,,
1732633200,927.85,934.3,923.25,923.5,,,,,,,954.2248523880157,972.8274387475797,0,0,954.0177791297622,,,,,,4215,4569.65,-77.58712405113997,-76.05832225468345,-18.50349191203783,-2.3684757858670005e-15,-4.934324553889584e-16,22.052915899191547,37.38119799894076,50,70,30,,
1732647600,923.4,928.15,923.35,927.55,,,,,,,953.1787797453485,972.3769169689967,0,0,952.9590679645717,,,,,,1654,4385.05,-73.39092062052237,-75.70474223066721,-21.497375207034366,6.7916278023718,2.263875934123934,28.45686092257756,35.48127746675308,50,70,30,,
1732662000,925.35,930,922.65,928.55,,,,922.65,,,952.2129452455309,971.9408282429371,0,0,951.9827052459888,,,,,,4880,4400.15,-68.00974806341213,-72.99593091169147,-20.803662484786244,16.075909113931658,7.622512305434487,29.986397289769542,33.76374444270316,50,70,30,,
1732676400,928.7,931.45,925.95,930.3,,,,,,,951.3536140594317,971.5264916435049,0,0,951.1153970361493,,,,,,5265,4614.25,-61.13361691201816,-67.51142853198421,-14.490927200123664,30.199928354962495,17.689155090421988,32.69809878579214,32.45864921191348,50,70,30,,
1732690800,930.35,936.45,927.2,932.5,,,,,,,950.6142566453364,971.1381683435695,0,0,950.3707811547033,,,,,,4791,4669.95,-52.308118826621694,-60.48382793401732,-14.831083068326805,46.6455265997817,30.973788022891952,36.05130642552267,31.6422477605963,50,70,30,,
1732705200,932.45,939.6,925.2,938.55,,,939.6,,,,950.1411485415977,970.8139079620415,0,0,949.8979499085152,,,,,,5160,4763.5,-36.16147068790504,-49.86773547551496,-13.833848391105533,70.69457862155517,49.18001119209979,44.2739052265266,31.7832087958604,50,70,30,,
1732719600,938.45,939,926.3,928.6,,,,,,,949.2963976183978,970.3938690768471,0,0,949.0460319121746,,,,,,5492,4813.1,-38.65214167549035,-42.37391039667235,-17.91136661684584,77.64510792183036,64.99507104772242,36.061450247062204,31.42688700992357,50,70,30,,
1732734000,928.7,929.75,926.2,927.85,,,,,,,948.4553624176763,969.9705469964804,0,0,948.1981906356876,,,,,,1367,4560.5,-40.68957173472139,-38.50106136603892,-20.569407862062164,74.68118122199611,74.34028925512722,35.52651569262376,31.193063836090733,50,70,30,,
1732748400,926.8,931.85,924.35,927.45,,,,,,,947.6316227150223,969.5474569766149,0,0,947.3682630102601,,,,,,4326,4551.55,-41.921153290065426,-40.42095556675904,-21.657155975703432,61.17147860254445,71.16592258212364,35.22638599895957,31.471349974333588,50,70,30,,
1732762800,927.4,930.55,925.1,929.35,,,,,,,946.9146963340411,969.1474822803301,0,0,946.6475324898497,,,,,,2245,4588.75,-38.73942311878388,-40.45004938119022,-18.452428445951213,63.93323279605571,66.59529754019876,37.9096224376901,32.00263144810038,50,70,30,,
1732777200,929.3,937.6,928.55,934.85,,,,,,,946.4415709876081,968.8062137999289,0,0,946.1756311902557,,,,,,2878,4484.1,-24.21011569296866,-34.95689736727264,-14.156809632445558,76.9932667820323,67.36599272687748,45.01082339283543,33.099204689642804,50,70,30,,
1732791600,934.8,936.4,930.7,933.6,,,,,,,945.9379799684862,968.455903214855,0,0,945.6726059426454,,,,,,2816,4345,-15.631289326080703,-26.19360937927773,-13.307764799306469,88.73587974829536,76.55412644212778,43.78517308178829,34.18276109068254,50,70,30,,
1732806000,933.65,934.5,930.85,931.3,,,,,,,945.3639415383494,968.0861927351052,0,0,945.0977017049396,,,,,,880,4209.95,-14.988877415480344,-18.276760811509885,-12.996373268603918,93.22973690145515,86.31962781059427,41.54358357563804,35.195948018628386,50,70,30,,
1732820400,928.8,929.55,926.75,926.75,,,,,,,944.6339830466494,967.6748873347559,0,0,944.363793636742,,,,,,21,3868.3,-25.847670925232592,-18.822612555597882,-15.519598401103693,82.31584297358832,88.09381987444628,37.45810395376952,36.145795923553344,50,70,30,,
1732834800,931.75,939.95,930.05,939.55,,,,,,,944.434611162467,967.3950377095344,0,0,944.1712418912723,,,,,,3582,3549.45,-3.542694673871253,-14.793081004861397,-15.158396233761778,84.08293262677694,86.54283750060681,51.8143290515737,38.271611148723494,50,70,30,,
1732849200,939.6,943.65,938.05,943.1,,,,,,,944.3822734698213,967.1532960407828,0,0,944.1283922156214,,,,,,3422,3641.75,14.951843086341405,-4.812840837587481,-9.717135036092472,89.08610607213318,85.16162722416614,54.90598519753377,40.16083431122037,50,70,30,,
1732863600,943.05,944.55,939.05,941.3,,,,,,,944.2614000004165,966.8960493140089,0,0,944.0152565269965,,,,,,3104,3473.3,23.72537288989629,11.711507100788813,-4.030795255618443,97.22848837949805,90.13250902613606,53.04746723141678,41.808053592766605,50,70,30,,
1732878000,941.25,946.1,935.15,939.1,,,,,,,944.058992157263,966.6194717088944,0,0,943.8186462659166,,,,,,4630,3495.65,25.83699386868595,21.504736614974547,-10.321178396995336,90.28343743220648,92.19934396127924,50.7848249720273,43.09996260606912,50,70,30,,
1732892400,939.15,951.15,938.7,947.95,951.15,,,,,,944.2115807001154,966.4337058212436,0,0,943.98390041528,,,,,,4834,3538.45,39.21019891753076,29.590855225371,-7.669293673268243,90.28343743220648,92.598454414637,58.46051789562433,44.70062056821923,50,70,30,,
1732906800,948,948.3,939.5,939.85,,,,,,,944.0405383197187,966.1691913354601,0,0,943.8185443986688,,,,,,302,3293.2,34.97511634258292,33.340769709599876,-10.412254274617496,81.93548954549497,87.50078813663599,50.67109505941372,45.157562699139746,50,70,30,,
1733094000,945.4,946.5,939.55,940.1,,,,,,,943.88600740522,965.9097963967988,0,0,943.669802622722,,,,,,4894,3327.15,31.86306899008229,35.34946141673199,-11.3512721079382,78.07240114317963,83.43044270696038,50.88859774749668,46.2166446634565,50,70,30,,
1733108400,940.25,943.4,937.45,939.35,,,,,,,943.708124761878,965.6455198157362,0,0,943.4970105178131,,,,,,2538,3371.35,27.16276881508268,31.33365138258263,-16.23858924980499,66.23869434470554,75.41552834446007,50.1738601837997,47.262883555683345,50,70,30,,
1733122800,939.4,944.3,936.05,943.3,,,,,,,943.6921198692554,965.4231763349826,0,0,943.4891300971005,,,,,,3418,3298.25,33.82722407926374,30.951020628142903,-18.585169326506545,70.07724352973177,71.46277967253899,53.85020638663882,48.593156440517575,50,70,30,,
1733137200,943.35,947.85,936.4,937.85,,,,,,,943.4630171292846,965.1488163714504,0,0,943.2635648932165,,,,,,4774,3273.7,22.01637413264963,27.668789008998687,-25.081146484794004,65.16234432061553,67.15942739835096,48.52972332034827,49.35173507499316,50,70,30,,
1733151600,937.6,946.7,935.55,943.8,,935.55,,,,,943.4762321438225,964.9363903379036,0,0,943.2850222974879,,,,,,5634,3315.85,30.41378757411107,28.75246192867481,-19.671964164775957,69.75726888585565,68.33228557873433,53.88642689947688,49.98570675403898,50,70,30,,
1733166000,943.85,946.65,943.55,944.35,,,,,,,943.5104975499471,964.7315506330489,0,0,943.3276214055884,,,,,,738,3094.75,36.56767082062575,29.665944175795477,-16.030189769127105,70.54587707249073,68.48849675965398,54.35927759146129,50.74099993330134,50,70,30,,
1733180400,943.9,948.25,939.65,940.5,,,,,,,943.3924388224982,964.4904406765011,0,0,943.2145165493648,,,,,,3068,2973.55,28.446891494175897,31.809449962970902,-14.401846432543039,73.5989349125032,71.30069362361654,50.45882410649197,51.377802828362334,50,70,30,,
1733194800,940.4,947.95,940,946.75,,,,,,,943.5241078882826,964.313918878725,0,0,943.3559358873903,,,,,,3415,3075.95,40.176621442028654,35.063727918943435,-9.357900015573989,72.47737374277551,72.20739524258983,55.980721333538845,52.70084692691728,50,70,30,,
1733209200,946.85,957.3,946.05,955.05,,,,,,,943.9761036573695,964.2217405814242,0,0,943.8236984518946,,,,,,2836,3001.45,58.156128914751605,42.259880616985384,-12.298883251789675,78.96967587832765,75.01532817786881,62.03290544368484,53.43074524063951,50,70,30,,
1733223600,955.1,959.25,947.45,952.1,959.25,,,,,,944.2946878276688,964.1011262472807,0,0,944.1547505138188,,,,,,3534,3065.9,62.095202002442505,53.47598411974093,-2.2994537672887105,84.02906765121729,78.4920390907735,58.9315897744281,53.718288424703395,50,70,30,,
1733238000,953.8,956.5,950.1,954.8,,,,,,,944.7066608540347,964.0085777274073,0,0,944.580560493266,,,,,,4234,3133.7,66.319780749487,62.19037055556037,2.0775753498577103,89.5190424370292,84.1725953221914,60.86030335094779,54.27634814752703,50,70,30,,
1733252400,954.85,954.85,949.6,949.8,,,,,,,944.9063996440725,963.8671988445476,0,0,944.7893380735354,,,,,,1445,3065.15,59.567711662785555,62.66089813823836,6.2764070939742,73.82010616845916,82.45607208556856,55.64832211131623,54.62374080033339,50,70,30,,
1733266800,950.25,952,947.65,950.2,,,,,,,945.1139918148932,963.7312068162437,0,0,945.005764550594,,,,,,3018,3172.05,54.44806536578392,60.11185259268549,0.7680627754699287,66.53320261869038,76.62411707472626,55.973155721604606,54.44607207361769,50,70,30,,
1733281200,950.3,952.45,946.95,952.3,,,,,,,945.3957960574464,963.6174634648382,0,0,945.2975339685702,,,,,,4120,3377,54.247308206116614,56.0876950782287,7.16766122675142,58.82116340748403,66.39149073154454,57.72377262023924,54.9498347565338,50,70,30,,
1733295600,952.25,952.9,938.3,939.6,,,,,,,945.1685099375466,963.3784837288697,0,0,945.0696326098274,,,,,,4384,3417.1,27.82002952798865,45.505134366629726,7.756139818641216,41.186766342720716,55.513710789631716,45.85014592563613,54.58994534068661,50,70,30,,
1733310000,939.5,942.35,929.35,936.05,,,,929.35,,,944.8109213125447,963.1065585176372,0,0,944.7088473054343,,,,,,5239,3507.95,6.1779718753670245,29.41510320315743,6.6912280070651775,22.750925504977214,40.919618418393995,43.1766070125687,54.09014154274155,50,70,30,,
1733324400,936.2,949.1,932.45,937.85,,,,,,,944.5379440061704,962.8552494776607,0,0,944.434493413217,,,,,,5285,3617,-5.731909344742775,9.4220306862043,11.64529863719713,3.130226711614517,22.35597285310415,44.930040826079136,53.45298685984443,50,70,30,,
1733338800,937.95,941.15,936.7,937.5,,,,,,,944.2619462020068,962.6029584380819,0,0,944.1571136766883,,,,,,1405,3455.75,-14.319360479503246,-4.624432649626332,7.281045224042501,5.745678129174045,10.542276781921927,44.641583199467505,53.1752625654958,50,70,30,,
1733353200,939.8,945.95,938.45,940.05,,,,,,,944.0967718411438,962.3785508914343,0,0,943.9928291296208,,,,,,2469,3337.5,-16.346455057588905,-12.132574960611642,5.473226202442746,13.089031889292308,7.321645576693624,47.29644513951813,52.704549582641604,50,70,30,,
1733367600,940.1,943.5,938.4,942,,,,,,,944.0145454944322,962.1757792407733,0,0,943.913115964436,,,,,,3158,3480.3,-13.80026710745141,-14.822027548181188,-0.719804259961208,20.858359325038503,13.23102311450162,49.29886469907677,52.34309151889985,50,70,30,,
1733382000,941.95,948.3,941.85,944.65,,,,,,,944.0394652789643,962.001393377681,0,0,943.9425913258585,,,,,,3182,3394.7,-5.312952054588493,-11.819891406542936,-2.170207982829396,33.87344203166629,22.606944415332368,51.96957944709711,52.451002614657355,50,70,30,,
1733396400,944.5,945.3,935.95,938.3,,,,,,,943.814388209201,961.7655586177041,0,0,943.7168876728242,,,,,,5207,3528.15,-14.620761009228135,-11.244660057089346,-2.0867796587430263,31.111640633048037,28.614480663250944,45.75059965072928,51.720279637313816,50,70,30,,
1733410800,938.4,939.4,932.35,935.5,,,,,,,943.4883337696244,961.5042097757369,0,0,943.3882121659112,,,,,,7902,3752.35,-25.97832084619712,-15.304011303337916,-7.597911043697806,20.417045328386347,28.467375997700227,43.29061343910018,50.381544494129194,50,70,30,,
1733425200,935.55,940,935.45,936.2,,,,,,,943.2025167590509,961.2524265938887,0,0,943.1006836792748,,,,,,1589,3593.1,-31.494464048527995,-24.031181967984413,-2.909613217336968,6.530865562168802,19.353183841201062,44.0998464214727,49.32213425463238,50,70,30,,
1733439600,937,942.1,931.15,941.25,,,,,,,943.1259474743823,961.0533974735515,0,0,943.0266563321038,,,,,,3444,3483.6,-22.389594602564365,-26.62079316576316,-1.9202303008354278,16.896112411546635,14.61467443403393,49.678740892737935,48.52345122190311,50,70,30,,
1733454000,941.3,946.1,938.75,940.65,,,,,,,943.0288514949948,960.8503785932177,0,0,942.9315900788197,,,,,,2422,3567.8,-16.714919193182755,-23.53299261475837,-2.302632571145125,30.19994264185068,17.875640205188706,49.0523584241128,48.052310958531436,50,70,30,,
1733468400,940.6,941.15,931.35,933.85,,,,,,,942.6688965344067,960.581718109703,0,0,942.5683264756669,,,,,,2294,3529.1,-30.443910575935,-23.182808123894038,-1.9299543136946937,28.45558828388091,25.183881112426075,42.51041603922767,47.090686695504516,50,70,30,,
1733482800,933.95,937.3,927.8,929.65,,,,,,,942.1583515722731,960.2739398200542,0,0,942.0515934166402,,,,,,4112,3563.95,-44.71153225280759,-30.62345400730845,-4.652315811426433,13.508789073003065,24.05477333291155,39.04659789288283,45.75660278640763,50,70,30,,
1733497200,928.05,933.6,925.6,927.4,,,,925.6,,,941.5795926870859,959.9468359412477,0,0,941.4655296799746,,,,,,2448,3544.55,-54.53084581714959,-43.22876288196406,-6.591512987101311,0,13.988125785627991,37.29348220728624,45.14541252081121,50,70,30,,
1733511600,927.5,931.9,925.65,930.2,,,,,,,941.1333341503374,959.6508475239219,0,0,941.0149084927756,,,,,,588,3397.25,-54.92863908262444,-51.39033905086054,-8.89332002302784,8.13397963265488,7.214256235219314,40.85245212036397,44.979401457082304,50,70,30,,
1733698800,928.4,936.75,926.9,936.35,,,,,,,940.9457524189517,959.4189982948282,0,0,940.8283121530645,,,,,,4341,3402.6,-41.858539087320274,-50.439341329031436,-8.09123900687014,32.167310396196704,13.433763342950527,47.85315204305034,45.18819511543739,50,70,30,,
1733713200,936.3,936.5,929.05,934.55,,,,,,,940.6949385986006,959.1715455754767,0,0,940.5771796669419,,,,,,3900,3525.35,-35.41451858592422,-44.06723225195632,-7.599134321416571,52.30057071257725,30.867286913809608,46.13211523440958,45.29466168936182,50,70,30,,
1733727600,934.5,951.8,934.25,949.8,,,,,,,941.0519998300281,959.0782963657705,0,0,940.9460924802643,,,,,,2660,3507.45,-4.940687999789375,-27.404581891011293,-1.8432819269724519,77.49992441325571,53.98926850734322,59.44116625005414,46.16214176868583,50,70,30,,
1733742000,949.85,954.95,943.9,952.4,,,954.95,,,,941.4970194445368,959.0118456556634,0,0,941.4042487810538,,,,,,5455,3574.2,14.888847854818444,-8.488786243631722,-1.222636215818497,86.79992698304721,72.20014070296006,61.20121028440325,47.01230931049486,50,70,30,,
1733756400,952.5,953.6,940.45,940.75,,,,,,,941.467724564359,958.8301357486419,0,0,941.3780788298116,,,,,,4410,3575.5,12.903780962547696,7.617313605858919,-4.649013248621955,85.33254298394839,83.21079812675043,50.60463289213401,46.91481312799749,50,70,30,,
1733770800,940.7,941.9,936.55,937.1,,,,,,,941.2964412481095,958.6139154924365,0,0,941.2069556766191,,,,,,1556,3391.35,4.760479356517518,10.851036057961217,-2.0377011672485708,66.76337225946448,79.63194740882001,47.81151217600733,47.06202116551735,50,70,30,,
1733785200,938.2,942.65,933.85,937.15,,,,,,,941.133835708968,958.4003441940043,0,0,941.0446774495543,,,,,,3227,3288.45,-1.381915228935095,5.427448363376704,-2.500330712496819,48.253576362789566,66.78316386873414,47.85397241951834,47.387975378404356,50,70,30,,
1733799600,937.2,939.3,934.8,935.8,,,,,,,940.9246656811654,958.1754651472978,0,0,940.8348903515722,,,,,,3754,3405.9,-8.631092617163105,-1.7508428298602279,-8.10557532127882,42.86273329213308,52.626560638129035,46.74806230765321,47.57713365598868,50,70,30,,
1733814000,935.6,939.8,929.75,939.5,,,,,,,940.8687964387667,957.9896396234441,0,0,940.7814947375093,,,,,,3846,3474.75,-5.13472875638711,-5.049245534161771,-7.275943263464995,46.12489158443855,45.747067079787065,50.14848447569412,47.61068676905698,50,70,30,,
1733828400,939.55,942.9,931.15,932.7,,,,,,,940.5484514803837,957.7380014182356,0,0,940.4582349480089,,,,,,3981,3515.9,-18.33051497386733,-10.698778782472516,-14.915947414513681,41.45137625710388,43.479667044558504,44.52169132783071,47.28706769075112,50,70,30,,
1733842800,932.65,941.8,931.55,939.4,,,,,,,940.5034141674275,957.5555337424323,0,0,940.4159055500885,,,,,,2418,3477.7,-10.804233166967744,-11.42315896574073,-13.444855398384448,46.58171202517371,44.719326622238704,50.424039780936155,47.85232652944459,50,70,30,,
1733857200,939.5,941.7,937.7,939,,,,,,,940.4444567490971,957.3709015658907,0,0,940.3592693280849,,,,,,1358,3285.25,-5.947235637352084,-11.693994592729053,-10.105061260332675,46.48308426921034,44.8387241838293,50.0814703741497,48.640531706677926,50,70,30,,
1733871600,940.15,946.8,938.05,946.05,,,946.8,,,,940.6642819746227,957.2582557791654,0,0,940.5868985549615,,,,,,2250,3002.65,13.908445892141287,-0.9476743040595146,-10.994963434106012,60.852203163927435,51.305666486103824,55.78326323667122,49.96123035163401,50,70,30,,
1733886000,946.25,946.45,935.05,938.5,,,,,,,940.5794081716963,957.07160646793,0,0,940.5034226127631,,,,,,1065,2976.45,8.30274067234867,5.421316975712624,-14.2481855519692,52.036937841713524,53.124075091617094,49.290158818336764,50.56392368720349,50,70,30,,
1733900400,938.55,938.9,926.05,931.7,,926.05,,,,,940.2311960865318,956.8191526722292,0,0,940.1512857082525,,,,,,4056,3007.05,-10.769407193656583,3.8139264569444564,-20.416979333542983,34.109244696522005,48.99946190072098,44.289824161714556,50.30940026710808,50,70,30,,
1733914800,931.65,938.15,930.85,937.65,,,,,,,940.1299727105894,956.6284148346946,0,0,940.0512342799225,,,,,,5337,3152.8,-9.907251724919544,-4.1246394154091535,-19.33884606339376,19.238109787917324,35.128097442050944,49.150720849756404,50.52501495391857,50,70,30,,
1733929200,937.75,941.8,930.45,932.35,,,,,,,939.8248757415467,956.3868385676827,0,0,939.7431849087255,,,,,,3653,3220.75,-22.466976295091367,-14.381211737889165,-20.904728427385706,11.765991534057179,21.70444867283216,45.3545454736902,49.518827755606864,50,70,30,,
1733943600,932.45,938.35,932.25,937.55,,,,,,,939.7356649281528,956.1994073381535,0,0,939.6554575123765,,,,,,1047,3067.5,-16.643217612347676,-16.339148544119528,-17.861753906021065,26.865225990231608,19.289775770735357,49.477542317804826,48.68142290084983,50,70,30,,
1733958000,929.9,945.25,929.85,939.9,,,,,,,939.7421094407742,956.03722418056,0,0,939.6652392118815,,,,,,1613,3025.75,-4.82752519937125,-14.645906368936766,-20.11781287482104,37.49869285936223,25.376636794550326,51.26703925431459,48.72873764100559,50,70,30,,
1733972400,940,947.3,940,946.15,,,,,,,939.9933992666263,955.9388438404549,0,0,939.9246296434062,,,,,,2389,3115.8,16.205391321392703,-1.7551171634420744,-14.66636882929852,68.60677056777233,44.32356313912205,55.75554869040715,49.29616882060558,50,70,30,,
1733986800,946.1,949.1,936,941,949.1,,,,,,940.03287380519,955.7901986281121,0,0,939.96764445767,,,,,,4332,3115.35,18.394233387319467,9.924033169780307,-14.131646135607994,74.58545325670617,60.23030556128023,51.542856536677284,49.55966054325979,50,70,30,,
1734001200,942.1,942.95,929.05,936.8,,,,,,,939.9060944402805,955.6012414278324,0,0,939.8409386793631,,,,,,7771,3308.9,7.662718071950547,14.087447593554238,-24.775923271263437,66.08345335089201,69.75855905845683,48.33537983633014,49.67304036673671,50,70,30,,
1734015600,937.25,938.05,926.55,932.15,,,,,,,939.601933873995,955.3678957419834,0,0,939.5333011321886,,,,,,9311,3641.45,-10.011912321908014,5.348346379120666,-29.773190534832437,34.91634591352104,58.52841750703973,44.99677684322071,49.305061250131466,50,70,30,,
1734030000,932.75,933.6,928.4,929.2,,,,,,,939.1940148985442,955.1075186699238,0,0,939.119969086901,,,,,,1111,3424.25,-25.425303615681784,-9.258165955213085,-32.72679297086721,13.838428768412776,38.27940934427526,42.96905137927405,49.194158396663134,50,70,30,,
1734044400,924.25,935.25,923.1,932.15,,,,,,,938.9177790201699,954.8790856483325,0,0,938.841170323425,,,,,,1923,3299.9,-29.574743321661188,-21.670653086416994,-31.9381733586316,8.970087675576453,19.241620785836744,45.60867537650752,48.85020379634681,50,70,30,,
1734058800,932.2,933.1,930.05,932.85,,,,,,,938.6798269017319,954.6598907662595,0,0,938.6015235104879,,,,,,1404,3292.3,-30.567051164185052,-28.522366033842673,-33.69843905284928,15.482870477267348,12.76379564041885,46.24446779640413,48.5761321836507,50,70,30,,
1734073200,932.7,937.15,927.25,936.55,,,,,,,938.5963042781345,954.4796928481873,0,0,938.5194625700684,,,,,,3250,3293.45,-21.025215117000734,-27.05566986761566,-27.297917644233124,32.84071041799334,19.097889523612373,49.59814021763917,48.134337682291275,50,70,30,,
1734087600,936.5,937.1,920.45,921.2,,,,,,,937.9140962672273,954.1485516258173,0,0,937.8266840672657,,,,,,4512,3331.35,-42.11835624211852,-31.23687417443477,-25.145188882481236,25.929578452077056,24.75105311577924,38.78693180972304,47.38410718167601,50,70,30,,
1734102000,923.05,923.05,915.5,922.5,,,,915.5,,,937.3096219038066,953.8336406643664,0,0,937.2136167045751,,,,,,2529,3265.5,-50.77906624251504,-37.9742125338781,-28.2708753203096,19.73076345533721,26.16701744180253,39.98015954577881,47.07627399482345,50,70,30,,
1734116400,920.65,922.7,919.45,920.45,,,,,,,936.6484602605201,953.5014651353678,0,0,936.5430720363921,,,,,,303,3081.6,-56.87951640436529,-49.92564629633296,-31.51476106206026,2.372923514611211,16.011088474008485,38.699083063351175,46.32972843865165,50,70,30,,
1734303600,920.5,925.2,917.85,919.15,,,,,,,935.9622461326566,953.1596595121302,0,0,935.8473491549364,,,,,,1869,3054.15,-60.437075862352366,-56.03188616974423,-35.27965280138011,2.37292351461121,8.15887016151987,37.87036986224292,45.79514446640541,50,70,30,,
1734318000,919.2,921.3,916.2,919.25,,,,,,,935.3068639313759,952.8222499647459,0,0,935.183455188739,,,,,,1393,3055.9,-60.95621758492883,-59.424269950548826,-34.689923853204306,0.20794881646490948,1.65126528189577,37.98039044499346,44.973919332633166,50,70,30,,
1734332400,919.15,927,918.55,921.85,,,,,,,934.7791437772044,952.5140683730568,0,0,934.6501169811894,,,,,,2837,3085.25,-56.491430958621805,-59.294908135301,-29.018836015456245,5.941225225702894,2.840699185593005,40.910240705752145,44.23414800773584,50,70,30,,
1734346800,921.75,941.85,919.2,939.25,,,,,,,934.9544714722159,952.3820875932254,0,0,934.8341123019418,,,,,,4976,3280.8,-29.587696662411236,-49.011781735320625,-22.193676698966456,39.27455855903623,15.141244200401346,55.9185778755812,44.24579294953399,50,70,30,,
1734361200,939.3,941.95,934,934.95,,,941.95,,,,934.9542961203643,952.2086339853325,0,0,934.8387478098641,,,,,,3635,3259.75,-15.570306424537167,-33.88314468185674,-19.34229204454647,65.92024976551058,37.0453445167499,52.378007577397646,44.30544659529973,50,70,30,,
1734375600,934.85,936.2,934.55,935.95,,,,,,,934.9933433313305,952.0468565327421,0,0,934.8831978974696,,,,,,811,3033.45,-4.096616543764625,-16.418206543571014,-24.06330974237369,88.40213459560351,64.53231430671677,53.12138287198248,44.647303954989184,50,70,30,,
1734390000,936.1,941.4,934.55,935.5,,,,,,,935.0132122202979,951.8822111941079,0,0,934.9078699815708,,,,,,1698,2935.7,3.7170123268071116,-5.316636880498227,-26.32432366791309,82.5527793922014,78.95838791777183,52.722547064507495,45.199144685081095,50,70,30,,
1734404400,935.65,936.4,929.05,930.75,,,,,,,934.846027427345,951.6719404359576,0,0,934.7415551823079,,,,,,1144,2940.55,2.1260010472513566,0.5821322767646137,-29.969795780926916,75.56142984229633,82.17211461003374,48.576653558336155,45.59968769787124,50,70,30,,
1734418800,930.65,934.8,919.05,924.45,,,,,,,934.4383400772531,951.4010753569928,0,0,934.3298929750156,,,,,,3028,3011.3,-9.432729163149098,-1.196571929696877,-38.237691018934854,58.143548555650206,72.08591926338265,43.67151133507899,45.461318837769205,50,70,30,,
1734433200,925.55,935.05,925.3,931.2,,,,,,,934.3113463487333,951.2000696320476,0,0,934.2046972560149,,,,,,4358,3109.75,-5.376245153370173,-4.227657756422638,-30.293527166175807,52.30603077491086,62.0036697242858,49.549604838799,45.69740005508312,50,70,30,,
1734447600,931.55,938.9,928.55,937.25,,,,,,,934.4265876683909,951.0612629690422,0,0,934.3265093657743,,,,,,2696,3027.95,8.480888862514593,-2.109361818001559,-26.207427993839843,62.54947856451556,57.666352631692206,54.16628449993317,46.02369607524698,50,70,30,,
1734462000,937.35,938.15,936.5,936.8,,,,,,,934.5196626617873,950.9193598549224,0,0,934.4254489911433,,,,,,495,2664.15,16.900105577022234,6.668249762055551,-23.32263680859458,81.13730652271767,65.33093862071469,53.772132034298636,47.094067519859514,50,70,30,,
1734476400,938.5,940.7,936.85,938.55,,,,,,,934.6777151064231,950.7962816474108,0,0,934.5904310314976,,,,,,1346,2265.9,25.164380342155013,16.848458260563948,-18.913106062025562,91.37262036470274,78.35313515064531,55.139268203582944,48.17686099541696,50,70,30,,
1734490800,935,939.25,934.5,938.3,,,,,,,934.8197654944065,950.6719405364912,0,0,934.7388137902377,,,,,,650,2242.85,29.86519763447317,23.97656118455014,-16.227649615706085,92.69270655631594,88.40087781457878,54.88953052602566,49.333321528465135,50,70,30,,
1734505200,938.35,939.15,929.85,933.85,,,,,,,934.781735475018,950.5045580435908,0,0,934.7032612386282,,,,,,2183,2255.85,23.328977124548935,26.11951836705904,-14.67061406010069,86.64354076278084,90.23628922793318,50.504637389349256,50.235769208972734,50,70,30,,
1734519600,933.95,934.7,923.15,926.55,,,,,,,934.4589223191349,950.2662042322117,0,0,934.3771307890831,,,,,,2690,2320.15,3.9400665314049306,19.04474709680901,-19.696398525593366,62.254128832659966,80.53012538391893,44.25847242184705,50.684203635890846,50,70,30,,
1734534000,926.25,932.7,922.85,930.25,,,,,,,934.2938665419139,950.0670380209459,0,0,934.2120455575198,,,,,,1656,2240.45,-2.545521618391885,8.24117401252066,-19.344795765229378,42.06124661202991,63.65297206915691,47.78343141377381,51.17514582932096,50,70,30,,
1734548400,929.95,930.85,916.8,917.9,,,,,,,933.65096981478,949.7469679908868,0,0,933.559563735219,,,,,,3561,2192.9,-24.534787963448093,-7.713414350145015,-24.837572000625286,18.725304494678113,41.013559979789335,38.933356181839464,49.961915708339404,50,70,30,,
1734562800,913.85,926.4,913.85,925.55,,,,913.85,,,933.3332847240042,949.5062021402312,0,0,933.2391811858101,,,,,,3095,2221.2,-27.392271841506602,-18.157527141115526,-20.506390370034012,25.128260492891897,28.638270533199982,45.64856888382805,49.481241515941576,50,70,30,,
1734577200,925.5,926.3,922.7,926.15,,,,,,,933.0515872838472,949.2738021189354,0,0,932.9556139383777,,,,,,2359,2324,-28.04055868647841,-26.6558728304777,-14.545927427249225,28.819844485003898,24.224469824191306,46.14874853607664,48.98319620623402,50,70,30,,
1734591600,926.2,929.95,921.95,924.45,,,,,,,932.714270135461,949.0267991127768,0,0,932.6153893808427,,,,,,2526,2356.85,-31.312349095525303,-28.915059874503438,-17.6440914311046,41.14787477550142,31.698659917799077,44.88828466877541,48.423606035110296,50,70,30,,
1734606000,924.5,929.2,920.45,922.55,,,,,,,932.3156713066194,948.7633483753361,0,0,932.212773805609,,,,,,4443,2509.35,-36.47739568735497,-31.943434489786227,-18.394306929909604,36.632785971427325,35.53350174397755,43.459570775405886,48.058100122043854,50,70,30,,
1734620400,922.85,924.65,916.7,923.1,,,,,,,931.95427243185,948.507991675084,0,0,931.8482628533847,,,,,,3079,2521.45,-38.21633792488426,-35.33536090258818,-22.009981828033318,32.235076471248256,36.671912406059,44.015062036838664,48.08263945788383,50,70,30,,
1734634800,923,924.95,921.6,921.7,,,,,,,931.5521441011892,948.2412454892623,0,0,931.4423323392492,,,,,,897,2317.5,-41.50969776297597,-38.734477125071734,-22.85723196301963,28.050295835848292,32.30605275950796,42.86073783100595,47.604863243041464,50,70,30,,
1734649200,923,924.7,915.7,916.55,,,,,,,930.963824724672,947.9259097132497,0,0,930.8466390456792,,,,,,2923,2281.9,-51.28408539476649,-43.67004036087557,-27.995921554969968,18.670066380652532,26.318479562583033,38.82686092698512,46.50919013068803,50,70,30,,
1734663600,916.6,921.45,916.4,919.7,,,,,,,930.5221061080182,947.6450548902322,0,0,930.400773483852,,,,,,1582,2320.45,-50.76492228800014,-47.85290181524754,-22.673207607419883,15.497972035467798,20.739444750656215,42.39785912815823,45.696742065963726,50,70,30,,
1734678000,918.75,929.1,914.6,926.1,,914.6,,,,,930.3486901822135,947.4306762346081,0,0,930.228742544498,,,,,,3276,2399.35,-35.25984896740144,-45.76961888338936,-11.787029356279007,28.379253023129348,20.849097146416568,48.92191370937733,45.2526453163776,50,70,30,,
1734692400,926.05,930.3,924.15,926.75,,,,,,,930.2075650770287,947.2248983616269,0,0,930.089592842718,,,,,,3813,2532.8,-21.843343550482174,-35.956038268627914,2.6354800396452305,59.00339585642221,34.293540305006466,49.5469204577688,44.87103031150212,50,70,30,,
1734706800,928.1,932.8,926.8,926.8,,,,,,,930.073935074008,947.0216655421082,0,0,929.9580091290093,,,,,,4255,2594.15,-11.46105183950905,-22.85474811913089,8.192594385314223,84.98200680938531,57.45488522964563,49.59801083352807,44.806271271800604,50,70,30,,
1734721200,927,928.95,921.75,922.85,,,,,,,929.7906435024782,946.7811514571121,0,0,929.6736887638489,,,,,,1294,2440.95,-14.4507383775995,-15.918377922530242,8.90825345891659,85.16090424164331,76.38210230248362,45.663986725780624,44.906665150653,50,70,30,,
1734908400,929.45,937.55,928.1,936.55,,,,,,,930.0557163063027,946.6793489550513,0,0,929.948741213295,,,,,,2767,2444.5,11.300660656027702,-4.870376520360286,10.193370014616619,87.87009474168377,86.00433526423747,58.08264735425194,45.64232343211573,50,70,30,,
1734922800,936.65,938,931.5,932.05,,,,,,,930.1339235099771,946.533783293807,0,0,930.0327915647632,,,,,,2401,2539.8,19.81290893654031,5.554277071656167,4.169076924195352,80.41213541063462,84.48104479798724,53.73808712931778,46.69980421407846,50,70,30,,
1734937200,932.1,939.7,931.9,936.1,,,,,,,930.3678872938996,946.4299645545651,0,0,930.2754799021727,,,,,,4051,2675.05,31.09983291124466,20.73780083460422,13.557749066888434,90.45580410409163,86.24601141880335,56.865272800694534,47.5009973509975,50,70,30,,
1734951600,935.85,944.9,932.7,935.5,944.9,,,,,,930.5691466157074,946.3212086883506,0,0,930.4844607060858,,,,,,1862,2735.65,36.71678274640358,29.209841531396183,18.363847012237315,87.32897882048826,86.06563944507151,56.25853727024471,48.22312511772379,50,70,30,,
1734966000,934.7,938,929.75,934.3,,,,,,,930.715454591562,946.2015946715511,0,0,930.6370822778423,,,,,,2535,2753.25,37.86591126008948,35.227508972579244,14.620945352843066,89.48997075730217,89.09158456062737,54.99470950440748,48.94501260598322,50,70,30,,
1734994800,938.35,941.15,933.75,937.75,,,,,,,930.9913191173831,946.1174992021824,0,0,930.9215989867286,,,,,,1559,2696.7,43.521786503372304,39.368160169955125,18.355773770490487,91.30058782174103,89.37317913317717,57.921440786770034,49.978003321080664,50,70,30,,
1735009200,938.9,940,935.05,939.55,,,,,,,931.3269536617995,946.0521509514144,0,0,931.2667350272594,,,,,,1037,2665.75,48.74537820403638,43.37769198916606,21.046928104741767,94.42741310534443,91.7393238947959,59.40475296454983,51.07726695877432,50,70,30,,
1735023600,939.6,941.55,931.65,935.8,,,,,,,931.5023672436897,945.9501394991615,0,0,931.4480656261691,,,,,,2529,2614.15,44.80959134132796,45.69225201624554,15.322773047735524,92.73717635019864,92.82172575909472,55.050846000070166,51.947988970850325,50,70,30,,
1735038000,935.75,942.15,933,938.9,,,,,,,931.7924704890352,945.8799888573789,0,0,931.7461430011223,,,,,,2267,2572.75,47.20357580171018,46.9195151156915,13.119002896083202,89.90379275129952,92.35612740228089,57.80408235769286,53.30350478732945,50,70,30,,
1735052400,940.85,944.25,936.1,938.05,,,,,,,932.0378638031907,945.8020785204895,0,0,931.9982972810774,,,,,,2263,2567.95,46.181600683931606,46.06492260898991,11.830465338831246,83.57111481001684,88.73736130383834,56.77716012754566,54.33059771585712,50,70,30,,
1735167600,941.05,944.6,929.65,931,,,944.6,,,,931.9971632618891,945.6547941571016,0,0,931.9583653898343,,,,,,1198,2501.55,28.30258292491569,40.56258647018583,11.269339229923986,65.37034125181408,79.61508293771017,49.001406916752224,54.33627580209819,50,70,30,,
1735182000,931.05,933.9,930.55,933.65,,,,,,,932.0619803888738,945.5353434689713,0,0,932.0260307742409,,,,,,1432,2351,20.763386787044674,31.749190131963985,7.850447951253315,49.799946548183776,66.24713420333826,51.680177801458335,54.48865132664745,50,70,30,,
1735196400,933.6,938.6,928.45,931.95,,,,,,,932.0575890010749,945.4001659220163,0,0,932.0229895432713,,,,,,1521,2273.1,10.106018397889427,19.723996036616594,10.704937708974043,33.054268071165694,49.408185290387884,49.87046956495355,54.50811266460641,50,70,30,,
1735210800,932.9,940.5,928.55,938.15,,,,,,,932.2965070794642,945.3280249675684,0,0,932.2680699615404,,,,,,2568,2356.65,19.643014165772108,16.83747311690207,17.13272353760358,47.14368445484987,43.33263302473315,55.93142416578938,55.24150105317846,50,70,30,,
1735225200,935.1,940,925.5,930.9,,,,,,,932.2417420959557,945.18446253008,0,0,932.2133471630788,,,,,,3453,2383.15,5.827916692967664,11.858983085543066,8.437126324591887,32.48974892446633,37.56256715016067,48.540737870712356,54.55993609006849,50,70,30,,
1735239600,930.85,935,927.7,927.7,,,,,,,932.063634562781,945.010487778537,0,0,932.0328132765557,,,,,,1009,2354.5,-10.256977011416526,5.071317949107749,4.4358563144670455,22.234772009433755,33.95606846291668,45.67209503220639,53.983793797417675,50,70,30,,
1735254000,932.75,939.85,932.05,936.5,,,,,,,932.237609677966,944.9258063081038,0,0,932.2115007454935,,,,,,2434,2312.4,0.3161460720753393,-1.3709714154578403,6.440833746352141,19.68987904094454,24.804799991614903,53.76426900924097,53.76229352659957,50,70,30,,
1735268400,936.65,939.2,930.25,934.9,,,,,,,932.3420171415752,944.8260470413564,0,0,932.3190407156737,,,,,,2335,2238.5,4.067729449934791,-1.9577004964687978,2.0803094960966177,35.68536938857931,25.870006812985896,52.24066214596725,53.47530244629404,50,70,30,,
1735282800,934.8,941,930.95,935.1,,,941,,,,932.4501733321016,944.7292704538803,0,0,932.4302790870468,,,,,,2404,2145.95,7.58547300565937,3.989782842556501,5.321011603259976,52.121128446923365,35.83212562548244,52.42216295524032,53.291549121353526,50,70,30,,
1735297200,935.2,937.3,917.5,918.1,,,,,,,931.887421436725,944.4643025886676,0,0,931.8570679235648,,,,,,3506,2256.55,-22.239574977933806,-3.5287908407798816,3.636997763824425,32.431249405978825,40.07924908049387,38.892436197444034,51.93233450783024,50,70,30,,
1735311600,919.9,922.4,913.45,917.5,,,,,,,931.3232088313633,944.1960010703724,0,0,931.2827852066223,,,,,,3581,2297.25,-37.74675078959537,-17.466950920623265,2.5145067235355754,16.43575905834405,33.66271230374878,38.5146147046018,50.44018177497681,50,70,30,,
1735326000,917.6,921.55,914.25,914.45,,,,,,,930.6615143673883,943.9000209602194,0,0,930.6094737983574,,,,,,1130,2233.7,-48.436360117533425,-36.14089529502086,-0.4184557910845257,-7.105427357601002e-15,16.28900282144099,36.56980365777753,49.120107321955906,50,70,30,,
1735513200,914.7,922.9,913.3,920.25,,,,,,,930.2532196863143,943.6646973685755,0,0,930.1950948464231,,,,,,2355,2148.9,-47.75734607088735,-44.646818992672046,6.1047764659790005,9.900416048134575,8.778725035492904,42.51441726050591,48.027988386442544,50,70,30,,
1735527600,920.3,920.75,917.05,917.9,,,,,,,929.7687796986157,943.4083322206295,0,0,929.7032910525662,,,,,,2127,2162.15,-49.190366274947245,-48.461357487789336,0.5155604279228783,17.338613881327163,9.07967664315391,40.844164700535,46.88991728451322,50,70,30,,
1735542000,917.75,926.1,915.45,918.1,,,,,,,929.3111804947484,943.1565080194292,0,0,929.2391594104636,,,,,,3047,2187.75,-48.87235108625446,-48.60668781069635,1.2809893018846026,25.144837726082553,17.461289218514764,41.05640573169059,46.32241719986596,50,70,30,,
1735556400,918.05,922.2,908.65,910.4,,,,,,,928.5695655733857,942.8305726162508,0,0,928.485593034045,,,,,,3498,2284.7,-56.33896808030575,-51.467228480502484,-5.327811565005106,15.244421677947969,19.24262442845256,35.73985507929237,45.18382271971125,50,70,30,,
1735570800,911.7,913,901.75,905.7,,,,,,,927.6727198646255,942.4611141822583,0,0,927.5741693126832,,,,,,3408,2403.25,-63.31197257995775,-56.174430582172654,-4.210881613793504,7.806223844755383,16.065161082928636,32.936260959268424,43.974236390733736,50,70,30,,
1735585200,906.8,907.6,897.05,898.05,,,,,,,926.5110445758166,942.019212548604,0,0,926.3932025401759,,,,,,601,2306.85,-70.94394113550163,-63.53162726525503,-1.3423191449544731,-4.736951571734001e-15,7.683548507567782,28.954890894898796,42.04734115709869,50,70,30,,
1735599600,897.3,909.75,896.35,909.65,,,,896.35,,,925.8498271414709,941.6971308317025,0,0,925.7234744385689,,,,,,2628,2324.9,-63.78066607852415,-66.01219326466116,0.4588456183835916,15.91177457154844,7.905999472101271,40.667015482801325,41.48493241510504,50,70,30,,
1735614000,909.6,911.4,901.95,910.5,,,,,,,925.247873135923,941.3867116194467,0,0,925.1145354610262,,,,,,2687,2346.1,-56.46086059668658,-63.728489270237446,6.6462171957218885,32.84809404049383,16.25328953734742,41.428971612699456,41.18185217085454,50,70,30,,
1735628400,910.4,913.1,905.6,908.35,,,,,,,924.5852114443181,941.0579881207458,0,0,924.4439540425851,,,,,,2651,2418.75,-53.062144489463755,-57.76789038822482,7.525057912598896,48.748144370394435,32.50267099414557,40.02870874837347,40.20074072364972,50,70,30,,
1735642800,908.3,908.5,900.15,906.55,,,,,,,923.8779482504233,940.7146250548677,0,0,923.7281958808817,,,,,,2919,2493.1,-52.17655929689147,-53.89985479434727,0.8440530161769715,47.049581291725666,42.88193990087131,38.844961871137684,39.24390498973332,50,70,30,,
1735657200,906.5,907.7,901.15,902.05,,,,,,,923.0219502798185,940.3299024175059,0,0,922.8610680456464,,,,,,817,2457.9,-56.25272012888343,-53.83047463841288,-4.0822793709214835,47.53446931634958,47.777398326156565,35.98027940970971,38.06948473648113,50,70,30,,
1735671600,901.4,903.5,900.95,901.45,,,,,,,922.1759914453158,939.9430377168342,0,0,922.0046253238206,,,,,,254,2342.2,-58.09241999551488,-55.507233140429925,-9.281349407421018,48.127822083439916,47.570624230505054,35.60326750233706,37.83454411540207,50,70,30,,
1735772400,900.2,915.8,900.2,914.25,,,,,,,921.8651682513819,939.6873856002487,0,0,921.6944403108678,,,,,,2611,2300.1,-39.017175828912556,-51.12077198443695,-4.648519068603136,67.24794392389357,54.30341177456103,48.09779290263858,38.51905684383326,50,70,30,,
1735786800,914.2,915.75,910.95,911.7,,,,,,,921.466534202308,939.40890415149,0,0,921.2946626984331,,,,,,1528,2326.05,-28.03362951371382,-41.71440844604709,-6.16216951281217,79.84720998354418,65.07432533029255,46.17565776759646,39.205189280248895,50,70,30,,
1735801200,911.55,920.8,906.55,914.7,,,,,,,921.2011799198646,939.1630444086891,0,0,921.0308761904957,,,,,,3783,2393.5,-14.58453965974476,-27.211781667457046,1.1331414299760922,96.68714021988656,81.2607647091081,48.769554371440755,39.65198478817282,50,70,30,,
1735815600,914.6,921.8,911.85,917.1,,,,,,,921.0403493347718,938.9435116285031,0,0,920.873641142876,,,,,,4643,2508.9,-1.2330122636045147,-14.617060479021037,1.7878124753282663,96.68714021988656,91.07383014110576,50.81180702001446,40.36395923956421,50,70,30,,
1735830000,917.05,922.95,912.85,917.8,,,,,,,920.9132768118395,938.7331284282195,0,0,920.7506954971609,,,,,,4980,2637.7,9.037951295523015,-2.2598668759420897,5.018046292568556,100,97.7914268132577,51.42009533545977,41.10422278269057,50,70,30,,
1735844400,917.85,922.7,915.95,920,,,,,,,920.8774620349046,938.5467291403766,0,0,920.7206676772745,,,,,,1129,2518.85,19.028458394732105,8.944465808883534,9.45284714783591,100,98.89571340662884,53.37176756629036,42.363645103190436,50,70,30,,
1735858800,917.4,928.5,917.3,928.1,,,,,,,921.1606988178495,938.4427815867409,0,0,921.0158409701835,,,,,,1731,2426.35,34.069084768960195,20.711831486405103,9.635191865851368,100,100,59.77874079101003,44.28096509117198,50,70,30,,
1735873200,927.45,927.65,922.05,924.05,,,,,,,921.2740047465613,938.2995698296589,0,0,921.1372073313762,,,,,,1628,2451.25,38.12681187744816,30.40811834704682,6.4534487548277895,94.38481658951726,98.12827219650575,55.660552874987346,46.188512375464015,50,70,30,,
1735887600,923.5,931.15,920.6,929.75,,,,,,,921.6063967172844,938.2144994830952,0,0,921.4817190381211,,,,,,1960,2431.5,46.02757413655705,39.4078235943218,11.744447347726435,94.38481658951726,96.2565443930115,59.85255789139237,47.55890826179195,50,70,30,,
1735902000,929.8,939.15,929.05,933.95,,,,,,,922.0904595911163,938.1720666524177,0,0,921.9804502765962,,,,,,2486,2449.45,53.42796759670598,45.86078453690373,11.988962210466738,94.38481658951726,94.38481658951724,62.65431851355319,49.07500446899578,50,70,30,,
1735916400,933.9,939.6,933.75,938.2,,,,,,,922.7222062738176,938.1723445961748,0,0,922.6292322655324,,,,,,3345,2464.35,59.75310932938216,53.06955035421506,13.017060862948256,100,96.2565443930115,65.29372044555389,50.879648161651524,50,70,30,,
1735930800,938.15,939.45,932.45,932.55,,,,,,,923.1076099493541,938.1164008688496,0,0,923.0260629749112,,,,,,1047,2341.8,57.19021514320184,56.790430689763326,13.179893282850188,93.36190919777215,95.9155752624298,59.29413703919126,52.34030353079821,50,70,30,,
1736118000,931.4,935.65,929.2,934.75,,,,,,,923.5641742650657,938.0829043427914,0,0,923.4950204559148,,,,,,2510,2296.9,56.45458829580339,57.79930425612914,11.74333951027269,88.40093493419995,93.92094804399069,60.80437770484564,54.113453409022206,50,70,30,,
1736132400,934.65,934.65,927.15,930.3,,,,,,,923.8283242938867,938.0054625085347,0,0,923.7672196376782,,,,,,1932,2363.45,49.512081837846964,54.385628425617405,7.762551201176336,72.74121176096592,84.834685297646,56.257709585933995,55.5887707007077,50,70,30,,
1736146800,930.25,946.4,930.2,940.8,,,,,,,924.4938802039303,938.0332688517334,0,0,924.4485308521711,,,,,,3276,2395.85,56.06215995074572,54.00961002813202,8.474954870634207,75.84565653931037,78.99593441149209,63.24202650960706,56.67050167263402,50,70,30,,
1736161200,940.75,949.7,932.6,935.95,,,,,,,924.9431398037761,938.0125398084326,0,0,924.9085896180842,,,,,,10318,2777.4,53.37524881743832,52.98316353534367,21.229259442863352,67.37069314472966,71.98585381500199,58.58860196496145,57.55714054387437,50,70,30,,
1736175600,936.05,943.85,929.75,931.15,,,,,,,925.186546085981,937.9442558302393,0,0,925.1582460333608,,,,,,6647,2977.2,43.042138345885235,50.82651570468976,14.043141153092222,57.847086024281715,67.02114523610724,54.327965116603,57.95416988281453,50,70,30,,
1736190000,931.05,934.9,930.05,932.5,,,,,,,925.4733482002563,937.8900841304359,0,0,925.4519161920264,,,,,,1417,2902.1,37.03827787499594,44.48522167943983,10.55427955691303,37.45990827662826,54.225895815213214,55.31226390859473,58.2756310891417,50,70,30,,
1736204400,931.85,935.95,931.5,932.45,,,,,,,925.7469423884816,937.8359539400833,0,0,925.7318395443453,,,,,,2616,2992.05,31.827759105446642,37.30272510877594,15.250066766532768,22.89925849466313,39.40208426519104,55.264758201814416,58.55024986530988,50,70,30,,
1736218800,932.35,939.6,930.4,936.9,,,,,,,926.1843171967764,937.8266409655552,0,0,926.1785659625715,,,,,,1959,3077.3,38.13325168761919,35.666429556020596,14.957835400655128,27.995587014450255,29.451584595247226,58.66722288235919,58.92849667360052,50,70,30,,
1736233200,936.7,944.25,936.15,942.95,,,,,,,926.8417949537655,937.8776196624153,0,0,926.8494233240687,,,,,,1749,3034.2,51.03063969365949,40.33055016224177,20.568251225308785,44.42131979016464,31.772055099759353,62.80878560617585,59.14492844611237,50,70,30,,
1736247600,942.9,955.6,941.85,948.15,,,,,,,927.6774108379316,937.9798324020928,0,0,927.701446391106,,,,,,3972,3156.4,62.613520674675954,50.59247068531821,27.922518041700485,72.4179072302827,48.27827134496587,65.96540949560341,59.88098963329922,50,70,30,,
1736262000,948.05,953.3,941.35,950.6,,,,,,,928.5763359031107,938.1054062090371,0,0,928.6173885354617,,,,,,4841,3209.3,69.33687260278343,60.99367765703962,23.047140418736404,92.50490900417753,69.78137867487497,67.37061174137884,60.417993479726825,50,70,30,,
1736276400,950.55,953.95,946.25,947.05,,,,,,,929.300793318675,938.1944071422805,0,0,929.3546929940433,,,,,,1295,3041.9,67.52510846812969,66.49183391519635,22.366808638290962,89.65607221379452,84.8596294827516,63.29286708998271,60.463604092328936,50,70,30,,
1736290800,950,953.95,943.15,947.25,,,,,,,930.0046837767662,938.2845125438498,0,0,930.0705052742816,,,,,,2153,2900.55,64.92625291071397,67.26274466054237,22.27683960977646,79.65437721705833,87.27178614501014,63.42717277497014,60.330279258715805,50,70,30,,
1736305200,947.15,952.8,941.65,951.05,,,,,,,930.8299902953244,938.4115323195329,0,0,930.9096850633103,,,,,,2177,2952.95,66.1945448569393,66.21530207859432,21.77924998197706,76.13873237377987,81.81639393487758,65.97451088536323,60.80744881915666,50,70,30,,
1736319600,951.1,958.15,948.9,956.55,,,,,,,931.8386181268803,938.5920145850101,0,0,931.9352976607779,,,,,,2440,2988.4,70.7192368532698,67.28001154030768,27.83569935740283,86.48266015998536,80.7585899169412,69.30673999063572,61.41476041099882,50,70,30,,
1736334000,956.5,958.1,948.45,950.4,,,,,,,932.5665154552379,938.7095069771991,0,0,932.6738857543468,,,,,,3998,3106.9,64.70147729307722,67.20508633442877,26.74534769271159,80.33245763177918,80.98461672184816,61.99554949304342,61.82460611864948,50,70,30,,
1736348400,950.45,959.8,949.95,951.05,,,,,,,933.291357986405,938.8322979525503,0,0,933.4089303241728,,,,,,4327,3225.25,60.1018765380845,65.1741968948105,30.15564883098446,68.69725297099718,78.50412358758724,62.44645597820489,61.76777965212075,50,70,30,,
1736362800,951.1,957.6,950.8,951.55,,,,,,,934.0073831634088,938.95884225153,0,0,934.1345731112059,,,,,,1774,3189.65,56.47886364103103,60.427405824064245,26.37043429983821,54.357628366505935,67.79577965642746,62.81196373739927,62.06944835015203,50,70,30,,
1736377200,955.9,959.65,948.7,950.65,,,,,,,934.6600348040595,939.0751721793755,0,0,934.7951901867576,,,,,,3124,3178.6,51.238362476880795,55.939700885332094,20.729162364136528,52.45207490774764,58.50231874841694,61.64883513511232,62.59236763718841,50,70,30,,
1736391600,950.7,955.05,948.55,950.45,,,,,,,935.2792491254689,939.1883545457499,0,0,935.4213825792873,,,,,,2649,3258.7,46.14459277252345,51.287272963478415,15.747104111813158,48.90049196063634,51.903398411629986,61.3768394248519,63.02555160263535,50,70,30,,
1736406000,950.5,956.5,947.75,953.7,,947.75,,,,,936.0016315127054,939.3327490278817,0,0,936.1525272761158,,,,,,2965,3281.45,49.01498753390314,48.79931426110246,21.167574657056832,47.19344248583253,49.51533645140552,64.14519927227227,63.659868821953765,50,70,30,,
1736420400,953.65,957.1,948.05,952.1,,,,,,,936.6329400808346,939.4597863509874,0,0,936.7904261850712,,,,,,3447,3357.2,46.20959345685473,47.12305792109377,17.904894035176667,33.69475207514602,43.26289550720497,61.79685164270929,63.883413733407345,50,70,30,,
1736434800,953.75,959.8,951.05,958.15,,,,,,,937.4767463521745,939.645758626102,0,0,937.6448091376683,,,,,,2819,3334.35,55.96304626055902,50.39587575043896,20.085957855292975,41.76095303885666,40.883049199945084,66.75326287878465,64.16516211002228,50,70,30,,
1736449200,958.3,962.4,957.15,957.5,,,,,,,938.2619719854225,939.8234127691259,0,0,938.4390167721616,,,,,,899,2863.4,58.973631388873635,53.71542370209579,19.03515728864174,43.01847209065232,39.491392401551686,65.76604599312695,64.1509218598454,50,70,30,,
1736463600,955.75,961.5,954.65,959.8,,,,,,,939.1066005350137,940.0221847813734,0,0,939.2934561012752,,,,,,1590,2610.55,63.17320065221352,59.36995943388205,16.24411630316557,67.48755069448971,50.755658607999585,67.59240456661337,64.16676420450501,50,70,30,,
1736478000,961.35,962.15,955.05,958.7,,,,,,,939.8749691414838,940.2080336890215,0,0,940.0697178572242,,,,,,1312,2605.3,62.160644281221145,61.43582544076943,12.136685511771006,63.43413504104664,57.98005260872958,65.78479738243526,64.34475922539447,50,70,30,,
1736492400,958.35,965.8,954.65,961.6,,,,,,,940.7269311359354,940.4208890752004,0,0,940.9309291429353,,,,,,3098,2629.4,64.98212252782035,63.43865582041834,11.195800468383595,73.71685331671752,68.21284635075132,68.19932665070048,64.68562735937522,50,70,30,,
1736506800,961.55,967.05,945.85,958.7,967.05,,,945.85,,,941.4317573658988,940.6027707759447,0,0,941.6416919772179,,,,,,4703,2766.6,59.67196839309596,62.271578400712485,2.093394390821004,56.00801065547114,64.38633300441178,63.382434139121365,64.50047902035793,50,70,30,,
1736521200,956.7,964.05,951,957.7,,,,,,,942.0697276652753,940.7728924597661,0,0,942.2840242981291,,,,,,4699,2914.1,52.28385096742731,58.97931396278121,4.957928459281092,39.317965005386164,56.347609659191626,61.762496137102524,63.96160445939129,50,70,30,,
1736535600,957.75,961.5,949.55,953.85,,,,,,,942.5316991293821,940.9030129328033,0,0,942.7466633262039,,,,,,1215,2776.25,34.94614562626753,48.96732166226359,2.3310584363858027,10.491068423881368,35.27234802824624,55.84473874957188,63.5222608348576,50,70,30,,
1736722800,956.3,962.7,955.9,958,,,,,,,943.138299163524,941.0731322071038,0,0,943.3567967931558,,,,,,3273,2697.85,34.29596329659589,40.508653296763576,6.640354016150994,13.903715564122189,21.23758299779659,60.26435566249589,63.366396526592666,50,70,30,,
1736737200,956.7,964.05,956.6,962.65,,,,,,,943.9034639022094,941.2878274090231,0,0,944.1285249214296,,,,,,2440,2755.1,44.975760264483256,38.07262306244888,7.123480176452432,35.45372160010434,19.94950186270263,64.54640781613504,63.49028538935951,50,70,30,,
1736751600,962.45,966.7,953.35,958.15,,,,,,,944.4621515923188,941.4556102208736,0,0,944.6893839245724,,,,,,4842,2889.55,38.64227722737844,39.304666929485855,0.2823020869341377,41.34576428060323,30.234400481609914,58.02918717418481,63.231739106436116,50,70,30,,
1736766000,958.2,962.5,950.45,959.65,,,,,,,945.0577534906593,941.6366489251435,0,0,945.2878085675895,,,,,,5249,3043.15,38.79002789890169,40.80268846358779,-7.067740922355512,39.25917954849044,38.686221809732665,59.497229269964116,63.09748123822984,50,70,30,,
1736780400,961.55,962.6,951.8,952.65,,,,,,,945.3554886478883,941.7462345079779,0,0,945.5822962248859,,,,,,3186,3080.45,15.37833788517933,30.93688100381981,-8.971055103430473,15.755532970164106,32.120158933085925,50.60211968471661,62.1301184105473,50,70,30,,
1736794800,952.7,954.15,947.65,948,,,,,,,945.4591949754221,941.8084610302866,0,0,945.6790043758905,,,,,,1584,2959.75,-7.8839539782132775,15.42813726862257,-8.27739703133608,9.863490289665215,21.62606760277325,45.71296733073796,60.981269531120766,50,70,30,,
1736809200,945.25,957.9,945.25,955.2,,,,,,,945.8411873293271,941.9417101742638,0,0,946.0598442008549,,,,,,2695,2878.15,-7.123773791713835,0.12353670508406456,-4.337576265969702,11.2200033412567,12.27967553369534,53.24567150513091,60.016441575859794,50,70,30,,
1736823600,955.25,960.45,954.6,957.95,,,,,,,946.3160427281771,942.1009966401915,0,0,946.5354504328207,,,,,,1607,2869.8,1.7868645298937862,-4.406954413344447,-5.6311586557177264,26.182027064978627,15.755173565300177,55.770059159542996,59.30244251631808,50,70,30,,
1736838000,959.05,961.2,951.5,952.1,,,,,,,946.5428645819741,942.2004892109359,0,0,946.7580324155078,,,,,,3279,2877.55,-9.47683410357655,-4.9379144551322,-17.91156886103569,32.00914411200504,23.137058172746787,49.63108445211034,58.019491079567864,50,70,30,,
1736852400,952.05,952.9,938.4,938.55,,,,,,,946.2294189120927,942.1641659352051,0,0,946.4297111188876,,,,,,3910,2940.6,-35.79161787218638,-14.493862481956382,-15.836665276427425,20.789140770748336,26.326770649243997,38.939284610581495,56.10195445300688,50,70,30,,
1736866800,939.75,944.75,936.45,938.85,,,,,,,945.9400299351479,942.1311891597304,0,0,946.126522674132,,,,,,1989,2891.8,-48.03422977279008,-31.100893916184333,-16.276817410442078,6.238566097497181,19.678950326750183,39.25131763497176,54.03423952331197,50,70,30,,
1736881200,938.8,939.3,934.6,938.5,,,,,,,945.6482640553381,942.0950579243103,0,0,945.8214617671667,,,,,,155,2727.2,-54.15807589934123,-45.99464118143923,-19.120363778974237,0.49291060266716896,9.173539156970893,39.00091153577276,52.29270219450136,50,70,30,,
1736895600,932.95,941.95,932.9,935.35,,,,,,,945.2444105629719,942.0279429200882,0,0,945.40260329648,,,,,,1294,2650.95,-59.4134138853839,-53.86857318583841,-22.335345992637627,0.49291060266716896,2.4081291009438375,36.72981006765299,50.50465318954067,50,70,30,,
1736910000,935.4,936.9,931.45,932.5,,,,,,,944.7446297565808,941.9331375178983,0,0,944.8864991646209,,,,,,1691,2690.55,-63.442320058679556,-59.0046032811349,-25.673107108116696,0.08146155219640099,0.3557609191769096,34.75769720548067,48.99843593639129,50,70,30,,
1736924400,932.3,943,932.1,939.75,,,,,,,944.5487619229895,941.9114147565263,0,0,944.681039198036,,,,,,2987,2760.4,-56.873220001848466,-59.90965131530397,-26.742734687229145,9.465394679194088,3.346588944685886,43.123771269321416,47.77410847973597,50,70,30,,
1736938800,939.9,947.05,935.05,936,,,,,,,944.213516357382,941.8525947091977,0,0,944.3337976301146,,,,,,5253,2957.45,-55.86128763520118,-58.725609231909736,-17.153047615463038,16.936986217965806,8.827947483118765,40.24886304722736,46.03856956767113,50,70,30,,
1736953200,935.85,938.3,930,936.85,,,,930,,,943.9247510100337,941.8028176474146,0,0,944.03444572491,,,,,,3657,2985.4,-52.888415798410065,-55.20764114515324,-21.399250751176623,25.70545120921891,17.369277368792936,41.205649872968834,44.83688833186999,50,70,30,,
1736967600,936.95,940.6,934.05,935.55,,,,,,,943.5963294017971,941.7406005563955,0,0,943.6950678959137,,,,,,1214,2810.95,-51.70667358271412,-53.48545900544178,-18.37982718316448,24.866128825974197,22.50285541771964,40.14681266376639,43.45471571714158,50,70,30,,
1736982000,938.2,943.8,938.2,939.75,,,,,,,943.4454929546678,941.7207935856851,0,0,943.5372651800772,,,,,,2368,2694.4,-42.28485521411693,-48.95998153174704,-18.11276545495768,33.835175155650155,28.135585063614418,45.05884101497705,43.058767240731605,50,70,30,,
1736996400,939.9,940.8,936.4,939.4,,,,,,,943.2868461721317,941.6977011121957,0,0,943.3717745728741,,,,,,450,2656.15,-35.176282721332434,-43.055937172721165,-21.15893971716966,40.98380706576864,33.228370349131,44.7294057042603,42.98851283884035,50,70,30,,
1737010800,944,947.6,934.9,938.1,,,947.6,,,,943.0834404398913,941.6619030911788,0,0,943.1609035899592,,,,,,3472,2666.1,-32.88874423908726,-36.783294058178875,-14.075992498111205,46.25375673650419,40.35757965264099,43.45846723066334,42.28942681923552,50,70,30,,
1737025200,938.2,946.4,932.9,938.9,,,,,,,942.9193839520525,941.634421468381,0,0,942.9904674463608,,,,,,6124,2850.3,-28.112588790241468,-32.059205250220394,-23.722507711180043,51.71782727800318,46.318463693425336,44.50349622642076,41.4846723240125,50,70,30,,
1737039600,939,944.35,933.2,934.2,,,,,,,942.5774473264818,941.560447125412,0,0,942.6388487485063,,,,,,3388,2777.6,-38.69503371927613,-33.23212224953495,-25.037510350517422,52.29906687268217,50.09021696239651,39.844218189865344,40.78561044813786,50,70,30,,
1737054000,934.15,934.75,930.85,931,,930.85,,,,,942.1234297842668,941.4553680495372,0,0,942.1732947985661,,,,,,1088,2569.55,-50.61020722214444,-39.13927657722068,-23.458193866514435,45.70951833127162,49.90880416065232,37.00364607973713,40.64735055307755,50,70,30,,
1737068400,932.25,939,931.65,936.4,,,,,,,941.8989815574329,941.4050658798901,0,0,941.9423630066234,,,,,,2696,2545.05,-43.48174185694839,-44.26232759945632,-18.24441917086105,54.452999083447196,50.82052809580032,44.229269254351834,41.002918525890415,50,70,30,,
1737082800,936.35,939.05,931.2,932.7,,,,,,,941.5382371826316,941.3184483089459,0,0,941.5726684863585,,,,,,2789,2605.3,-48.518176726720995,-47.53670860193794,-23.88207852604002,57.46873537374585,52.543750929488226,40.77800277556988,41.12985361444735,50,70,30,,
1737097200,932.75,942.5,931.1,937.55,,,,,,,941.3818357244892,941.280951310847,0,0,941.4117617469041,,,,,,3516,2646.35,-35.16256878882643,-42.387495790831935,-17.06329558013016,83.4955952818048,65.13910991299929,46.65416704117568,41.83873625541325,50,70,30,,
1737111600,937.85,945.5,935.05,939.55,,,,,,,941.3099990294112,941.2637279147191,0,0,941.3372912770279,,,,,,4128,2772.4,-18.584514808516218,-34.08842010802121,-15.589628891722342,86.18073945301587,75.71502336952217,48.905590579718556,42.84930006785881,50,70,30,,
1737126000,941.2,942.75,934.05,941.2,,,,,,,941.3056853419833,941.263093806115,0,0,941.3317996259468,,,,,,2393,2728.1,-2.438300415484594,-18.728461337609073,-18.447786863384934,100,89.89211157827356,50.75222918508925,43.39418991898509,50,70,30,,
1737140400,941.15,941.95,935.95,936.5,,,,,,,941.1172270932781,941.2156998378949,0,0,941.1385276409089,,,,,,1199,2592.55,-6.250747428580986,-9.091187550860594,-18.13735288197259,87.75667090202357,91.31247011834648,45.686993019869696,43.782627774173825,50,70,30,,
1737327600,932.15,942.4,931.8,942.25,,,,,,,941.1616495602084,941.2259913817965,0,0,941.1829865352726,,,,,,2198,2603,9.547471759766548,0.28614130523365944,-14.691327880949416,87.75667090202357,91.83778060134905,51.99876958334452,44.55356489634352,50,70,30,,
1737342000,942.2,944.9,936.25,936.95,,,,,,,940.996486832357,941.1834442038681,0,0,941.0136670738617,,,,,,1444,2667.45,2.9596108266852905,2.085445052623621,-16.49108175416073,75.83928943173497,83.78421041192738,46.62077938190898,45.01599109049656,50,70,30,,
1737356400,936.9,945.5,933.4,939.1,,,,,,,940.9221147997156,941.16271341577,0,0,940.9371203909072,,,,,,4820,2843.75,6.428162346129409,6.31174831086042,-16.36424939957635,81.28091186225049,81.62562406533635,48.92834543258656,45.29238426318295,50,70,30,,
1737370800,939.15,943.45,934.15,935.2,,,,,,,940.6977181409032,941.103382934021,0,0,940.707635575271,,,,,,4326,2975.5,-6.5762960639278285,0.9371590362956276,-25.190880661035962,66.017308703573,74.37916999918615,45.118176093311156,45.320153576686586,50,70,30,,
1737385200,937.9,941.75,933.7,938.6,,,,,,,940.6154546843973,941.0784736510955,0,0,940.6233301522601,,,,,,2414,2946.85,-1.552611167830479,-0.5669149618762956,-21.507102905674785,70.96786288765365,72.75536115115905,48.857272213358634,45.70578250402196,50,70,30,,
1737399600,938.6,939.6,938.5,938.7,,,,,,,940.5403388144209,941.054807246607,0,0,940.5463969461697,,,,,,85,2688.45,2.8794805208975127,-1.749808903620261,-25.16608093524519,71.04659312876498,69.34392157333055,48.96739864485927,46.024632676767574,50,70,30,,
1737414000,941.3,946.6,935.3,943.3,,,,,,,940.6485608216985,941.0771474730088,0,0,940.6565410683229,,,,,,2663,2638.75,22.692175995643602,8.006348449570217,-24.908083586107693,86.31019628744247,76.10821743462039,53.88642332983766,47.027647329622745,50,70,30,,
1737428400,943.15,946.9,940.35,940.75,,,,,,,940.6525388286908,941.0738922742725,0,0,940.66027942559,,,,,,2932,2724.65,26.10484425942652,17.22550025865588,-17.63231524430705,85.8417040737325,81.06616449664666,50.95431957649825,48.024124007962826,50,70,30,,
1737442800,940.25,942,930.95,935.75,,930.95,,,,,940.4602824040363,941.0209182217922,0,0,940.4638682485664,,,,,,3278,2770.15,8.151854215079712,18.982958156716617,-15.875646281711582,71.76051752228805,81.30413929448768,45.70310040114937,48.129397661305504,50,70,30,,
1737457200,935.7,948.45,933.2,943.15,,,,,,,940.5657615254466,941.0421031151077,0,0,940.5713135186238,,,,,,3854,2940.35,21.8706081479778,18.70910220749468,-8.613790119939992,69.75359892453963,75.78527350685341,53.363500945355156,49.028361816290165,50,70,30,,
1737471600,943.2,949.25,940.15,942.2,,,,,,,940.6298493087625,941.0536244771464,0,0,940.6364609778789,,,,,,3814,2957.45,27.554067042866002,19.192176468641176,-3.377466708266425,71.31241103281012,70.94217582654595,52.34254304402083,49.434674387921966,50,70,30,,
1737486000,940.55,944.9,940.25,941.55,,,,,,,940.6659336495953,941.0585635370753,0,0,940.6730025387637,,,,,,729,2687.7,28.878392579812854,26.10102259021889,-6.779260121856964,83.47963248453922,74.84854748062968,51.614908816709374,49.628197119135585,50,70,30,,
1737500400,942.55,949.1,939.35,947.9,,,,,,,940.9496225260818,941.1266375317313,0,0,940.9620824372132,,,,,,2850,2660.8,45.63221160849668,34.02155707705852,-5.495212213880876,85.48655108228765,80.0928648665457,57.78845375638324,50.130784588513734,50,70,30,,
1737514800,947.95,950.45,942.25,944.05,,,,,,,941.0712059564315,941.1557257154951,0,0,941.0855991397246,,,,,,2943,2753.55,45.23536813369509,39.915324107334875,0.647988264814046,79.71016515402215,82.89211624028303,53.34435967807425,50.677739349814054,50,70,30,,
1737529200,943.9,950.2,940.45,947.05,,,,,,,941.305668467944,941.2143752108633,0,0,941.3241751741357,,,,,,3099,2773.7,51.68237599211045,47.516651911434074,7.814262020801408,84.11559230286439,83.10410284639143,56.172702630425725,50.97587742460558,50,70,30,,
1737543600,946.9,951.3,940.7,946.15,,,,,,,941.4956422535148,941.2634859052826,0,0,941.5172081671702,,,,,,3759,2822.2,52.24837527393349,49.72203979991301,13.079380720223298,77.05491495989115,80.29355747225925,55.09366761676607,51.58108372709537,50,70,30,,
1737558000,946.05,952.45,942.75,948,952.45,,,,,,941.7507151063181,941.3305158962747,0,0,941.7765198404834,,,,,,2750,2783.9,56.02902865020806,53.319926638750665,15.399497410156997,86.44805461000489,82.5395206242535,56.92533264045393,52.1522970990859,50,70,30,,
1737572400,947.75,950.3,944.65,945.05,,,,,,,941.880098827639,941.3675256883516,0,0,941.907459046864,,,,,,514,2603.2,48.70092322530037,52.32610904981397,16.298164608985346,78.06412387635113,80.52236448208242,53.19903780734443,52.729501507231134,50,70,30,,
1737586800,948.45,949.65,939.55,944.05,,,,,,,941.965192991261,941.3942169750347,0,0,941.9931606849894,,,,,,3192,2643.15,38.33614683100076,47.6886995688364,14.399821466481669,69.08656396217008,77.86624748284206,51.95743689388761,52.95094184155463,50,70,30,,
1737601200,943.95,945,938.05,938.4,,,,,,,941.8253815014076,941.364423771303,0,0,941.8494342575899,,,,,,1156,2641,12.82125434789382,33.28610813473165,10.784032238300085,38.012984298635935,61.721224045719076,45.4965799049637,52.703026217276374,50,70,30,,
1737615600,938.5,946.9,937.55,946.4,,,,,,,942.0047783052739,941.4145290074094,0,0,942.0314568872863,,,,,,3004,2681.3,20.549776255485572,23.902392478126714,9.08394228345972,40.87968747729261,49.32641191269957,54.183915568505,52.72427566289547,50,70,30,,
1737630000,946.5,948.7,939.8,943,,,,,,,942.0438066070279,941.4303048381815,0,0,942.0701986117948,,,,,,2565,2737.35,13.761533264412636,15.710854622597338,15.376748001087677,37.18755896065445,38.6934102455277,50.49985634454177,52.69181400347001,50,70,30,,
1737644400,943.6,948.15,938.9,944.65,,,,,,,942.1460102694974,941.4623416059608,0,0,942.173390667323,,,,,,3371,2664.9,15.391007451473808,16.567438990457337,17.084582215465645,55.39567012724265,44.48763885506327,52.198443992518904,53.15576711713926,50,70,30,,
1737658800,945.7,946.2,935.65,941.9,,935.65,,,,,942.1363628079486,941.4666964158517,0,0,942.1624550406301,,,,,,1492,2523.2,3.9235752278265483,11.025371981237662,13.454194520643469,41.7994736833111,44.794234257069434,49.1700289200928,52.856233401049096,50,70,30,,
1737673200,943.6,954.2,940,952.15,,,,,,,942.5290544625389,941.5729979440522,0,0,942.5619568390049,,,,,,2312,2518.1,28.020889456519505,15.778490711939952,15.809324784403572,61.529839457103556,52.90832775588581,58.77138259932896,53.31543622642824,50,70,30,,
1737687600,953.7,955.1,948.9,949.85,,,,,,,942.8161503659687,941.6553561734646,0,0,942.8534785654447,,,,,,1622,2594.95,36.164608009812454,22.703024231386166,14.38382106488956,70.24840543256644,57.85923952432707,56.205820386426645,53.64335848140805,50,70,30,,
1737702000,949.75,955.6,944.25,947.4,955.6,,,,,,942.9959091751464,941.7125168085545,0,0,943.0353394228268,,,,,,4974,2710.5,34.428299514891364,32.87126566040777,15.540383544196843,80.47233638978504,70.75019375981837,53.52542007986162,53.338856075942225,50,70,30,,
1737716400,947.35,953.75,944.65,947.95,,,,,,,943.1901872467092,941.7745813179221,0,0,943.2319258459138,,,,,,4176,2772.7,34.493159713037926,35.02868907924724,14.662215399480772,68.67960965173381,73.13345049136178,54.05512828416004,53.389625262091215,50,70,30,,
1737730800,948,950,943.45,947.9,,,,,,,943.3748857860539,941.8355307575447,0,0,943.4186488120772,,,,,,3230,2770.3,33.85969564142323,34.26038495645084,11.93161207629474,63.14245903431293,70.76480169194396,53.994877072983975,53.234066293702504,50,70,30,,
1737745200,947.95,951.5,942.85,942.95,,,,,,,943.3582235983655,941.8466200037383,0,0,943.3999028595941,,,,,,1232,2639.2,14.237215466683626,27.53002360704826,8.330789566428223,49.89826599667594,60.573444894240914,48.259858822557234,52.745937094116165,50,70,30,,
1737932400,937.25,947.65,937.15,944.7,,,,,,,943.4108422807825,941.8750118444971,0,0,943.4519067452104,,,,,,2817,2589.35,6.231604489708486,18.109505199271776,8.368787517685007,40.3894598977548,51.1433949762479,50.2708528992063,52.27061711259847,50,70,30,,
1737946800,944.75,946.8,937.35,942.3,,,,,,,943.3672798383989,941.8792405823627,0,0,943.405830475402,,,,,,3259,2715.85,-7.914675576134764,4.184714793419113,1.6225961603438606,24.154177944991826,38.14730127980754,47.54177191975202,51.866526692056155,50,70,30,,
1737961200,942.35,946.85,934.15,945.2,,,,934.15,,,943.4391512172851,941.9122829646278,0,0,943.4775972563859,,,,,,3378,2742.25,-6.491445944402814,-2.7248390102763644,-5.5635625472163355,31.056613291238303,31.866750377994993,51.00308099030408,51.79835841322876,50,70,30,,
1737975600,945.05,950.4,943.6,948.2,,,,,,,943.6258511695485,941.9748473132385,0,0,943.6664933661305,,,,,,3762,2783.2,7.530273392877822,-2.291949375886586,0.605582454571703,39.300287767052545,31.503693001094245,54.358124708427404,52.43132589919045,50,70,30,,
1737990000,950.05,950.3,940.55,945.35,,,,,,,943.693464849174,942.008430922062,0,0,943.7338336314853,,,,,,3743,2815.4,4.207455575664546,1.7487610080465172,-2.19556228778832,43.847997632760986,38.06829956368396,50.79938553021133,52.18957375359805,50,70,30,,
1738004400,945.3,946.1,944.05,944.65,,,,,,,943.7309760315593,942.0347151914942,0,0,943.7704802862258,,,,,,1200,2687.45,-2.3330379182179835,3.134897016774794,-5.4466222377255775,37.104864193399436,40.08438319773767,49.934672970201746,52.14920351257376,50,70,30,,
1738018800,943.1,946.25,938.3,940.8,,,,,,,943.6160357950275,942.0224294681958,0,0,943.6516610747768,,,,,,1568,2628.35,-22.141500461480202,-6.755694268011214,-8.385269619178501,16.829389221224215,32.59408368246156,45.3612086166548,51.6608295571549,50,70,30,,
1738033200,938.15,939.8,937.85,938.25,,,,,,,943.4056030187519,941.984892856572,0,0,943.4355946317858,,,,,,326,2618.95,-39.145376572289464,-21.20663831732922,-3.94427442078684,7.127434783648546,20.353896066090748,42.579523181487765,51.19007914725454,50,70,30,,
1738047600,937.85,947.85,934.8,943.45,,,,,,,943.4073440768401,941.9994710371036,0,0,943.4361708465143,,,,,,2225,2570.6,-32.46278320141153,-31.249886745060405,2.9470260975715377,16.71787780924711,13.55823393803997,49.3945633805678,50.52030634591445,50,70,30,,
1738062000,944.7,944.8,934.8,938.4,,934.8,,,,,943.2109776424542,941.9636554048936,0,0,943.2347240126537,,,,,,2729,2649.25,-44.093108209812776,-38.56708932783793,-2.442033147562526,20.582094063188297,14.809135552028001,43.940285954460805,49.64419674363118,50,70,30,,
1738076400,938.45,943.2,936.4,940.35,,,,,,,943.0987824407893,941.9475991322081,0,0,943.1193350521476,,,,,,2548,2626.45,-44.516198079371556,-40.35736316353195,0.0008530572846154882,31.43252733920251,22.91083307054599,46.40144170341267,49.1353411453134,50,70,30,,
1738090800,940.3,942.85,938.35,938.55,,,,,,,942.9203988156603,941.9137921756687,0,0,942.9365616500617,,,,,,964,2546.4,-49.497865037421604,-46.03572377553531,-3.5884138318598104,20.058128956997038,24.024250119795965,44.46104527898015,48.45004950208626,50,70,30,,
1738105200,937.75,943.15,937.75,940.1,,,,,,,942.8097949405363,941.8957444923287,0,0,942.8230991840592,,,,,,2011,2478.4,-46.491643001045944,-46.835235372613035,-4.39655756623057,27.421132383435765,26.303929559878455,46.53441701703828,47.917159498090136,50,70,30,,
1738119600,940.05,944.5,937.8,942.5,,,,,,,942.7976461193389,941.9017569849424,0,0,942.8101752166968,,,,,,789,2443.25,-32.94079243548188,-42.976766824649815,-0.011645505390148969,36.66854674137314,28.049269360602,49.66763789599903,48.01771514619311,50,70,30,,
1738134000,939.25,948.1,937.85,941,,,,,,,942.7271501930903,941.8927842786245,0,0,942.737768208029,,,,,,1678,2411.55,-29.56689866500212,-36.33311136717665,-2.2672969353584023,46.08795012295989,36.72587641592295,47.78288769563161,47.84000334593778,50,70,30,,
1738148400,943.85,949.65,942.45,946.1,,,,,,,942.8594188129691,941.9346471216232,0,0,942.8722574797079,,,,,,2211,2441,-5.389818829658985,-22.632503310047667,-3.8120115119892404,67.6163839250316,50.12429359645489,54.15309950210628,48.312241030391654,50,70,30,,
1738162800,948.05,953.35,940.35,941.5,,,,,,,942.8061082712841,941.9303222746419,0,0,942.8173671805196,,,,,,3483,2366.45,-7.994635324417701,-14.317117606359608,-7.0512282812063205,64.06871038162986,59.25768147654046,48.41588325255846,48.127441191981255,50,70,30,,
1738177200,943,949.3,940.95,945.4,,,,,,,942.9078295155474,941.9648464311131,0,0,942.9206724932988,,,,,,2550,2285.15,7.422978356136318,-1.9871585993134628,-7.2218715113402965,79.22911529010486,70.30473653225546,52.96560581076283,48.02797555643379,50,70,30,,
1738191600,942.15,955.8,942.05,953.45,,,,,,,943.3212479659181,942.0791265661269,0,0,943.3418455935669,,,,,,2348,2241.05,33.32137165802084,10.916571563246478,-7.71617289223849,79.80679514098658,74.36820693757379,60.675495009837874,48.733411947835684,50,70,30,,
1738206000,954,955.2,949.25,953.4,,,,,,,943.7164931437253,942.1917720729316,0,0,943.7441717698242,,,,,,824,2220.65,45.83203509214523,28.858795035434124,-10.29852349988387,96.46862903880488,85.16817982329879,60.609039836754484,49.49586672401802,50,70,30,,
1738220400,953.35,957.55,946.9,954.4,,,,,,,944.1354541969125,942.3132469776785,0,0,944.1704048990313,,,,,,2991,2229.35,53.28625426718327,44.14655367244978,-11.000337484745131,99.87867465503483,92.05136627827545,61.51686167583927,50.649841942531204,50,70,30,,
1738234800,954.5,967.7,953.85,960.35,,,,,,,944.7713187382101,942.4927171570051,0,0,944.81758870307,,,,,,3489,2240.85,63.3315126700376,54.149934009788694,-9.93638292734721,99.8786746550348,98.74199278295818,66.46859710425849,52.35620436558626,50,70,30,,
1738249200,960.25,971.35,959.85,965.7,,,,,,,945.5920513367116,942.7236353942488,0,0,945.6528851549472,,,,,,4549,2299.4,71.80124056937312,62.80633583553132,-4.225598651405548,100,99.91911643668989,70.18363422529372,53.8411379973524,50,70,30,,
1738263600,964.5,965.9,959,963.5,,,,,,,946.2943238333112,942.930365390326,0,0,946.3667697487493,,,,,,1703,2196.45,72.29923150533932,69.14399491491668,-2.7572975938283975,95.80198925842045,98.5602213044851,66.90117916915628,55.48120179840207,50,70,30,,
1738278000,968.55,972.6,960.45,968.15,,,,,,,947.1514091731814,943.1813070282332,0,0,947.2380989587994,,,,,,2185,2118.55,74.68017614830931,72.92688274100725,0.803448018686197,95.69827072455,97.16675332765685,70.08578377809748,57.172940518022415,50,70,30,,
1738292400,968.3,972.7,965.9,967.6,,,,,,,947.9533146958017,943.424279097604,0,0,948.0525750004474,,,,,,1796,2148.35,73.41159709046651,73.46366824803839,-0.434449604900351,94.40540712723957,95.30188903673668,69.23723438080341,58.9426683110098,50,70,30,,
1738306800,969.25,978.1,961.2,977.5,,,,,,,949.1120082371428,943.7633409971303,0,0,949.2304720004295,,,,,,3196,2229.75,78.25027592305929,75.44734972061171,0.33591462845235753,98.60341786881912,96.23569857353625,75.08473082957403,60.98197644047663,50,70,30,,
1738321200,977.35,979.7,966.55,970.75,,,,,,,949.9605569337255,944.0318649673081,0,0,950.0912531204123,,,,,,5649,2495.9,73.39532001629067,75.01906434327215,2.5193036224556664,87.62271314563009,93.54384604722962,65.88854443553008,62.1406126218717,50,70,30,,
1738335600,970.8,983.2,969.65,980.25,983.2,,,,,,951.1483782304421,944.3922444203697,0,0,951.2976029955958,,,,,,5247,2647,75.9416391287699,75.86241168937327,9.111308942433524,84.1886279809413,90.13825299846353,71.22938691655472,63.81536256622336,50,70,30,,
1738350000,979.1,982.35,973.45,974.7,,,,,,,952.071971241013,944.6938141276297,0,0,952.2336988757719,,,,,,2766,2648.85,70.84922979145334,73.3953963121713,3.816723089935053,71.55923618666033,81.12352577107727,64.84204342523708,64.5788585607327,50,70,30,,
1738537200,964.9,974.95,955.2,960.55,,,,,,,952.4044429570517,944.8515871213847,0,0,952.566350920741,,,,,,2353,2639.1,51.00302942564022,65.93129944862115,-0.2874853164519209,49.310326110386484,68.35273009266274,52.03131066921079,64.83710337620786,50,70,30,,
1738551600,960.2,964.6,954.85,962.95,,,,,,,952.8179942136379,945.0316708316196,0,0,952.9816968839114,,,,,,3504,2766.1,37.86840040432664,53.24021987380673,1.307742944045387,23.14746111518006,48.00567447074231,53.702086496301796,64.88970913946065,50,70,30,,
1738566000,962.85,970.6,952.75,965.75,,952.75,,,,,953.3251316954561,945.2378233606582,0,0,953.492429008555,,,,,,3714,2851.25,30.776248557289666,39.88255946241885,9.381598523673873,7.718427391775326,26.72540487244731,55.64320462816651,64.53025982648413,50,70,30,,
1738580400,965.8,975.05,955.75,960.25,,,,,,,953.5966951583794,945.387198252592,0,0,953.7627318482128,,,,,,5725,3098.05,17.106250140803933,28.58363303414009,17.63997220440376,7.718427391775331,12.861438632910264,51.11018747353499,63.85177037196844,50,70,30,,
1738594800,959.45,967,952.95,963.05,,,,,,,953.9674129953056,945.5629475237105,0,0,954.1342225742842,,,,,,7143,3371.3,10.837586336237557,19.57336167811039,10.797436836453684,8.212874789594487,7.8832431910484075,53.20043201390256,63.25773968183011,50,70,30,,
1738623600,963.3,972.2,963.3,971.95,,,,,,,954.6726124856858,945.825505259793,0,0,954.8468536713128,,,,,,1356,3328.55,20.7135766246234,16.219137700554967,14.94837582953842,14.22813716255486,10.05314644797492,59.175180858587396,62.73678137856789,50,70,30,,
1738638000,970.75,972.2,956.15,957.85,,,,,,,954.7972159176197,945.9451519736259,0,0,954.9669795244603,,,,,,1395,3224.15,4.817231226773963,12.122798062544978,17.036541263815053,14.22813716255486,12.223049704901428,48.59119643826105,61.194464393779846,50,70,30,,
1738652400,963.55,964.9,955.1,961.55,,,,,,,955.0620309796739,946.1004240932913,0,0,955.2303003434819,,,,,,2352,3214.25,-1.047816893938422,8.160996985819652,18.232033668067672,14.44026159716393,14.298845307424576,51.06462739622505,60.06328212428475,50,70,30,,
1738666800,961.5,973.75,959.15,963.4,,,,,,,955.3890101569416,946.2725591769401,0,0,955.5570883297426,,,,,,4872,3340.45,-2.0367867776940067,0.5775425183805164,19.11907176128173,7.869130177326255,12.179176312348375,52.300381021513886,58.792896213100214,50,70,30,,
1738681200,964.65,975,963.25,967.5,,,,,,,955.8639509351008,946.4837774935875,0,0,956.0348047965529,,,,,,5083,3553.4,6.320108194482247,1.078501507616611,27.10387177892609,16.020474501156794,12.776622091882352,55.01184587703205,57.776797034259396,50,70,30,,
1738695600,967.45,968.9,961.65,962.15,,,,,,,956.110462663136,946.6396603045965,0,0,956.2794126046907,,,,,,1548,3481.25,-0.5451706911849588,1.2460502418677655,26.57039973096073,16.35590338936207,13.415169355948398,50.9425058309706,56.05235239150202,50,70,30,,
1738710000,963.3,973.85,963.3,971.8,,,,,,,956.7257386371307,946.8900119433567,0,0,956.9002361005031,,,,,,2860,3449.8,15.628159149041041,7.134365550779449,30.241560293426858,24.217668232389087,18.864682040969342,57.105944624198536,55.42502383354976,50,70,30,,
1738724400,971.75,974.15,967.6,972.7,,,,,,,957.352180259204,947.1468277449154,0,0,957.532226656483,,,,,,2796,3362.15,26.78501620412638,13.956001553994154,32.19597653115849,34.59940414469229,25.05765858881451,57.640470499935304,54.45438694664837,50,70,30,,
1738738800,971.95,981.55,967.7,976.3,,,,,,,958.0952320137451,947.4369090608864,0,0,958.2829375902237,,,,,,3320,3443,38.154176102723774,26.855783818630396,32.82333172330132,64.44721718126442,41.08809651944863,59.798505569191775,54.09413424264513,50,70,30,,
1738753200,975.05,988.9,972.35,977.05,,,,,,,958.8385562485001,947.7315666821711,0,0,959.0336200866147,,,,,,4714,3569.45,45.085068401023456,36.674753569291205,38.604762033740315,85.19974690280041,61.415456076252404,60.25282062671419,54.681384953895375,50,70,30,,
1738767600,977.1,988,976.25,981,,,,,,,959.7076324740492,948.0625958694131,0,0,959.9122752831502,,,,,,3658,3662.55,52.820727505745594,45.35332400316427,39.15980072916079,100,83.2156546946883,62.647022028370685,55.320308920471724,50,70,30,,
1738782000,981.05,982.7,976.2,978.6,,,,,,,960.4485096319296,948.3664506368817,0,0,960.6597842718242,,,,,,1019,3553.7,53.38877895250592,50.43152495309166,38.99569413064032,94.41430632965466,93.20468441081839,60.27146772272525,55.65089914151163,50,70,30,,
1738796400,973.2,986.4,973.15,982.35,,,,,,,961.307391607148,948.704595406664,0,0,961.5273929009512,,,,,,1745,3358.5,57.08398537563457,54.4311639446287,38.90326025128175,94.41430632965466,96.2762042197698,62.654384435655786,56.47548463880597,50,70,30,,
1738810800,982.4,985.35,978.75,979.15,,,,,,,962.007101740201,949.0075347558515,0,0,962.2322971849131,,,,,,1708,3181.55,53.93348099599139,54.80208177471062,39.291419980330716,86.71847583112803,91.84902949681248,59.38128408178096,56.916974072225855,50,70,30,,
1738825200,979.2,988.9,974.1,983,,,,,,,962.83035265235,949.3457682408679,0,0,963.0630052975166,,,,,,3436,3215.05,56.073820129133594,55.69709550025318,40.10019819155991,90.67012167778846,90.60096794619041,61.956333977209574,57.115627866413156,50,70,30,,
1738839600,983.05,993.1,978,978.1,,,,,,,963.4291623522579,949.6318799996652,0,0,963.664485085616,,,,,,2989,3246.85,48.397213881336256,52.80150500215374,40.42389828797258,74.67110213232972,84.01989988041542,57.00321412793353,57.71648627281833,50,70,30,,
1738854000,980.15,989,978,985.3,,,,,,,964.2868422600125,949.9867866663352,0,0,964.5299056821914,,,,,,3160,3229.65,54.28659289969125,52.919208970053695,46.11839723253917,80.05063258408467,81.79728546473429,61.831759969945814,58.485567170941245,50,70,30,,
1738868400,985.2,987.2,980.35,982.3,,,,,,,964.993240602757,950.308311177118,0,0,965.2407094549037,,,,,,1007,3094.3,51.90430405399236,51.52937027833995,43.797156120187736,70.9740608692026,75.23193186187234,58.86546466047647,58.95450171658143,50,70,30,,
1738882800,986.8,990.4,984.7,988.3,,,,,,,965.9072311673548,950.6863379315745,0,0,966.1630810767076,,,,,,1360,2876.05,58.565944100146204,54.918947017943275,43.433983000997046,86.97308041466131,79.33259128931621,62.71775902117511,59.50492408402022,50,70,30,,
1738897200,986.85,989.8,980.95,987.45,,,,,,,966.75204563138,951.0521455143449,0,0,967.0145578336393,,,,,,1028,2570.3,59.80443474848346,56.75822763420734,41.698981396045156,84.15627790775069,80.70113973053822,61.83428342021717,60.282908197537836,50,70,30,,
1738911600,987.5,998.4,984.05,992.95,998.4,,,,,,967.7794163909338,951.4690395888291,0,0,968.0519755202937,,,,,,2334,2619.2,66.0711666320888,61.480515160239484,41.478556434745485,94.86689744631768,88.66541858957657,65.24574481282585,60.86432249672553,50,70,30,,
1738926000,993.05,995.7,983.75,990.8,,,,,,,968.682184375603,951.8603924287413,0,0,968.9618964994819,,,,,,4926,2795.75,65.23766012598549,63.70442050218591,33.45237720691469,85.34934884251858,88.12417473219567,62.87962130086696,61.23854755393493,50,70,30,,
1738940400,990.75,993.2,976.35,982.95,,,,,,,969.241706556952,952.1697417578085,0,0,969.5214206395026,,,,,,4492,2902.75,49.9672930026276,60.425373253567294,25.606262146764536,57.14911806286756,79.12178811723462,55.032342265743424,60.89810731797433,50,70,30,,
1738954800,981.8,983.2,964.75,965.5,,,,,,,969.0949729664833,952.302381143303,0,0,969.3605638139225,,,,,,1194,2718.85,18.87392977243976,44.692960967017605,26.16416367731034,23.815784729534226,55.4380838783068,42.373051457977084,59.62098094877882,50,70,30,,
1739142000,965.35,980.3,962.65,977.95,,962.65,,,,,969.4422289285819,952.5575813309318,0,0,969.7041412613655,,,,,,2850,2607.2,11.357214387162584,26.732812387409975,26.560693111894167,12.710249651690559,31.225050814697457,51.0285645363815,58.791091127922456,50,70,30,,
1739156400,977.85,982.8,976.55,982.75,,,,,,,969.9641023039317,952.858003407241,0,0,970.225975610911,,,,,,1070,2583.3,12.824190696320924,14.351778285307752,26.171747872628004,29.603189101962755,22.04307449439585,53.90327328348429,58.3362200965481,50,70,30,,
1739170800,982.65,990.8,978.85,979.5,,,,,,,970.3380590763265,953.1230979007013,0,0,970.5969365864745,,,,,,1977,2539.15,7.869602014040854,10.683669032508115,25.472908091900734,43.27392816563735,28.529122306430228,51.69073628701904,57.55310237164547,50,70,30,,
1739185200,979.45,988.55,977.75,984.55,,,,,,,970.8953900929412,953.4358033942267,0,0,971.1550591230155,,,,,,3489,2573.8,14.08947148606714,11.594421398809637,24.27093702099515,48.7476823406429,40.54159986941434,54.795641950370985,57.22555650511619,50,70,30,,
1739199600,987.05,991.6,983.8,987.9,,,,,,,971.5622375402768,953.7787307236374,0,0,971.8248567580948,,,,,,2559,2535.75,23.94556885777305,15.30154745262701,22.663181914244333,52.91347255043658,48.31169435223895,56.78009099374779,56.85582486344034,50,70,30,,
1739214000,987.85,988.25,984.5,987.15,,,,,,,972.1735223426189,954.110783154248,0,0,972.437862487771,,,,,,930,2346.55,28.804722350623308,22.279920898154497,24.898102559726553,59.44067242177081,53.70060910428344,56.1854096192252,56.797410255675466,50,70,30,,
1739228400,989.4,994.2,984.85,987.15,,,994.2,,,,972.760835191928,954.4395315805739,0,0,973.0263479882601,,,,,,2354,2281.35,31.696352724918597,28.148881311104983,29.26964269313308,61.45460753008351,57.936250834096974,56.1854096192252,56.39409951633827,50,70,30,,
1739242800,987.05,987.9,983.95,984.4,,,,,,,973.2172730275387,954.7376456942001,0,0,973.4812940687297,,,,,,403,2250.55,26.886536279660717,29.129203785067535,33.329888761975724,57.118208571090214,59.33782950764819,53.78973171271656,56.031547162926856,50,70,30,,
1739257200,987.95,988.55,976.45,980.25,,,,,,,973.493066242145,954.9914999658996,0,0,973.7520423059805,,,,,,3726,2349.6,11.998309629293214,23.52706621129084,26.10820392240133,48.56395256759347,55.7122562229224,50.30389847915388,55.14484283849676,50,70,30,,
1739271600,980.2,986.4,974.4,983.7,,974.4,,,,,973.8933381542178,955.2771566826568,0,0,974.1499606137412,,,,,,5643,2546.35,10.623703045895509,16.502849651616476,15.271384383230696,43.9772138639813,49.88645833422166,53.02905948473894,54.515898271676896,50,70,30,,
1739286000,983.55,989.8,980.4,984.35,,,,,,,974.3034033246406,955.566438705715,0,0,974.5579621891916,,,,,,4144,2581.75,11.904697695622579,11.508903456937096,27.120103449217666,45.47564380303188,46.00560341153554,53.545919172547315,53.68019644022843,50,70,30,,
1739300400,984.4,986.55,980.65,981.4,,,,,,,974.5817012334783,955.8234890668522,0,0,974.8316437016239,,,,,,859,2475.25,0.946747448789889,7.825049396769319,25.074837930504216,53.42931441681301,47.62739069460872,50.81309078875955,52.81830140364933,50,70,30,,
1739314800,986.55,990.2,977.75,983.65,,,,,,,974.9373207929497,956.1003697726546,0,0,975.184377953559,,,,,,2339,2434.2,2.595505592947939,5.148983579120129,28.464700887501607,61.9762947932444,53.627084337696424,52.79209139812094,52.658283484533435,50,70,30,,
1739329200,983.7,990,981.25,989.2,,,,,,,975.4966415461673,956.4297193271556,0,0,975.7450028354166,,,,,,609,2414.3,22.81464315969388,8.785632067143895,32.07108209540547,77.08886748645456,64.16482556550399,57.350426373755525,53.72809597851761,50,70,30,,
1739343600,989.25,990.5,977.85,981.85,,,,,,,975.7457928580824,956.6826574433032,0,0,975.989202722,,,,,,3689,2530.75,9.753478544491891,11.721209099044565,23.787008662450646,57.939296943530564,65.66815307440983,50.40858027259992,53.6838113882475,50,70,30,,
1739358000,983.1,996.4,979.05,996,,,,,,,976.5400754910987,957.0738747821758,0,0,976.7896346131199,,,,,,5916,2775.15,34.51069437246353,22.3596053588831,24.560198663087334,67.11444966903586,67.38087136634033,60.35708289413121,54.144797789007995,50,70,30,,
1739372400,996.05,998.95,990.8,992.3,,,,,,,977.1581117463497,957.4243834908109,0,0,977.4100492285951,,,,,,3361,2826.5,41.484514552423775,28.582895823126403,28.73696367374461,56.45413924808579,60.5026286202174,57.129752083827356,54.53329891735144,50,70,30,,
1739386800,992.4,993.6,987.95,989.65,,,,,,,977.6479897170811,957.7450363913998,0,0,977.8996472594513,,,,,,1066,2633.5,39.99007679582695,38.66176190690475,25.444615645249314,71.17329846686464,64.91396246132877,54.86690834523933,54.53838937412775,50,70,30,,
1739401200,992.45,996.95,990.95,996.25,,,,,,,978.3774803164113,958.1281703576545,0,0,978.6336613690733,,,,,,1577,2487.75,50.30969521096581,43.92809551973884,24.708507323649442,67.36811625830516,64.9985179910852,59.20123814417533,54.711328456301146,50,70,30,,
1739415600,996.2,1001.15,993.5,995.85,,,,,,,979.0626771667481,958.5035119461356,0,0,979.3223149143104,,,,,,1278,2491.95,54.45771552763906,48.2524958448106,23.27959258124669,73.00540937859593,70.51560803458857,58.83247734710369,54.90040472257818,50,70,30,,
1739430000,995.8,1003.25,992.05,999.7,,,,,,,979.8719839445228,958.9134272501542,0,0,980.1374223177379,,,,,,4745,2586.7,61.02780087948104,55.26507053936197,23.49655358417924,91.17180049078122,77.1817753758941,61.329266055707585,55.26782303946978,50,70,30,,
1739444400,999.75,1001.8,986.7,991.15,,,,,,,980.3142590839533,959.2341891680632,0,0,980.5779254250284,,,,,,6166,2841.5,48.65676218011416,54.71409286241143,12.395036614524969,71.52565761591397,78.56762249509704,53.56034836690682,55.25143851476908,50,70,30,,
1739458800,991.35,998.8,990.45,993.1,,,,,,,980.8156606885042,959.571162410172,0,0,981.0788084080273,,,,,,4243,2954.8,42.98625792833315,50.890273662642784,17.05585864958745,57.17725112029883,73.29156974233133,54.96163991189053,55.58413433139312,50,70,30,,
1739473200,992.9,998.2,991.95,996.45,,,,,,,981.428772034053,959.9381160180309,0,0,981.6936560717062,,,,,,1177,2839.2,46.02534097918429,45.889453695877194,16.671754870443834,45.070232149922106,57.924380295378306,57.342998264583166,55.89227281566772,50,70,30,,
1739487600,1001.1,1002.35,995.15,996.8,,,,,,,982.0315652876196,960.3049009332743,0,0,982.297909828838,,,,,,2052,2813.85,47.81139124517685,45.60766338423142,16.98749374701859,57.183065058321496,53.14351610951414,57.59526758248921,56.18151198780642,50,70,30,,
1739502000,996.85,1006.4,995.35,1005.55,,,,,,,982.9538568449678,960.755100923988,0,0,983.2279934356844,,,,,,1795,2857.1,61.77034696045198,51.86902639493771,15.81550749957107,76.55448885459593,59.602595354279835,63.4196126631477,57.08197783597701,50,70,30,,
1739516400,1005.35,1007.75,998.5,1005.35,1007.75,,,,,,983.8321369686946,961.1988312630529,0,0,984.1128736982571,,,,,,3510,2914.9,67.09228205757171,58.89134008773351,16.158724573448126,88.11924808695078,73.9522673332894,63.205916301117036,57.825822471905305,50,70,30,,
1739530800,1005.2,1005.2,991.55,992.45,,,,,,,984.170092381687,961.509788165908,0,0,984.4463587503268,,,,,,5730,3181.25,47.31360725703432,58.725412091685996,6.7024953689140006,68.23466445705134,77.63613379953269,51.21807034014252,57.387797040932945,50,70,30,,
1739545200,992.4,994,982.15,982.9,,,,,,,984.1202848373072,961.7226260946055,0,0,984.3845044003137,,,,,,3688,3179.35,21.34895110768804,45.251613474098015,3.701005348113611,34.901331123718,63.75174788924004,44.49062371343821,56.96508585813569,50,70,30,,
1739559600,983.2,983.2,971.7,972.6,,,,971.7,,,983.6685089613343,961.8308586707786,0,0,983.9131242243012,,,,,,374,2915.9,-3.008576483531666,21.884660627063564,2.1514892951283144,2.1102575284065446,35.082084369725294,38.60151072346275,55.41111641737365,50,70,30,,
1739746800,973.4,990,971.95,987.05,,,,,,,983.8011164530467,962.0817954004226,0,0,984.0385992553291,,,,,,3179,2867.65,-5.752975083053193,4.195799847034391,5.948124568803976,13.872494958733654,16.9613612036194,48.8339384810509,54.818558302889606,50,70,30,,
1739761200,987.1,988.1,982.55,986,,,,,,,983.8873471803782,962.3197874859906,0,0,984.117055285116,,,,,,1206,2885,-9.181959041307747,-5.9811702026308735,4.990048545920331,26.898615828597247,14.293789438579154,48.20527004322074,54.34272699560257,50,70,30,,
1739775600,986.05,988.8,980.65,986.5,,,,,,,983.9898041536967,962.5603866154831,0,0,984.2123730737113,,,,,,2130,2874.55,-11.041045652829691,-8.658659925730214,8.130943885236192,40.38159809581938,27.0509029610501,48.54496816478168,53.5815648542173,50,70,30,,
1739790000,986.4,988.2,976.65,976.95,,,,,,,983.7137334025714,962.7035668481649,0,0,983.9218781507628,,,,,,2238,2956,-24.53440607155524,-14.919136921897561,10.673560143411308,32.190438278995124,33.15688406780392,42.77450567669069,52.43456687775923,50,70,30,,
1739804400,977.05,981.55,976.15,981.3,,,,,,,983.6190771907059,962.888605984004,0,0,983.8170030247323,,,,,,1783,2860.7,-27.570068475333947,-21.048506733239627,10.013762294728934,29.114997135335972,33.89567783671683,45.927432983399875,51.334435944022964,50,70,30,,
1739818800,981.25,981.95,978.2,978.2,,,,,,,983.4065643596978,963.0409581632676,0,0,983.592322903743,,,,,,79,2568.85,-33.36554893058951,-28.490007825826236,7.569670316209965,23.06065181260281,28.122029075644637,44.06419896508941,50.65613955817887,50,70,30,,
1739833200,980.5,983.4,976.35,982.4,,,,,,,983.3670912475527,963.2335854452252,0,0,983.5446299875933,,,,,,1324,2467,-30.44728439671309,-30.460967267545517,7.820689167129444,29.032554998671625,27.06940131553681,47.19015187299207,50.10103326968612,50,70,30,,
1739847600,982.45,986.15,981.25,984.4,,,,,,,983.4075974731388,963.4441965353225,0,0,983.5788447880896,,,,,,1383,2482.85,-23.66913102438208,-29.1606547838949,7.35176974664418,32.71651826920581,28.269908360160084,48.66145287907193,49.48092288500674,50,70,30,,
1739862000,984.45,989.2,980.7,983.55,,,989.2,,,,983.4131818859569,963.6442542812397,0,0,983.5776909965659,,,,,,1975,2502.75,-20.174382117298556,-24.763599179464578,5.9497533586011855,38.097002187738745,33.28202515187206,48.0487605874921,48.79902952822123,50,70,30,,
1739876400,982.55,984.3,975.2,980.45,,,,,,,983.2969786747428,963.8114756316751,0,0,983.4525833567033,,,,,,3857,2631.7,-25.671390759701623,-23.17163463379409,-0.9228183798796294,36.27992727518248,35.69781591070902,45.78461493091854,47.539386833062004,50,70,30,,
1739890800,980.35,984.9,974.95,981.45,,,,,,,983.2245481384784,963.9869833368325,0,0,983.3724800224352,,,,,,3055,2547.2,-26.42830833685903,-24.09136040461974,3.013758156995408,43.97324262922092,39.45005736404739,46.65781935648037,46.357379908445104,50,70,30,,
1739905200,981.5,984.95,979.65,982.7,,,,,,,983.203977623244,964.1731825076102,0,0,983.3455808215377,,,,,,736,2275.7,-22.21751460089064,-24.7724045658171,1.5573065958773213,61.098241042392495,47.1171369822653,47.7898113119366,46.11250426357325,50,70,30,,
1739919600,978.15,982.6,973.95,975.35,,,,,,,982.8959785007638,964.2843946219624,0,0,983.0257575886762,,,,,,1404,2133.75,-39.74741085507412,-29.4644112642746,0.4085336732146345,62.79527172781804,55.95558513314381,42.12857419668591,45.94378644094808,50,70,30,,
1739934000,975.25,978.05,971.15,975.15,,,,,,,982.5922146379887,964.3925100983608,0,0,982.7107272851292,,,,,,1335,2141.65,-48.862213674461216,-36.94237971014199,3.0061604007882607,41.46731337704097,55.12027538241717,41.982835414629236,46.185309633174256,50,70,30,,
1739948400,975.1,984.85,973.75,981.7,,,,,,,982.5572258286559,964.5647239282279,0,0,982.6702981937241,,,,,,2723,2175.2,-36.49198430161823,-41.70053627705119,12.360120991999736,43.01332988802687,49.09197166429529,48.291744233859646,46.1465814726606,50,70,30,,
1739962800,981.8,982.85,969.15,969.95,,,,,,,982.0628248157674,964.6183087647629,0,0,982.1614862659751,,,,,,4478,2309.35,-52.353209289988484,-45.902469088689315,2.988467726132086,31.480135787179364,38.65359301741574,39.90798494905228,45.55391825164856,50,70,30,,
1739977200,969.9,975.15,965.2,967.9,,,,965.2,,,981.5074199210314,964.6509624088947,0,0,981.5910268153361,,,,,,4145,2341.1,-61.889116010556265,-50.24476986738765,-0.8111687553459603,31.480135787179364,35.324533820795196,38.64735853565349,44.846946135282266,50,70,30,,
1739991600,968.35,973.2,968.25,972.15,,,,,,,981.1404622770694,964.7255796983584,0,0,981.2133857427227,,,,,,938,2101.5,-59.709881273132034,-57.98406885789226,-2.113678300256936,13.511199649883038,25.490490408080586,42.6892308708626,44.84085507772312,50,70,30,,
1740006000,970.75,975.35,968.7,974.95,,,,,,,980.8976990505178,964.8273152237479,0,0,980.9628503130139,,,,,,1966,2015.4,-51.48207504200343,-57.69369077523058,-0.7357464479678981,35.53644705153081,26.8425941628644,45.248405279922956,44.79235309890334,50,70,30,,
1740020400,975,976.45,973.5,974.75,,,,,,,980.6566128132425,964.9260484056011,0,0,980.7143363004933,,,,,,1623,2077.85,-45.03428734522791,-52.07541455345446,4.940328138461695,57.04689061313926,35.3648457715177,45.09351136750074,44.86587541336129,50,70,30,,
1740034800,974.5,980.25,973.15,976,,,,,,,980.4740005460566,965.0362369786798,0,0,980.5257628484736,,,,,,1670,2002.4,-35.48720207477489,-44.00118815400208,0.88237214339415,69.15048767628046,53.911275113650184,46.33010364292682,44.80444339692806,50,70,30,,
1740049200,975.85,979.9,972.55,977.2,,,,,,,980.3456083677798,965.1572694465536,0,0,980.3927323345347,,,,,,3964,2140.3,-23.531782333006653,-34.68442391766982,1.5601404319899785,77.92703281627549,68.04147036856507,47.55132199210035,44.72514833357295,50,70,30,,
1740063600,977.05,981.5,974.45,979.35,,,,,,,980.3065649023767,965.2984906460904,0,0,980.3510230411533,,,,,,2449,2156.25,-7.761825399631505,-22.26026993580435,5.296323410862584,89.74992258800035,78.9424810268521,49.75718445531204,44.8471786098458,50,70,30,,
1740078000,979.3,979.65,976,979.15,,,,,,,980.261209416009,965.4363166098109,0,0,980.3029821195072,,,,,,627,2075.7,2.700874408978539,-9.53091110788654,2.9950379022467217,96.84555184725872,88.17416908384484,49.54842317984042,45.116022056197366,50,70,30,,
1740092400,978.55,980.15,973.7,975.9,,,,,,,980.0901815957734,965.5404328624496,0,0,980.1268628347269,,,,,,1233,2048.2,-1.9778646538323832,-2.3462718814951162,0.21021816370101476,88.62578556220222,91.74041999915376,46.15927053390215,45.080411426013214,50,70,30,,
1740106800,976.05,976.05,966.85,968.05,,,,,,,979.6180176116254,965.5654036797387,0,0,979.6437883213379,,,,,,1746,2131.55,-25.000667635835633,-8.092552626896493,-6.98572275373192,56.949987086934435,80.80710816546512,39.1869992147281,44.465924847641176,50,70,30,,
1740121200,967.95,974.3,965.65,968.85,,,,,,,979.1957424111695,965.598086230189,0,0,979.2120367884844,,,,,,3027,2216.7,-35.8770612788407,-20.95186452283624,-3.04634314480802,28.88397029022475,58.1532476464538,40.17868999325226,44.32664740453877,50,70,30,,
1740135600,968.75,984.2,968.6,970.35,,,984.2,,,,978.848850551908,965.6453689542667,0,0,978.857555316945,,,,,,4422,2368.65,-38.90154232037401,-33.25975707835011,-2.7856538001975224,16.680502290849237,34.171486556002804,42.085694200891645,44.33399446070036,50,70,30,,
1740150000,969.8,975.15,966.95,968.65,,,,,,,978.4488956283037,965.6752657805924,0,0,978.4492531042672,,,,,,3503,2445.05,-43.804257973548445,-39.52762052425439,-8.342397886290883,20.665704404956998,22.076725662010322,40.5095515784929,43.77812355674559,50,70,30,,
1740164400,968.55,970,966.2,969.45,,,,,,,978.0959977605271,965.7128253250642,0,0,978.0892829800965,,,,,,744,2289.4,-44.313848565461,-42.33988295312782,-11.607191091797802,24.99580053402694,20.78066907661105,41.617624968615,43.90024070100008,50,70,30,,
1740351600,971.6,977.9,970.75,977.6,,,,,,,978.0765468679574,965.8311056700884,0,0,978.0697116608927,,,,,,2263,2249.8,-23.372511625179925,-37.16353938806312,-10.985338030836644,47.950575610149485,31.20402684971114,51.52372726454385,44.81998132449225,50,70,30,,
1740366000,977.45,978.35,971.65,972.45,,,,,,,977.8558979711747,965.8969653151621,0,0,977.844923194457,,,,,,1400,2283,-20.931100816277482,-29.5391536689728,-17.07755875334601,61.2683883013485,44.738254815174976,46.19030264268758,45.0700578796226,50,70,30,,
1740380400,973.5,974.75,959.25,959.6,,,,,,,977.1399804036777,965.834308943867,0,0,977.1151262666788,,,,,,4140,2419.8,-42.4547025168971,-28.9194383194515,-15.370183287022272,52.293882996705655,53.83761563606788,36.13839786612907,44.419343064351615,50,70,30,,
1740394800,959.65,970.7,958.95,962.85,,,,,,,976.5795890152981,965.8046143275101,0,0,976.5445212160116,,,,,,3885,2547.3,-48.75267739119506,-37.379493574789876,-15.32595018462321,26.759363494221617,46.77387826409193,39.711900202418754,44.03494226684576,50,70,30,,
1740409200,962.65,965.85,960.2,963,,,,,,,976.0470561127374,965.7767077172861,0,0,976.0027403673712,,,,,,4016,2611.95,-51.30202187306421,-47.503133927052126,-18.94626209861994,15.961616172132375,31.671620887686547,39.879114039932844,43.574157295203335,50,70,30,,
1740423600,962.95,967.05,962.95,966.7,,,,,,,975.6805048926301,965.7858947051737,0,0,975.6306307526763,,,,,,1444,2460.25,-45.2070727916172,-48.420590685292154,-21.297133003931492,33.08107769103248,25.26735245246216,44.00471505834207,43.32082822850631,50,70,30,,
1740438000,966.1,967.3,963.25,966.6,,,,,,,975.3244066615466,965.793995255371,0,0,975.2694055225693,,,,,,1714,2338.7,-40.23679336069701,-45.581962675126135,-20.73392804675173,42.211661666153724,30.418118509772864,43.9169993303903,42.90367214815476,50,70,30,,
1740452400,966.5,966.85,959.65,961.65,,,,,,,974.7881554199173,965.7527614717354,0,0,974.7246293016665,,,,,,1471,2365.35,-47.29261659463931,-44.24549424898451,-20.09398135069192,41.822260793641895,39.03833338360937,39.69863825527798,42.20011608211458,50,70,30,,
1740466800,961.6,971,956.55,965.8,,,,956.55,,,974.4356787367833,965.7532315068426,0,0,974.3676441295999,,,,,,3492,2441.65,-40.90816572845087,-42.812525227929065,-13.150630015897775,42.91885290981029,42.31759178986864,44.51087056239001,42.08237322700658,50,70,30,,
1740481200,965.9,973.6,959.45,960.95,,,,,,,973.9068285902428,965.7054381585158,0,0,973.8309383644158,,,,,,4412,2581.1,-48.2657933472499,-45.48885855678003,-6.156052468389689,35.39318449591081,40.044766066454336,40.448324259171144,42.17246787303822,50,70,30,,
1740495600,961.05,966.95,956.8,965.6,,,,,,,973.5810706063116,965.7043890226101,0,0,973.5017008298393,,,,,,4554,2725.3,-38.984688034116836,-42.71954903660586,-10.79603782919122,48.140545534402804,42.1508609800413,45.57705794751476,42.55806558405697,50,70,30,,
1740510000,965.65,971.55,963.7,971.15,,,,,,,973.4857345041033,965.7585742064648,0,0,973.4076327966457,,,,,,1495,2601.85,-16.520904828808703,-34.59046207005848,-10.602731054570043,62.13050145943408,48.5547438299159,51.00114675639302,43.194883623735635,50,70,30,,
1740524400,972.95,973.15,963.75,966.6,,,,,,,973.2157057000209,965.7669466024204,0,0,973.1353274847799,,,,,,2364,2597.6,-13.111124429202487,-22.872239097376006,-14.599463991189623,76.04314618022141,62.10473105801943,46.87635779546917,43.6496554963768,50,70,30,,
1740538800,966.5,967.2,962.75,964.1,,,,,,,972.858227045118,965.7503600690629,0,0,972.7739143853887,,,,,,2037,2668.1,-19.218130622312444,-16.28338662677454,-18.902496832845387,74.20943652472158,70.7943613881257,44.73550205777686,43.8723610027455,50,70,30,,
1740553200,962.85,977.35,962.85,975.35,,,,,,,972.955943631584,965.8458788743459,0,0,972.8769578099732,,,,,,4165,2814.7,6.732125720129918,-8.532376443795,-10.300915116014266,75.33676029795514,75.19644766763271,54.7503802956886,44.10283621925584,50,70,30,,
1740567600,976.45,978.85,964.6,965.55,,,978.85,,,,972.6655144695611,965.8429348059444,0,0,972.5838794975742,,,,,,5267,2990.75,-0.40368268481429403,-4.296562528998936,-18.916841688311138,71.17801673052767,73.57473785106812,46.79505969092043,44.14603315127248,50,70,30,,
1740582000,965.5,972.9,963.75,966.7,,,,,,,972.4315727256568,965.8514628178256,0,0,972.3485243176713,,,,,,3864,3032.6,-2.482066090774332,1.2821256481804342,-22.976407570356415,70.38079921835704,72.29852541561327,47.75440872614402,44.97574821270212,50,70,30,,
1740596400,966.6,968.6,963.2,966.6,,,,,,,972.2028835991605,965.8589109489915,0,0,972.1185833449645,,,,,,1061,2864.55,-4.523250222268671,-2.4696663326190955,-22.71947880811463,54.75878832116526,65.43920142334999,47.67390939116489,45.54446315475541,50,70,30,,
1740610800,964.2,968.65,961.65,962.25,,,,,,,971.8125744384091,965.82300138731,0,0,971.7238400111659,,,,,,1887,2783.75,-19.84169864750754,-8.94900498685018,-23.21332993568717,45.56025870698864,56.89994874883698,44.18471758309728,45.852006264981455,50,70,30,,
1740625200,962.45,966.25,960.85,963.9,,,,,,,971.5022774016088,965.8038670451477,0,0,971.4108864107192,,,,,,1343,2813.7,-24.59791589646604,-16.320954922080748,-27.529663108509112,41.232619858257664,47.18388896213719,45.804970837328504,45.98059596348048,50,70,30,,
1740639600,963.85,972.3,961.05,971.3,,,,,,,971.4943449544869,965.8585549352458,0,0,971.4064509542904,,,,,,3129,2857,-4.22452219463306,-16.221378912868882,-20.010501958445857,51.82796774806831,46.206948771104884,52.46903091599864,46.59145536245251,50,70,30,,
1740654000,971.45,973.7,954.1,954.1,,,,,,,970.8122137798011,965.7415543886265,0,0,970.7141929161188,,,,,,6565,3115.25,-28.086882112765913,-18.96977340128834,-22.20374709659903,41.868866816814005,44.97648480771333,40.12024119912897,46.621569858441866,50,70,30,,
1740668400,954.05,961.5,950.4,953.5,,,,,,,970.1333034354952,965.6197478772968,0,0,970.025625199474,,,,,,4299,3123.2,-41.000465334149204,-24.43728988051606,-26.783441157113145,28.306670325952208,40.66783496361151,39.76862456697272,46.28283800162634,50,70,30,,
1740682800,953.4,953.85,945.3,945.45,,,,,,,969.1653307517503,965.4190538685675,0,0,969.042600191495,,,,,,1027,2980.3,-54.89726561915161,-41.328204355355574,-29.90424068989067,1.4210854715202004e-14,23.391845714255414,35.29875750789793,45.91501180510682,50,70,30,,
1740697200,942.7,951.6,942.35,946.95,,,,,,,968.2941413105052,965.2352821882832,0,0,968.1588961838352,,,,,,1672,2863.1,-59.737281049982414,-51.87833733442775,-33.02785972417543,2.4817439382367894,10.262804754729673,36.72587666087551,45.282784570346884,50,70,30,,
1740711600,947.1,949.2,944.9,945.7,,,,,,,967.4080965532305,965.0409012709869,0,0,967.2605403364818,,,,,,2319,2906.85,-62.176459638482896,-58.937002102538976,-36.76019209426975,3.7298557568323165,2.070533231689708,36.01300650932168,44.2122031241275,50,70,30,,
1740726000,945.75,951.3,942.65,946.65,,,,,,,966.594053551143,964.8579072284895,0,0,966.4361187230224,,,,,,2831,2962.7,-61.21631028294017,-61.043350323801825,-38.23855402603252,6.71646602762254,4.309355240897216,37.01365817101813,43.50772457952386,50,70,30,,
1740740400,946.75,947.15,935.75,938.25,,,,,,,965.4825220393335,964.5931519326836,0,0,965.3086739741016,,,,,,3427,3060.5,-66.42349476716356,-63.27208822952888,-43.67149172830691,4.234722089385766,4.893681291280209,32.216250994719445,42.61349236073404,50,70,30,,
1740754800,938.1,942.5,935.3,936.35,,,,935.3,,,964.3400701946538,964.3121255452937,0,0,964.1503270151375,,,,,,5596,3165.7,-68.98386125792712,-65.54122210267695,-46.48839593437056,2.986610270790239,4.64593279593285,31.23024631005694,40.93348279033178,50,70,30,,
1740769200,937.4,947.65,936.35,945.9,,,,,,,963.6169301870203,964.1289203159873,0,0,963.4203139345319,,,,,,1911,3040.65,-59.80713515635223,-65.07149706048098,-43.33149485958102,15.50491900544597,7.575417121873991,41.00399245171369,40.519835130388444,50,70,30,,
1740956400,949.95,952.85,942.7,945.35,,,,,,,962.9005799836077,963.94206538747,0,0,962.6975013771506,,,,,,3403,2983.1,-52.74035356609409,-60.51044999345782,-38.2760329226158,30.445594686044586,16.3123746540936,40.64571264634124,40.01207112468824,50,70,30,,
1740970800,945.4,947.4,941.9,945.3,,,,,,,962.2103611607212,963.7565721995351,0,0,962.0016013220646,,,,,,1875,3002.1,-46.75474354692266,-53.100744089789664,-37.54661171095568,45.331548631565205,30.42735410768525,40.61097250568066,39.50757563286794,50,70,30,,
1740985200,945.35,953.1,943.6,949.35,,,,,,,961.7060332720654,963.6132232224253,0,0,961.495537269182,,,,,,2736,3020.7,-34.00648631204521,-44.500527808353986,-39.62440169489542,51.18248593081686,42.319876416142215,44.731600604126534,39.5466387057986,50,70,30,,
1740999600,949.25,964.7,948.5,955.05,,,964.7,,,,961.4450123594354,963.5280170212071,0,0,961.2377157784148,,,,,,5310,3184.35,-15.08935017391417,-31.95019334429401,-30.979659818699133,65.80277039620385,54.10560165286197,49.99071225484446,39.845620235621155,50,70,30,,
1741014000,954.35,960.45,945.65,950.8,,,,,,,961.0275608943595,963.4013700856727,0,0,960.8202071472782,,,,,,6293,3290.75,-8.440511647963309,-19.178782711307562,-34.599096136048075,77.99970054411328,64.99498562371133,46.44219441057128,39.41513191380492,50,70,30,,
1741028400,950.75,951.65,941.75,950.7,,,,,,,960.6225585063454,963.2749882937756,0,0,960.4153988613871,,,,,,3431,3198.95,-3.357393630386345,-8.962418484087939,-39.19249481605551,83.57955739486825,75.79400944506179,46.35880983929357,39.860743959530964,50,70,30,,
1741042800,947.8,954.85,947.6,952.4,,,,,,,960.3001052315867,963.1667794550315,0,0,960.0947829069316,,,,,,2297,3120.6,4.474968865209456,-2.4409788043800646,-35.76813375847328,83.9581543754548,81.8458041048121,48.065910364566975,40.4534072307877,50,70,30,,
1741057200,952.3,958.7,952.2,954.4,,,,,,,960.0687285558382,963.079547818663,0,0,959.8669915906544,,,,,,1246,3129.85,14.349312523497765,5.155629252773626,-31.839364581292372,90.20860361535807,85.9154384618937,50.07876213613457,41.509121847090306,50,70,30,,
1741071600,954.65,959.55,948.2,952.9,,,,,,,959.7876019458054,962.9782587856414,0,0,959.5883119270283,,,,,,4881,3279.55,17.598119200224474,12.140800196310565,-32.501173678112224,93.9432947309473,89.37001757392005,48.55866291154763,42.35432086499547,50,70,30,,
1741086000,952.75,962.5,952.3,956.8,,,,,,,959.6704410851855,962.916783573844,0,0,959.4767794499471,,,,,,4323,3428.55,28.43186590865877,20.126432544127002,-25.219895893989218,97.33707093770848,93.82965642800461,52.58826558924447,43.538267942132805,50,70,30,,
1741100400,956.7,963.15,949.2,962.4,,,,,,,959.7774826112567,962.9116414487311,0,0,959.5937082719493,,,,,,5316,3537.9,43.237257820352724,29.755747643078653,-21.3233061347496,97.3370709377085,96.20581220212142,57.71082805229531,45.01663721936689,50,70,30,,
1741114800,962.3,964.9,960.7,962.1,,,,,,,959.8685617245408,962.9035654144153,0,0,959.6939599410713,,,,,,1100,3264.65,50.1607262606524,40.60994999655463,-21.93120968215257,99.55619446764103,98.07677878101934,57.35332649087413,46.812142611949376,50,70,30,,
1741129200,962.25,963.3,955.95,956.15,,,,,,,959.7227357745588,962.8363657585505,0,0,959.5522015434284,,,,,,1821,3140.75,42.949339185348,45.449107755451045,-22.194684643875874,85.84438873535834,94.24588471356928,50.651497779876436,48.19937485979363,50,70,30,,
1741143600,956.05,965.9,955.75,965,,,,,,,959.9296873128114,962.8578944574705,0,0,959.7701134816913,,,,,,1696,3174.2,52.946883472445315,48.6856496394819,-23.926518138881264,85.84438873535834,90.41499064611924,58.431957722589196,49.44422952199902,50,70,30,,
1741158000,965.1,973.8,963.2,965.95,973.8,,,,,,960.1657780064266,962.8886616767992,0,0,960.0173089424236,,,,,,4854,3333.3,58.55120099727891,51.482474551690736,-23.38264088747904,86.2881942677173,85.9923239128113,59.17602398536144,50.7678231890719,50,70,30,,
1741172400,965.65,971.6,959.55,964.7,,,,,,,960.3435906336256,962.9066849436967,0,0,960.2046165847266,,,,,,8591,3646.9,58.683890541587,56.7273250037704,-26.238088340263204,96.6386402703658,89.59040775781381,57.71219373995994,51.98933899152041,50,70,30,,
1741186800,964.6,969.95,959.75,962.9,,,,,,,960.4438419813265,962.906618426844,0,0,960.3124319213375,,,,,,7570,3883.85,54.42221154021369,57.21910102635986,-32.390325329727204,87.31738237803346,90.08140563870552,55.58007570397622,52.764230070081105,50,70,30,,
1741201200,962.85,966.65,962.15,964.05,,,,,,,960.5852599428431,962.9179953579202,0,0,960.461934644484,,,,,,1557,3790.35,52.65435184313719,55.25348464164596,-29.469586229528502,80.85132749161873,88.26911671333932,56.68118455092735,53.242120948372744,50,70,30,,
1741215600,961.65,971.15,961.4,970.15,,,,,,,960.9603477882218,962.989955603115,0,0,960.8494572587047,,,,,,2275,3624.3,60.366844289496015,55.8144692242823,-26.027275759567473,84.21268722125292,84.12713236363503,62.05435974443746,54.35727561507746,50,70,30,,
1741230000,970.2,970.2,960.2,962,,,,,,,961.0011184631935,962.9801052986064,0,0,960.8954789683564,,,,,,1904,3623.95,48.274983671239454,53.765393267957556,-31.237687038912725,71.15650627892107,78.7401736639309,52.65668517400828,54.80712385327138,50,70,30,,
1741244400,962.1,965.25,954.85,962,,954.85,,,,,961.0402902881663,962.970353007078,0,0,960.9396598096222,,,,,,6258,3766.7,38.18884398779755,48.943557316177674,-31.77184276137386,54.42692247410658,69.93203865809352,52.656685174008295,55.13503633966004,50,70,30,,
1741258800,961.9,976,959.8,967.3,,,,,,,961.285769100395,963.0134340716842,0,0,961.1940734172373,,,,,,8089,4077.4,43.58357269660467,43.34913345188056,-21.69592389464961,43.22882142213231,56.27075005838665,57.50983950270234,55.665827580129175,50,70,30,,
1741273200,967.4,972.5,964.65,965.4,,,,,,,961.4471114886148,963.037180996344,0,0,961.3623104805478,,,,,,6243,4252.75,41.67372385903784,41.14871351448002,-24.98943707942138,45.94352971099634,47.866424535745075,55.32049593809095,56.148815653453696,50,70,30,,
1741287600,965.5,969.2,963.85,967.9,,,,,,,961.7001659400418,963.0855672550869,0,0,961.6238180613259,,,,,,1845,4079.5,46.08094328809649,43.77941328124634,-24.924720836182445,56.16098385162312,48.44444499491726,57.607324866817955,56.507319887566084,50,70,30,,
1741302000,967.6,970.1,965.85,968.55,,,,,,,961.9687868835696,963.1399397202104,0,0,961.9008653388729,,,,,,1873,3858.5,49.42917889359841,45.72794868024425,-22.47463120953661,56.129560027607205,52.744691196742224,58.2062801393634,56.542709322356664,50,70,30,,
1741316400,968.5,968.55,963.4,964.15,,,,,,,962.0543246528414,963.149990071253,0,0,961.990830725318,,,,,,2515,3812.7,37.293173132778975,44.267765104824626,-26.716743188929158,48.65006496780538,53.646869615678575,52.77098906603435,56.215399506296684,50,70,30,,
1741330800,964.1,976.45,963.6,967.25,976.45,,,,,,962.2580766272398,963.190786189947,0,0,962.2011974963053,,,,,,3746,3885.15,38.35556308744874,41.69263837127538,-19.39416079164873,39.79003406598421,48.18988635379893,55.89581925316726,56.589993897246025,50,70,30,,
1741345200,967.15,971.55,957.85,969.75,,,,,,,962.5518775438186,963.2560519990022,0,0,962.5031495964531,,,,,,6377,4141.7,45.5670505572095,40.40526225914574,-20.55971392918049,37.679964278454484,42.04002110408136,58.29241932212669,56.58002686864155,50,70,30,,
1741359600,969.85,969.85,956.95,960.9,,956.95,,,,,962.4870980322963,963.2326086955296,0,0,962.439023612595,,,,,,7234,4259.35,22.91131890761473,35.61131085075766,-24.445379278612094,31.488856550723153,36.31961829838728,48.28893337799934,55.80237753954426,50,70,30,,
1741374000,960.85,964.15,960.15,962.55,,,,,,,962.4895647761278,963.2258165692059,0,0,962.4434626680911,,,,,,1791,4132.75,11.105527285400637,26.527965583408292,-24.465413232024346,24.182665980534654,31.1171622699041,50.01134173096413,55.25231668175885,50,70,30,,
1741557600,959.35,964.95,957.25,960.75,,,,,,,962.4213465496131,963.2011815784675,0,0,962.3757241613674,,,,,,3410,4037.45,-2.135445151017672,10.627133680665905,-25.194015364372703,4.188927310721231,19.953483280659686,48.128022717546614,54.72002718272817,50,70,30,,
1741572000,960.15,964.65,958.5,961.3,,,,,,,962.3773721751185,963.182264348831,0,0,962.3326951949127,,,,,,2238,4094.35,-9.878462601206524,-0.3027934889411821,-25.563963284172033,5.715977035392139,11.362523442216009,48.762936109135296,54.15443800831445,50,70,30,,
1741586400,961.45,973.25,959.05,968.95,,,,,,,962.6351222858981,963.2396547533203,0,0,962.5973873871162,,,,,,4925,4249.55,6.308081491440733,-1.9019420869278167,-19.499482089213743,29.642961385470638,13.182621910528004,56.70143852413053,53.77208649257824,50,70,30,,
1741600800,969.05,971.9,964,964.4,,,,,,,962.7043331766472,963.2512004771679,0,0,962.6694918916315,,,,,,5258,4427.65,4.820792199062469,0.4168036964322302,-19.586281505417688,40.98765976765225,25.448866062838345,51.58237707117039,53.69535019951839,50,70,30,,
1741615200,964,970.15,958.3,959.9,,,,,,,962.5943593265825,963.2178551987881,0,0,962.5587122159662,,,,,,4260,4397.95,-9.840246858905594,0.4295422771992066,-23.63748811879445,39.46061004298134,36.69707706536808,47.057460722149834,53.29540559581421,50,70,30,,
1741629600,959.8,959.8,954.35,957.25,,,,,,,962.3847766078931,963.1584735550191,0,0,962.3463637273276,,,,,,3227,4129.75,-24.623280640882506,-9.88091176690854,-28.164426861644486,11.34469838218161,30.597656064271735,44.57750999223893,52.37166777363825,50,70,30,,
1741644000,956.9,957.8,951.3,954,,,,951.3,,,962.055961838956,963.0673444649194,0,0,962.0125091782345,,,,,,2042,3853.35,-38.403284051991875,-24.288937183926652,-28.306753151595913,0,16.93510280838765,41.6766327081577,51.39710611435731,50,70,30,,
1741658400,953.85,961.6,953.35,955.75,,,,,,,961.8086692178205,962.9945350672585,0,0,961.7620088111051,,,,,,1646,3857.8,-42.83722475614808,-35.287929816340814,-29.118491577892428,4.283848992474433,5.209515791552015,43.79747676297429,50.41068839265419,50,70,30,,
1741672800,955.9,973.05,954.3,970.8,,,,,,,962.1612704249648,963.0722013849972,0,0,962.123528458661,,,,,,3967,3942.4,-17.62048003039003,-32.95366294617666,-30.0787363851,36.91808021443381,13.733976402302746,57.95686215096459,50.392872822054265,50,70,30,,
1741687200,970.9,983.85,967.8,980.7,,,,,,,962.8882794279073,963.247602366241,0,0,962.8665873203146,,,,,,4965,4095.45,7.357988143637414,-17.699905547633563,-22.351300073527185,70.25141354776713,37.151114251558454,64.32404813833821,51.21809132721883,50,70,30,,
1741701600,980.8,981.6,971.55,975.25,,,,,,,963.3730527836756,963.367029208368,0,0,963.361923827502,,,,,,7424,4153.75,17.34448103819303,2.3606630504801416,-24.903683285357772,91.58766010848633,66.25238462356242,59.02459091387307,51.44157501726925,50,70,30,,
1741716000,975.35,983.3,975.25,977.95,,,,,,,963.9446977725511,963.5121333953493,0,0,963.9454468744019,,,,,,1831,3840.85,26.30128533733584,17.00125150638877,-25.168245213671867,87.09319310662094,82.97742225429147,60.749838452827866,51.61710495517648,50,70,30,,
1741730400,974.35,982.75,974.1,982.35,,,,,,,964.6664743304902,963.699574854102,0,0,964.6816289994258,,,,,,845,3570.95,35.46388482823599,26.369883734588285,-25.44043062428328,85.8354403460532,88.17209785372016,63.45057524108227,52.70007937396811,50,70,30,,
1741744800,982.25,984.25,979.4,982.25,,,,,,,965.3560243567455,963.8841561988373,0,0,965.3843638394487,,,,,,995,3528.45,40.42901094911801,34.06472703822994,-21.947890108931745,92.13606106616295,88.3548981729457,63.34389657076556,53.65240471966821,50,70,30,,
1741759200,982.35,989.65,977.3,981.65,,,,,,,965.9950037937358,964.060930764023,0,0,966.0349892858708,,,,,,3088,3589.2,42.326527122288105,39.4064742998807,-22.962854574370553,94.92823035793424,90.96657725671679,62.6631426745954,54.69062757374313,50,70,30,,
1741773600,982.6,990.25,976.55,981.35,990.25,,,,,,966.5971605077069,964.2329613036845,0,0,966.647589714436,,,,,,6016,3764.25,42.51594814892585,41.757162073443986,-30.9409038728013,93.26054455703864,93.44161199371194,62.30260863125469,55.65774703960879,50,70,30,,
1741788000,981.3,988,977.75,984.15,,,,,,,967.2855071544635,964.4311407932001,0,0,967.3476861258586,,,,,,4490,3801.45,44.92900712047237,43.25716079722878,-27.843190544481615,94.67316161706857,94.28731217734715,64.3634798612771,56.205035706547854,50,70,30,,
1741802400,984.1,987.2,982.4,983.4,,,,,,,967.9174480503669,964.6198856609295,0,0,967.9897786808242,,,,,,805,3522.85,44.793078134292195,44.07934446789681,-26.208294513331907,95.62763204564726,94.52044607325149,63.36423557543735,57.046597028281205,50,70,30,,
1741816800,979.4,985.7,979.4,984.9,,,,,,,968.5834304797643,964.8216778434079,0,0,968.6661875335913,,,,,,635,3192.9,45.74746371828773,45.15651632435077,-27.934807349711548,98.55307060711061,96.28462142327548,64.54964248756252,58.29603858295354,50,70,30,,
1741831200,984.8,987.6,978.15,979.45,,,,,,,969.00957046095,964.967233287752,0,0,969.0975400322476,,,,,,1049,3155.8,37.04562510578528,42.52872231945506,-32.76016019120409,88.09652649346653,94.09240971540812,57.29569932014556,59.20448067780402,50,70,30,,
1741845600,979.55,979.6,968.8,974,,,,,,,969.2052735801285,965.0571115634958,0,0,969.2936384309577,,,,,,2711,3120.85,20.82800249524383,34.54036377310561,-29.674933801710296,68.09088269678682,84.91349326578798,51.11022785300513,59.87830890243597,50,70,30,,
1741860000,974.15,980.05,964,978.1,,964,,,,,969.5540863809077,965.1868915479387,0,0,969.6458928937194,,,,,,4204,3219.15,15.818656967369112,24.564094856132737,-27.634521977120514,44.54681274780392,66.91140731268575,55.04234519491206,60.68151379043153,50,70,30,,
1741874400,977.95,993.75,977.6,987.2,,,,,,,970.2460829934212,965.4059274529343,0,0,970.3480571779706,,,,,,6545,3300.15,28.455148695599007,21.700602719403978,-22.875431339784384,49.426029805771556,54.02124175012076,62.29153581484053,60.99113333785124,50,70,30,,
1741888800,987.1,995,985.45,992.65,,,,,,,971.1246679740714,965.6770127519101,0,0,971.2401348908518,,,,,,2786,3176.55,41.895857452833404,28.723221038600503,-22.306337091717296,70.87860299534067,54.95048184963872,65.84372558206246,61.09968172668869,50,70,30,,
1741903200,991.9,996.4,991.9,995.9,,,,,,,972.096249622147,965.9777389931846,0,0,972.2265294952177,,,,,,2187,3072.9,51.692158223456744,40.681054790629716,-19.20019066834419,94.42267294432355,71.57576858181193,67.79217973106798,61.725938070774035,50,70,30,,
1741917600,995.95,996.25,991.5,994.9,,,,,,,972.9905143428471,966.2655226847947,0,0,973.133468315409,,,,,,1940,3008.55,55.1510483362666,49.579688004185584,-16.511920134257764,97.51309503300179,87.604790324222,66.53450609804271,62.139128616860816,50,70,30,,
1741932000,994.85,998.45,987.25,990.5,,,,,,,973.677160839206,966.506661762558,0,0,973.8281295827926,,,,,,3499,3081.4,50.99104940711363,52.61141865561232,-26.074287471639394,84.34809677746128,92.09462158492887,61.158240673746974,61.97539043347972,50,70,30,,
1741946400,990.45,999.65,983.95,991.15,,,,,,,974.3623702180606,966.7518691082042,0,0,974.521004399481,,,,,,4614,3229.8,48.07737230133273,51.406490014904314,-25.000854061281828,72.1658442987579,84.67567870307366,61.65122221113061,61.85448512207722,50,70,30,,
1741960800,991.05,997.3,983.4,995.85,,,,,,,975.205022366372,967.0414027489186,0,0,975.3741642235017,,,,,,4594,3261.15,51.783134158305266,50.28385195558388,-19.408195132522437,69.33892427331936,75.28428844984619,65.1004420304273,62.028577933208076,50,70,30,,
1741975200,995.7,996.45,990.25,992.9,,,,,,,975.8989430578868,967.2987022240537,0,0,976.0751976545616,,,,,,774,3051.6,48.72082958275514,49.52711201413104,-20.395531352129225,69.77005981503639,70.42494279570455,61.36940062340881,61.961920218361946,50,70,30,,
1742162400,993.15,996.7,988.85,994.8,,,,,,,976.6401609771854,967.5723469780432,0,0,976.8241897483791,,,,,,1515,2756.15,48.91012763338552,49.804697124815306,-17.297545351182748,72.16193881640275,70.42364096825284,62.8463443596095,61.85355339681426,50,70,30,,
1742176800,994.7,1000,992.25,998.8,,,,,,,977.5091742721977,967.8830698936846,0,0,977.703222158444,,,,,,1204,2724.8,54.11685464863521,50.5826039549253,-19.525533220731205,73.58515452229625,71.83905105124514,65.80996822196875,62.02824858585222,50,70,30,,
1742191200,998.9,999.8,989.65,997.4,,,,,,,978.2892066536801,968.1767706907624,0,0,978.4910932721062,,,,,,3010,2833.05,53.940360031165795,52.32244743772884,-17.265317377195657,78.61395638598232,74.78701657489377,63.88908515324261,61.981065919115075,50,70,30,,
1742205600,997.25,1000.7,986.95,999.4,,,,,,,979.1170809025555,968.4874495893617,0,0,979.327449541222,,,,,,4250,2995.8,55.83313385663801,54.63011617881301,-7.67105815918822,83.78824640707283,78.66245243845047,65.44096296393789,62.562870465100254,50,70,30,,
1742220000,999.2,1002.4,993.25,999.7,,,,,,,979.9242542004945,968.7980222302637,0,0,980.1423515595732,,,,,,3821,3032.45,56.217664447486214,55.330386111763346,-2.8535980954330995,82.25120824223654,81.55113701176391,65.67922348109576,63.60351300996387,50,70,30,,
1742234400,999.8,1001.2,997.7,998.7,,,,,,,980.6605579573378,969.0955543473755,0,0,980.8846574971902,,,,,,699,2766.6,53.4273872623062,55.159395188810144,0.6890037396211568,71.49191189509837,79.17712218146926,64.09299963764369,64.24998832730185,50,70,30,,
1742248800,999.15,1004.1,995.3,1003.75,,,,,,,981.5660262727363,969.440374702128,0,0,981.7992711973026,,,,,,1709,2627.55,59.10022855623082,56.24842675534108,0.33783006177822017,76.10799535134487,76.61703849622661,68.26166187593186,64.67642590309408,50,70,30,,
1742263200,1003.7,1005.5,1001.9,1003.5,,,,,,,982.426182105178,969.7792764463854,0,0,982.6673003494104,,,,,,1219,2648.25,60.56705024681393,57.69822202178364,-2.682110219901759,79.57882325569928,75.72624350071419,67.84175981990666,64.81914263436866,50,70,30,,
1742277600,1003.55,1007,999.55,1006.4,,,,,,,983.3663318265435,970.1436617553767,0,0,983.616608335434,,,,,,2423,2737.65,64.24889104508588,61.30538994937687,4.485616664171573,98.04318045297491,84.5766663533397,70.1366030549609,64.98660144321816,50,70,30,,
1742292000,1006.3,1007.8,997.65,1001.8,1007.8,,,,,,984.0892207745222,970.4586501956217,0,0,984.3439440020167,,,,,,3726,2871.5,57.06733788526886,60.62775972572288,4.797060380126453,69.8668773412595,82.49629368331125,62.51588882509395,64.69955735229324,50,70,30,,
1742306400,1001.7,1006.1,996.85,1002.3,,,,,,,984.8033689794429,970.775479546909,0,0,985.0621862419359,,,,,,3539,2912.9,52.00592859411407,57.77405250815627,4.355634004186982,44.74231830209351,70.88412536544267,62.98665595165276,64.83015844357223,50,70,30,,
1742320800,1002.4,1004.9,999.65,1000.55,,,,,,,985.4208839214256,971.0717434320144,0,0,985.6816987922585,,,,,,517,2728.55,42.47121777005547,50.51482808314612,5.854314510571498,11.408984968760175,42.00606020403776,60.13974914154404,64.7221960814589,50,70,30,,
1742335200,998.15,1000.5,990.95,992,,,,,,,985.6788884735265,971.2799847908998,0,0,985.9344308405682,,,,,,932,2447.9,15.884306965734964,36.78715110996816,3.5212877478352453,6.251954747142236,20.80108600599867,48.58544846721842,63.54255368408684,50,70,30,,
1742349600,991.95,996.1,991.65,994.35,,,,,,,986.0189320628,971.5095371810401,0,0,986.2710536069454,,,,,,1629,2390.05,2.763706535082541,20.373077090290984,-1.5581447122231964,4.3044202877588,7.321786667887101,51.35196811327702,62.82702279050601,50,70,30,,
1742364000,994.25,994.25,978.3,989.7,,978.3,,,,,986.1632876681804,971.6905368110795,0,0,986.4082114626676,,,,,,4126,2487,-13.79600957604751,1.6173346415899914,-10.384727914439225,4.3044202877588,4.953598440886642,46.06956443283797,61.628681367165186,50,70,30,,
1742378400,989.6,993.25,985.55,989.25,,,,,,,986.2843352106047,971.8652578378349,0,0,986.5218830041609,,,,,,3836,2581.8,-24.55419151166066,-11.862164850875217,0.7219508728928332,4.304420287758801,4.3044202877588305,45.58091012615793,60.183748646035845,50,70,30,,
1742392800,989.05,999.8,986.25,988.55,,,,,,,986.3731848101888,972.0312751727818,0,0,986.6030076839945,,,,,,3866,2600.15,-32.04007254527102,-23.463424544326404,2.536237104507478,5.329070518200751e-15,2.8696135251725656,44.785132548496044,58.81918060283966,50,70,30,,
1742407200,988.7,1000.15,988.7,995.45,,,,,,,986.7291383470442,972.264297310366,0,0,986.9568873766348,,,,,,2060,2472.45,-23.687184116437457,-26.76048272445639,3.6463518575124283,11.414235225034174,5.23955183759769,53.41812573762959,57.96040651524621,50,70,30,,
1742421600,992.35,998.85,992.35,993.6,,,,,,,986.9985839020621,972.4765928595166,0,0,987.2226118815694,,,,,,941,2289.8,-21.260059193794724,-25.662438618501074,3.592539561338711,19.777898231921196,10.397377818985156,51.11071635973298,56.919798863720295,50,70,30,,
1742436000,993.5,997.6,992.5,997,,,,,,,987.3907962980597,972.7206068609145,0,0,987.6137074063066,,,,,,921,2297.15,-10.14750729448369,-18.36491686823863,1.7030146485591615,33.2185582499801,21.470230568978522,54.961195161703486,56.267527115438845,50,70,30,,
1742450400,997.15,997.9,986.25,987.75,,,,,,,987.4048827177437,972.8701530613034,0,0,987.6191591100544,,,,,,3350,2388.9,-24.14359043412322,-18.51705230746721,4.591872320435542,21.804323024945926,24.933593168949102,44.6565367233836,54.58144674739969,50,70,30,,
1742464800,987.7,990.75,976.55,981.35,,,,,,,987.1674363366557,972.9545296477581,0,0,987.3683927456523,,,,,,6611,2659.25,-40.778694815007825,-25.02326418120491,-6.885508083094052,13.440660018058907,22.82118043099501,39.18266817519556,52.53436877277746,50,70,30,,
1742479200,981.3,985.65,976.3,979.9,,,,,,,986.8824388332574,973.0236388054919,0,0,987.0696570358261,,,,,,6038,2810.65,-50.599081391594716,-38.50712221357525,-13.465878533643462,4.736951571734001e-15,11.748327681001612,38.04483716391174,50.24209978055966,50,70,30,,
1742493600,979.95,982.7,978.15,981.7,,,,,,,986.6792059378356,973.1099707576761,0,0,986.8548707543931,,,,,,1600,2678.15,-53.04986745422184,-48.14254788694146,-11.28807551039219,3.1228933107378225,5.521184442932243,40.36014902032254,48.659546937361704,50,70,30,,
1742508000,979.9,984.4,979.7,981.35,,,,,,,986.4702174696852,973.1919610983957,0,0,986.6346759242174,,,,,,1466,2560.4,-53.86306283790849,-52.504003894575014,-8.952116349115968,6.16649101883521,3.096461443191012,40.04676299008558,47.020983154392624,50,70,30,,
1742522400,981.4,983.25,977.05,982.6,,,,,,,986.3184442355798,973.2855734257748,0,0,986.4732888872487,,,,,,2022,2626.55,-51.42822198670137,-52.7803840929439,-8.310970054420906,13.580169250807892,7.623184526793641,41.785308735714764,45.70995169683339,50,70,30,,
1742536800,982.65,988.1,975.25,976.25,,,,,,,985.923603285165,973.315070207608,0,0,986.0643573317587,,,,,,4019,2742.05,-57.47497597195256,-54.2554202655208,-8.22550232645257,10.45727594007007,10.067978736571057,36.06399554277717,44.815562202230446,50,70,30,,
1742551200,976.1,981.05,969.15,975.35,,,,969.15,,,985.5089521759428,973.3353182652437,0,0,985.6357830384884,,,,,,6253,2993.75,-60.63939920781398,-56.51419905548929,-20.35709537153234,7.413678231972685,10.483707807616883,35.325723138433375,43.67083041831304,50,70,30,,
1742565600,975.4,979.5,971.65,974.55,,,,,,,985.0791893455137,973.3474046506642,0,0,985.1923517169489,,,,,,6227,3183.95,-61.977602901344106,-60.03065936037021,-16.882880858735632,0,5.9569847240142515,34.64677320692712,42.8549167593194,50,70,30,,
1742580000,974.6,980,974.6,978.75,,,,,,,984.830985841768,973.4011618183193,0,0,984.9346576482709,,,,,,1485,3071.9,-55.33636648301072,-59.31778953072293,-17.567777235219097,10.5806816970936,5.9981199763554285,41.05233575042017,42.53144716105242,50,70,30,,
1742767200,977.2,984.6,977.1,979.95,,,,,,,984.6395746322869,973.4663243872913,0,0,984.7352713423401,,,,,,1584,2974.15,-47.15342466766193,-54.82246468400558,-14.28842514996694,24.00019125053456,11.526957649209388,42.77805249860639,42.388084300346016,50,70,30,,
1742781600,980.05,982.15,978.1,980.8,,,,,,,984.4890030780796,973.5392962839351,0,0,984.5778604886465,,,,,,1328,3014.7,-38.045687924458065,-46.84515969171023,-12.327985741986495,39.473011042867164,24.684627996831775,44.028012185853186,41.71736190379056,50,70,30,,
1742796000,980.75,984.6,973.55,975.9,,,,,,,984.1521794279588,973.5627858731497,0,0,984.2307460691006,,,,,,3500,3143.1,-43.06396638831282,-42.75435966014427,-11.28517339171934,35.706233535323825,33.05981194290852,38.77032598216617,40.835905448250074,50,70,30,,
1742810400,975.8,979.55,969.75,971,,,,,,,983.6364076856859,973.5372855162029,0,0,983.7015162263366,,,,,,3700,3246.65,-53.81718963918067,-44.97561465065052,-19.351103895256003,22.28672398188286,32.48865618669128,34.35249990083325,39.363855786759345,50,70,30,,
1742824800,971.1,973.9,967.8,969.75,,,,967.8,,,983.0918426784041,973.4996010832059,0,0,983.1434555772831,,,,,,3002,3190.45,-60.248390817718395,-52.37651561507062,-22.62198630261429,6.813904189550264,21.602287235585653,33.309752340864634,38.553371188007986,50,70,30,,
1742839200,969.65,975.05,968.85,974.2,,,,,,,982.7431429655255,973.5065702266565,0,0,982.7857173541918,,,,,,641,3030.7,-55.029926457785464,-56.3651689715615,-23.58923844271264,21.664414541059774,16.9216809041643,40.2617269919331,38.63044681777496,50,70,30,,
1742853600,972.85,974.3,969.8,971.25,,,,,,,982.2924314766814,973.4841167915654,0,0,982.3242886600241,,,,,,849,2879.85,-56.23652088893127,-57.171612721478375,-25.611990517631398,34.65544983438505,21.044589521665028,37.47297011186652,38.589599171200305,50,70,30,,
1742868000,971.4,975.2,970.55,974.1,,,,,,,981.9711596540665,973.4902449826941,0,0,981.9953171136232,,,,,,894,2821.55,-49.47311822204019,-53.579855189585636,-22.158561472391384,60.707464316792795,39.0091095640792,41.67609573962101,38.683595365435906,50,70,30,,
1742882400,974.15,981.1,972.2,979.85,,,,,,,981.8879769225344,973.5535261271449,0,0,981.9095044290782,,,,,,2697,2909.35,-29.181943992233265,-44.96386103440158,-23.997806806780133,72.37638310906635,55.91309908674807,49.108920629981725,39.330892339714204,50,70,30,,
1742896800,979.75,986.35,977.7,982.2,,,,,,,981.9002131216507,973.6395606930439,0,0,981.9211242519151,,,,,,3303,3028.45,-10.364117761571372,-29.673059991948282,-24.648868799339255,92.71868114907441,75.26750952497785,51.811835680593454,40.04707283577697,50,70,30,,
1742911200,982.15,986.55,977.3,979.25,,,986.55,,,,981.7962831953115,973.6953859597797,0,0,981.8142792818385,,,,,,3024,3012.15,-3.252233107710964,-14.266098287171873,-27.883078623248508,93.77920067189034,86.29142164334371,48.340916871707755,40.923995787843445,50,70,30,,
1742925600,979.35,980.9,975.3,977.2,,,,,,,981.6160367954953,973.7302577412745,0,0,981.6297081105649,,,,,,533,2708.25,-3.5367366468817356,-5.717695838721364,-30.392410646384022,83.41206832625254,89.96998338240576,46.03309553541198,41.688808101913345,50,70,30,,
1742940000,976.45,979.55,973.75,977.3,,,,,,,981.446780450574,973.7657775647444,0,0,981.4565197861423,,,,,,841,2448.4,-3.3951510481701708,-3.394706934254297,-32.546568490751454,73.28734153701078,83.49287017838455,46.16810300810092,42.51176023056861,50,70,30,,
1742954400,977.4,979.3,971.8,972.8,,,,,,,981.1076910211398,973.756167837732,0,0,981.1102589946966,,,,,,829,2409.85,-18.052154935978628,-8.328014210343511,-36.33958119182238,60.391912649697254,72.36377417098686,41.176121851501435,42.52060209493156,50,70,30,,
1742968800,972.9,975.35,971.85,974.65,,,,,,,980.854448235997,973.7650616900929,0,0,980.8518486349087,,,,,,2079,2440.5,-21.83659155803126,-14.427965847393352,-35.08378274999204,56.48367666419136,63.38764361696647,43.8634489513921,42.59813041298768,50,70,30,,
1742983200,974.45,983.5,970.9,974.3,,,,,,,980.5974110502716,973.7703844593457,0,0,980.5897746895124,,,,,,2201,2449.45,-25.502296943733388,-21.79701447924776,-29.47453398841708,51.604445227542215,56.16001151381028,43.458941042390016,42.55748247416888,50,70,30,,
1742997600,974.4,979.2,973.8,976.8,,,,,,,980.4484929698688,973.8005298876109,0,0,980.438183701932,,,,,,2670,2382,-16.907984004574807,-21.415624168779818,-25.667858974514274,62.446829732510814,56.84498387474813,47.20418721080412,43.15990113335731,50,70,30,,
1743012000,976.9,977.25,973.65,973.95,,,,,,,980.1936501083053,973.8020171524108,0,0,980.1786563538546,,,,,,909,2114.8,-23.420984591269054,-21.94375517985908,-25.636733057106284,62.06253546779976,58.70460347595094,43.654160612937126,43.82430546993616,50,70,30,,
1743026400,973.8,976.1,971.2,972.3,,,,,,,979.8840952020972,973.7870717081082,0,0,979.8635100997004,,,,,,1903,1898.6,-33.40754688872558,-24.57883849485648,-25.844425416130292,53.55666914083688,59.355344780382495,41.69892237472703,44.42353190092633,50,70,30,,
1743040800,972.45,975.1,970.2,971.2,,,,,,,979.5435424490738,973.7613297010623,0,0,979.5169696957124,,,,,,2647,1956.7,-42.307488424449,-33.04533996814788,-24.601267750980853,35.291190068322116,50.303464892319596,40.39980980479108,44.43339495898761,50,70,30,,
1743055200,970.95,975.85,968,975.35,,,,,,,979.3790898040121,973.7771373657283,0,0,979.350290907884,,,,,,3240,2039.5,-30.727981463999797,-35.48100559239146,-25.371332020417043,36.18597693703395,41.67794538206433,47.09631174159673,45.12077650396834,50,70,30,,
1743069600,975.45,980.3,968,969.75,,968,,,,,979.0014784391489,973.7370663471638,0,0,978.9662792715686,,,,,,4479,2197.05,-42.72664602906157,-38.587371972503455,-33.97431848882188,26.6028907182573,32.693352574537805,40.4858966803773,45.03576228545093,50,70,30,,
1743084000,969.65,989,969.65,981.35,,,,,,,979.0935773238881,973.8128169307741,0,0,979.0616281007059,,,,,,5846,2314.35,-15.199929688846613,-29.551519060635986,-29.080924804273224,53.14221350122667,38.64369371883932,54.67697422252518,45.433480399204036,50,70,30,,
1743098400,981.45,986.5,981.35,984.65,,,,,,,979.311476252363,973.9206495981297,0,0,979.2851629766776,,,,,,738,2166.25,6.813385512489106,-17.03773006847302,-29.32831492999847,66.90708922836957,48.884064482617866,57.76253402094703,45.85853028065787,50,70,30,,
1743112800,984.55,987,982.9,985.45,,,,,,,979.552202673839,974.0353695026259,0,0,979.5317564576105,,,,,,1080,2070.15,21.024630328100972,4.212695383914492,-29.118027718560526,100,73.3497675765321,58.50013667147727,46.584188837784254,50,70,30,,
1743127200,985.6,987.55,981.6,982.1,,,,,,,979.6521162944728,974.1156145822018,0,0,979.6344861993061,,,,,,1341,2105.15,24.505259036421897,17.44775829233733,-27.549227180966767,92.18047565282859,86.36252162706607,54.229435348242184,47.16964168155784,50,70,30,,
1743141600,981.95,990.3,981.8,983.55,,,,,,,979.8049744790032,974.209489063971,0,0,979.7911067513339,,,,,,5048,2315.1,29.282583317870937,24.937490894131273,-15.664706654671903,87.12157332749746,93.10068299344204,55.73570843121692,47.853042068923266,50,70,30,,
1743156000,983.45,988.8,979.65,981.5,,,,,,,979.8714460680619,974.2820314613444,0,0,979.8594624812806,,,,,,7670,2653.9,27.905835886233522,27.231226080175457,-17.35198068798441,77.18365374801574,85.49523424278061,53.07627908730415,48.703053300052034,50,70,30,,
1743170400,981,986.35,973.6,980.1,,,,,,,979.8804089673536,974.33992169556,0,0,979.8690839820293,,,,,,6129,2825.5,22.581107464226967,26.589842222777147,-24.500605869264234,71.75716898769973,78.68746535440432,51.276848437210944,49.23258183475338,50,70,30,,
1743184800,980.2,983.85,979.75,982.55,,,,,,,979.9850988117711,974.4216140169972,0,0,979.9763206227482,,,,,,823,2701.5,25.97533784156492,25.48742706400847,-25.224512938529912,68.94311035375891,72.62797769649148,54.202984733684204,50.00001352698869,50,70,30,,
1743372000,982.45,986.15,980.05,981.8,,,,,,,980.056271407388,974.4950307929474,0,0,980.0492677978383,,,,,,1881,2644.35,25.601979168153406,24.719474824648433,-21.49805938593562,69.07590804579887,69.92539579575252,53.15066492959198,50.42476193547352,50,70,30,,
1743386400,981.7,987.25,981.3,986.75,,,,,,,980.3187705678826,974.6169707850574,0,0,980.3172970859248,,,,,,1672,2701.3,39.08881817926618,30.222045062994837,-16.105457861674125,82.3219171532863,73.44697851761471,58.831569235432035,51.508862551366015,50,70,30,,
1743400800,987.8,997.7,986.35,988.85,997.7,,,,,,980.6533285848284,974.7585929663006,0,0,980.6586052024878,,,,,,5813,2949.9,50.06085035948965,38.25054923563641,-3.7561331958084736,90.19487811255821,80.53090110388115,60.99259469944402,52.88698200313151,50,70,30,,
1743415200,988.8,994.8,977.05,988.5,,,,,,,980.9610411893449,974.8953233845464,0,0,980.9722609943883,,,,,,7311,3274,54.48149236533986,47.87705363469856,-17.515753880042553,99.08229268998885,90.53302931861116,60.42330479910593,54.317231645582574,50,70,30,,
1743429600,988.6,996.05,988.1,994.4,,,,,,,981.4880591819195,975.0893997687797,0,0,981.5093705546128,,,,,,4600,3400.05,65.02538644914584,56.52257639132512,-13.951224843084205,99.08229268998885,96.11982116417867,66.1576691928538,55.678757177815214,50,70,30,,
1743444000,994.3,996.9,993.1,993.1,,,,,,,981.9434294100796,975.2686097213291,0,0,981.9729957324283,,,,,,866,3333.3,67.11156747214987,62.20614876221186,-14.710338364095719,94.18749706980925,97.450694149929,63.95868889966654,57.35538519347873,50,70,30,,
1743458400,989.35,994.2,989,991.65,,,,,,,982.3240792371353,975.4316086295746,0,0,982.3600759031312,,,,,,2000,3299.8,64.2836453421958,65.4735330878305,-15.394088505452956,84.73245403497926,92.66741459825914,61.503144478213606,57.84296878317076,50,70,30,,
1743472800,991.6,994,984.25,988.75,,,,,,,982.5760761297967,975.564129936743,0,0,982.615672867006,,,,,,2166,3362.65,54.822918504880896,62.072710439742195,-14.300453842534068,63.84679127826954,80.92224746101938,56.80576811382347,57.774628361233376,50,70,30,,
1743487200,988.8,994,986.8,989.9,,,,,,,982.863288830589,975.7067754100093,0,0,982.9070459523257,,,,,,3504,3442.7,50.01423598351388,56.373599943530195,-7.133940858974455,50.91304554510805,66.49743028611898,58.17012847759577,57.75105634738469,50,70,30,,
1743501600,990,994.35,985.45,987.45,,,,,,,983.0431598568404,975.8236234158799,0,0,983.0887641142326,,,,,,4937,3557.2,37.79074770301125,47.54263406380201,-9.218897991200492,34.637383479108536,49.799073434162075,54.239416054432546,57.751769254969716,50,70,30,,
1743516000,987.05,993.2,979.7,983.8,,,,,,,983.0728398624544,975.9029903470652,0,0,983.1172135496633,,,,,,4929,3641.65,18.050210592529844,35.28506475968499,-14.361396185396899,22.189712902484924,35.91338064223386,48.93428674185421,57.265953420015244,50,70,30,,
1743530400,983.7,986.05,983,985.3,,,,,,,983.1601794756915,975.9964929306765,0,0,983.2045250076768,,,,,,767,3456.05,8.005934575478738,21.282297623673283,-14.237248732791457,10.806241301117547,22.54444589423703,51.05308389789525,57.12143947791461,50,70,30,,
1743544800,983.55,988.75,983.2,988.75,,,,,,,983.3793881237036,976.1233934985304,0,0,983.4263440073697,,,,,,1259,3226.7,12.308717396133941,12.788287521380846,-13.804320648908998,17.096311067408262,16.69742175700358,55.614632614389606,57.43128120485594,50,70,30,,
1743559200,988.85,988.85,981.9,982.4,,,,,,,983.3409807463034,976.185847294565,0,0,983.385290247075,,,,,,1148,3247.2,-5.036272452857398,5.092793172918431,-17.466350989227706,17.096311067408262,14.999621145311359,46.94306290955353,56.91271536027517,50,70,30,,
1743573600,982.5,984.25,972.1,980.05,,,,,,,983.211922677821,976.224296575216,0,0,983.251878637192,,,,,,3428,3364.6,-20.78932888476915,-4.5056279804975325,-23.73090042900867,12.97499068878337,15.722537607866633,44.19658458154626,56.27313819255762,50,70,30,,
1743588000,979.95,980.8,971.6,972.2,,,,,,,982.7800825728084,976.1842538232238,0,0,982.8098034917043,,,,,,4684,3531.75,-40.625020004043265,-22.150207113889934,-25.006625072650465,4.736951571734001e-15,10.023767252063879,36.51190558031377,54.67887650290631,50,70,30,,
1743602400,972.25,974.65,966.75,970.15,,,,,,,982.284785217012,976.1242114966245,0,0,982.3034113520362,,,,,,4836,3521.15,-52.31013299394363,-37.908160627585346,-28.04811552535584,4.736951571734001e-15,4.324996896261127,34.80972174741993,52.80867129204745,50,70,30,,
1743616800,970.3,980.65,965.8,968.7,,,,,,,981.752048541835,976.0503387454144,0,0,981.7592748979547,,,,,,3369,3306.1,-58.933101536417446,-50.62275151146812,-24.00155743926399,3.552713678800501e-15,5.329070518200751e-15,33.61596359374545,50.893861205950266,50,70,30,,
1743631200,960.35,984.6,953.25,979.4,,,,,,,981.6598113441161,976.0836687081465,0,0,981.6649039020365,,,,,,3777,3188.5,-47.441469511444296,-52.89490134726845,-19.672495924488757,15.720997535598812,5.240332511866274,47.83307832467092,49.584961858222925,50,70,30,,
1743645600,979.5,980.75,967.45,974.7,,,,,,,981.3868775659155,976.0699008603043,0,0,981.386307745955,,,,,,2291,3261.9,-45.975092435697405,-50.78322116118638,-16.049392511481017,27.54005543728357,14.420350990960797,43.43294483225377,48.118837281979154,50,70,30,,
1743660000,975.7,977.65,961.7,963.7,,,,,,,980.6932745241148,975.9468172696545,0,0,980.6788554361168,,,,,,6772,3506.45,-57.50072740590129,-50.30576311768099,-22.841022974590615,29.779275537050008,24.346776169977463,35.2581547165081,46.24419515614305,50,70,30,,
1743674400,963.6,966,951.3,955.8,,,,,,,979.7170676800318,975.7463514261754,0,0,979.6837012186721,,,,,,11572,4001.45,-68.34310981368493,-57.27297655176121,-32.21173877150558,14.058278001451201,23.792536325261594,30.777785605458234,44.385053548402674,50,70,30,,
1743688800,956.6,964.3,949.1,949.35,,,,,,,978.5262022808149,975.4837011632284,0,0,978.4703531699253,,,,,,7564,4089,-75.97700632628147,-67.27361451528922,-35.55845911890455,2.239220099766444,15.358924546089218,27.68457569029144,42.20751406359522,50,70,30,,
1743703200,949.4,949.85,944.1,946.25,,,,,,,977.2604688580378,975.1928185645893,0,0,977.1815390431283,,,,,,1046,3775.75,-79.39172127139149,-74.57061247045263,-35.07313187664198,5.0330110449673766e-15,5.432499367072549,26.315671231372434,40.212960861948076,50,70,30,,
1743717600,943.7,953.4,943.7,948.35,,,,,,,976.126724981252,974.9257258425536,0,0,976.0282774814032,,,,,,1315,3611.5,-77.64742469841255,-77.67205076536183,-32.511124952753065,2.977769083436075,1.738996394400841,28.88111494298444,38.780591447743085,50,70,30,,
1743732000,948.25,956.7,942.95,952.8,,,,,,,975.2119514525755,974.7055693665083,0,0,975.0991463821471,,,,,,2142,3675.3,-71.36296494624783,-76.13403697201728,-33.514808828927656,11.995710102668228,4.991159728701436,34.115838829980035,37.57078822860628,50,70,30,,
1743746400,952.75,953.9,938.55,940.6,,,,,,,973.8546200230627,974.366210467339,0,0,973.7191805268612,,,,,,6428,3896.7,-73.80531431139414,-74.27190131868484,-34.4299664298252,14.721125647437239,9.898201611180513,28.02543943443618,35.600131572895336,50,70,30,,
1743760800,940.55,943.2,927,929.2,,,,,,,972.1034584535308,973.9167954378132,0,0,971.9384133057868,,,,,,16052,4591,-78.89926488012989,-74.68918137925728,-46.74065399838217,11.74335656400117,12.820064104702212,23.757484056635278,33.94401879768689,50,70,30,,
1743775200,929.1,932.8,915.8,918.85,,,,,,,970.0150875337845,973.3688671249992,0,0,969.8148767735553,,,,,,11182,4974.9,-83.46323496160281,-78.72260471770895,-51.192382600155476,2.725415544769014,9.729965918735807,20.678504855532537,32.26415596011448,50,70,30,,
1743789600,918.7,924.9,915.9,916,,,,,,,967.8968488069694,972.798032626243,0,0,967.6622817026131,,,,,,2032,4829.65,-84.29020610207519,-82.21756864793598,-52.77280575291238,6.5133084111342514e-15,4.8229240362567305,19.9131964547189,31.078533879714843,50,70,30,,
1743976800,914.1,915.85,884.75,906.55,,,,884.75,,,965.4910900302255,972.1388482220017,0,0,965.2177904345085,,,,,,2132,4689.8,-85.47072216814969,-84.40805441060924,-52.94236121828113,7.697546304067751e-15,0.9084718482563426,17.588729161298787,29.848462980706188,50,70,30,,
1743991200,929.7,935.05,925.8,927.5,,,,,,,964.0012433623734,971.6946805780017,0,0,963.7090788171282,,,,,,2168,4759.85,-74.58361940271118,-81.44818255764535,-55.737378268379814,20.15033735880859,6.716779119602868,35.55016895301176,29.986620506368066,50,70,30,,
1744005600,927.7,930.2,908.85,918.55,,,,,,,962.2188416618882,971.1658777861808,0,0,961.9027156644431,,,,,,9825,5188.15,-70.23534683380979,-76.76322946822356,-56.208034963679495,39.477380736030774,19.875906031613123,32.31035577864158,28.877854610223114,50,70,30,,
1744020000,918.5,924.7,909.4,918,,,,,,,960.4847694398534,970.6368640768655,0,0,960.1466070378654,,,,,,11959,5728.7,-65.99116781715118,-70.27004468455739,-57.67344413446789,66.48634479916169,42.03802096466701,32.116654301481574,28.069548143739386,50,70,30,,
1744034400,917.9,924.2,906.5,913.7,,,,,,,958.6500725990749,970.0703281159017,0,0,958.2887427563508,,,,,,20253,6569.95,-64.17268373805742,-66.79973279633946,-63.072520770526424,70.49041924951176,58.81804826156807,30.57344098419236,27.734925734288264,50,70,30,,
1744048800,913.8,915.7,907.95,914.25,,,,,,,956.9088932814641,969.5149019654947,0,0,956.5271930460967,,,,,,3762,6523.85,-61.13046448638138,-63.76477201386333,-65.38552291401919,76.160169824619,71.0456446244308,31.029935134920876,27.75293641496417,50,70,30,,
1744063200,914.35,925.45,912.45,924.4,,,,,,,955.6340347214067,969.0659974683256,0,0,955.2421053242529,,,,,,3048,6434.45,-49.57418426399546,-58.29244416281142,-64.32932130049437,82.48453909482141,76.37837605631739,39.00106467929576,28.561257057035903,50,70,30,,
1744077600,924.3,928.75,923.3,927.75,,,,,,,954.5405431637045,968.6548930159045,0,0,954.1424211112827,,,,,,2642,6398.1,-36.78597721977205,-49.16354199004962,-67.25251163347241,91.66346061899611,83.43605651281217,41.40798181241416,29.63927924139603,50,70,30,,
1744092000,927.65,931.7,918.65,921.45,,,931.7,,,,953.2428748043435,968.1851925878855,0,0,952.8347242668314,,,,,,16189,7018.7,-33.4402456092977,-39.93346903102173,-68.73348132580193,95.74846115637074,89.96548695672942,38.34380046040985,30.315185349783558,50,70,30,,
1744106400,921.5,928.2,917.65,918.85,,,,,,,951.8941346159379,967.6942951492,0,0,951.475335296158,,,,,,12050,7506.65,-33.706924817092826,-34.64438254872085,-74.52465296704068,89.79711727860177,92.40301301798952,37.122874085803154,30.529973582342354,50,70,30,,
1744120800,918.65,922.35,912.85,917.65,,,,,,,950.5512273760972,967.1963419636359,0,0,950.1223218843118,,,,,,12349,7785.5,-34.94168019448406,-34.02961687362485,-76.76008500631666,83.03951891989577,89.52836578495608,36.5444998698864,31.138477899160225,50,70,30,,
1744135200,917.6,925.45,916.45,918.15,,,,,,,949.2805910084071,966.7083186605151,0,0,948.8434290089393,,,,,,11586,7786.2,-34.56753190173723,-34.405378971104696,-67.89580433553996,81.14382761343893,84.66015460397882,36.985038954670486,32.083303249019885,50,70,30,,
1744149600,916.25,917.7,908.25,915.75,,908.25,,,,,947.9656658708225,966.2012707136444,0,0,947.5196918485817,,,,,,9350,7875.5,-37.447559836193605,-35.652257310804956,-68.8980732123455,79.16089262152595,81.11474638495355,35.70372765635173,33.1565334490784,50,70,30,,
1744164000,914.8,920.05,913.45,918.55,,,,,,,946.8121103464765,965.7271287164937,0,0,946.3609041746384,,,,,,10177,8332.05,-33.95203663205723,-35.32237612332935,-64.61894964941683,81.699197066006,80.66797243365694,38.38562467786888,34.47599260787483,50,70,30,,
1744178400,918.5,930,914.7,918.25,,,,,,,945.6920275877911,965.2547194755335,0,0,945.2364680076529,,,,,,15672,9049.9,-31.573249536204234,-34.32428200148501,-54.16307018877088,77.90866788579616,79.58958585777603,38.20176451816756,35.94835227622259,50,70,30,,
1744192800,918.35,928.1,912.9,921.1,,,,,,,944.7276343490543,964.8153690329909,0,0,944.2710092873468,,,,,,13749,9630.25,-21.72983650666301,-29.08504089164148,-55.66636125071396,84.7484050414101,81.45208999773742,41.088629264079195,36.34395658415598,50,70,30,,
1744207200,921,933.5,914.95,925.6,,,,,,,943.9775310412482,964.4251663560458,0,0,943.524168915853,,,,,,9994,9808.55,-4.052594576049671,-19.11856020630563,-50.04123688079045,88.96769895563607,83.87492396094744,45.42379802515203,37.28063103033531,50,70,30,,
1744221600,925.55,933.5,924.9,931.85,,,,,,,943.5019415886502,964.101035347528,0,0,943.057202159219,,,,,,15409,9776.4,16.64378447487996,-3.04621553594423,-42.96229829710138,98.90545828593197,90.87385409432603,50.83523983175807,38.617672853926486,50,70,30,,
1744236000,928.75,936.25,928,934.4,,,,,,,943.1450027028208,963.8055026575028,0,0,942.7109140728502,,,,,,4557,9445.15,31.27475532594012,14.621981741590147,-40.552414378447494,99.99999999999999,95.95771908052266,52.88776385015891,40.21155305863839,50,70,30,,
1744250400,934.5,938.7,932.45,938.2,,,,,,,942.9510810282003,963.5507215365326,0,0,942.5304775099362,,,,,,3080,9497.55,42.977832171584424,30.29879065746817,-38.32931068180854,99.99999999999999,99.6351527619773,55.845997675743554,41.984128954411425,50,70,30,,
1744264800,938.1,941.45,929.8,932,,,,,,,942.5216268702317,963.2367840088059,0,0,942.1092584095387,,,,,,12535,10017.7,42.216570786870136,38.82305276146489,-40.040258865218654,90.84141713010642,96.94713904336878,50.29678025147412,42.79096578099559,50,70,30,,
1744279200,932.05,942.2,931.45,932.7,,,,,,,942.1364650321834,962.9329354117034,0,0,941.7328880731571,,,,,,16537,10736.15,41.9503830631795,42.381595340544685,-31.83069220571508,82.65870854336794,91.16670855782475,50.89011480419316,43.4682609946941,50,70,30,,
1744293600,932.75,941.35,929.45,935.7,,,,,,,941.8840546387645,962.661960929995,0,0,941.4915725502309,,,,,,14376,10963.7,45.26053910024911,43.142497650099585,-27.552747747408873,78.68606943750986,84.06206503699472,53.45459768157173,44.54760365334852,50,70,30,,
1744308000,935.6,938.5,930.65,932.8,,,,,,,941.5278172019503,962.364826990393,0,0,941.1439096482217,,,,,,3874,10559.45,42.058779520242354,43.08990056122366,-29.95188225698928,79.31874363107224,80.22117387064999,50.69854324100585,45.51729430729157,50,70,30,,
1744322400,930.5,943.9,929.3,936.25,,,,,,,941.3208439783443,962.104977965613,0,0,940.9481532622927,,,,,,5103,9801.95,45.06346414842525,44.12759425630557,-28.892270295655777,83.99197486041938,80.66559597633379,53.75338327690665,46.746500264935875,50,70,30,,
1744336800,936.35,943.1,935.6,940.3,,,,,,,941.2808108811544,961.8880130107312,0,0,940.922227131801,,,,,,3784,9803.05,51.92994319685952,46.350728955175704,-25.780900402228554,87.96461396627745,83.75844415258966,57.112894307402215,48.18420421870242,50,70,30,,
1744351200,940.25,949,936.75,945.2,,,,,,,941.4345045720895,961.7219631300275,0,0,941.093338046529,,,,,,17129,10507.1,60.3796382625031,52.45768186926262,-16.582595101535006,96.49052264260864,89.48237048976846,60.82118008754834,49.97830796378789,50,70,30,,
1744365600,945,946.5,933.75,938.25,,,,,,,941.3096220398508,961.4884112580869,0,0,940.9796045246678,,,,,,11385,10944.25,54.72894076447857,55.679507407947064,-17.616087403874957,89.56766173061267,91.34093277983288,53.7254090084224,51.07400684454172,50,70,30,,
1744380000,938.35,946.9,935.5,936.35,,,,,,,941.1151270578958,961.2382778127328,0,0,940.794420343681,,,,,,7771,10523.35,45.97410479097332,53.69422793931833,-14.829090174533704,74.55107504748999,86.86975314023705,51.941341056780324,52.05540516872834,50,70,30,,
1744394400,936.45,945.1,936.15,937.8,,,,,,,940.9851220752332,961.0050611180787,0,0,940.6746435299339,,,,,,3815,10111.6,42.118605404745644,47.60721698673251,-14.016709452889913,58.01852798703161,74.04575492171139,53.21809912331898,52.921795872959756,50,70,30,,
1744581600,945.1,948.5,942.35,947.1,,,,,,,941.2249212095378,960.8667023009834,0,0,940.9316577887365,,,,,,2033,9595.8,55.163917060233935,47.75220908531764,-14.032391092057068,67.2560644462788,66.60855582693347,60.47157403428441,53.99663701646921,50,70,30,,
1744596000,947,948.55,943.2,947.65,,,,,,,941.4768850836736,960.7351928253518,0,0,941.200391477187,,,,,,1123,9072.65,61.48583603231086,52.92278616576348,-11.890598660617982,82.27265112940147,69.18241452090396,60.85809638866872,54.71255534196283,50,70,30,,
1744610400,947.45,954.1,946.65,953.9,,,,,,,941.9640660607844,960.6671809564427,0,0,941.7083758180996,,,,,,5884,8899.35,70.09700264324256,62.248918578595784,-5.328512767487808,98.80519818985984,82.77797125518005,65.04141508098242,55.580673287021646,50,70,30,,
1744624800,953.95,956,942.1,947.35,,,,,,,942.1752791564398,960.5346716931946,0,0,941.9340407853756,,,,,,6838,8732.4,65.44239520623454,65.67507796059598,-4.082124662564198,84.16014775999234,88.41266569308455,58.04048116589539,55.73742210774679,50,70,30,,
1744639200,947.25,956.4,945.9,954,,,,,,,942.6389936993246,960.4696500843071,0,0,942.4166791539606,,,,,,5154,8206.5,68.99274738508217,68.1773817448531,-1.8753714772360581,78.161434631703,87.04226019385173,62.45863728934483,56.60612618188041,50,70,30,,
1744653600,954.1,954.9,949.75,949.95,,,,,,,942.9256998287628,960.3649769491399,0,0,942.7180119878021,,,,,,551,7546.6,64.2871567749173,66.24076645541133,-1.3968947688764501,62.77561118043118,75.03239785737551,58.42386608633031,57.14425127346163,50,70,30,,
1744668000,949.65,951.45,948.1,949.3,,,,,,,943.1756723844976,960.2548776760141,0,0,942.98129150829,,,,,,1744,7134.1,58.68272568495386,63.987543281651114,-2.6042851164208827,61.723675321183464,67.55357371110588,57.77875044769577,57.453119328184776,50,70,30,,
1744682400,949.4,951.65,947.45,948.25,,,,,,,943.3746656243212,960.1354261568498,0,0,943.1920398479584,,,,,,1546,6440.95,51.5853505019115,58.18507765392756,0.05086467004191775,46.485259183541636,56.99484856171876,56.689788411052874,57.881065411759565,50,70,30,,
1744696800,948.3,957.45,944.65,955.1,,,,,,,943.8344826586615,960.0853224139955,0,0,943.6683582540401,,,,,,6594,6542.8,57.9445849994697,56.070887062111694,6.11416861130796,53.511728198128935,53.906887567618014,61.75404868655815,58.45254151244897,50,70,30,,
1744711200,955,962.6,954.75,958.55,,,,,,,944.4115617700866,960.0700455740553,0,0,944.2636239238784,,,,,,6084,6693,64.62925654803698,58.05306401647274,15.533932570848393,67.82578132101035,55.940922900893646,64.03501466190801,58.94697868062794,50,70,30,,
1744725600,958.75,961.9,954.45,957.05,,,,,,,944.9071867987107,960.0399953693383,0,0,944.7750789669233,,,,,,2625,6197.5,64.75422109433462,62.44268754728045,15.922025660859006,82.07945416369553,67.80565456094494,62.295426864298975,59.05228202182442,50,70,30,,
1744740000,957,958.9,955.7,957.5,,,,,,,945.401022610526,960.0147217835737,0,0,945.2840758082464,,,,,,532,5397.25,63.84500142277127,64.40949302171431,14.912336657899829,84.28704920160553,78.06409489543714,62.623472098291465,59.68785795681507,50,70,30,,
1744754400,954.6,957.9,953.55,956,,,,,,,945.8166687826622,959.9747743031401,0,0,945.7127127759165,,,,,,1313,4744.1,59.29499770099181,62.63140673936592,13.644628620804127,74.70833631571675,80.3582798936726,60.72683695434948,60.315393378070006,50,70,30,,
1744768800,956.15,958,954.15,956.6,,,,,,,946.2395445166754,959.9411944593277,0,0,946.1482042648798,,,,,,1177,4609.25,56.09634858412088,59.74544923596133,21.048053669499865,66.49666669704531,75.1640174047892,61.23261253828643,60.88785862199625,50,70,30,,
1744783200,957.55,962.5,950.55,960,,,,,,,946.7791702219039,959.9417795890856,0,0,946.7022760942847,,,,,,7535,4730.85,58.982310369310156,58.12455221814096,28.74385017859248,68.6965418922638,69.96718163500863,64.05738819523,61.143988204920916,50,70,30,,
1744797600,960.1,971.4,958.9,968.2,971.4,,,,,,947.6192027622213,960.0239509364579,0,0,947.5621850505133,,,,,,7017,4892.5,69.75831928730732,61.612326080246135,36.73594964600545,80.85298975452652,72.01539944794523,69.77708929291018,61.78105912665245,50,70,30,,
1744812000,968.15,970.2,962.7,963,,,,,,,948.2223712813499,960.053563364951,0,0,948.1796976484928,,,,,,7035,4387.8,67.19073922154642,65.31045629272131,30.311683826927435,78.70135552022133,76.08362905567056,62.93725367702344,61.63076188351253,50,70,30,,
1744826400,963.25,968.6,961.9,968.6,,,,,,,949.0214939761989,960.138602535449,0,0,948.9965097425531,,,,,,1278,3882.45,71.05545916530538,69.33483922471972,35.66767727897371,74.929772094375,78.16137245637428,66.72061229404872,62.25077124980919,50,70,30,,
1744840800,967.2,970.4,961.9,962.4,,,,,,,949.54614127125,960.161104002758,0,0,949.532649352851,,,,,,1777,3582.75,62.70458425573933,66.98359421419705,32.348704016873285,48.76750742904529,67.46621168121388,59.48113062198317,62.0380922021405,50,70,30,,
1744855200,962.2,965.95,959.85,961.85,,,,,,,950.0286455351226,960.1779089380539,0,0,950.0253433787369,,,,,,1288,3456.4,54.39337091212157,62.71780477772211,27.63616783958024,38.38967051935898,54.02898334759309,58.870886355479044,62.07002222136541,50,70,30,,
1744869600,961.8,963.95,955.5,957.45,,,,,,,950.3196790435492,960.150765565536,0,0,950.3223296435874,,,,,,5373,3623.4,37.34890908653244,51.482288084797794,32.573577740832576,12.779804815428013,33.31232758794409,54.08992187443614,61.80653446613258,50,70,30,,
1744884000,957.55,963.6,953.2,961.4,,953.2,,,,,950.7542014339982,960.1631957589137,0,0,950.7654364578439,,,,,,4772,3805.85,33.80887760067833,41.85038586644413,31.279297876989574,12.74714902220723,21.305541452331404,57.43207629914571,61.85955502956779,50,70,30,,
1744898400,961.35,968.5,959.2,965.2,,,,,,,951.3207033385473,960.2133132140489,0,0,951.3428189995301,,,,,,4504,3736.85,40.11893063114761,37.09223910611948,28.229688581048492,20.63455294963588,15.38716892909037,60.41741632457279,61.764081289425974,50,70,30,,
1744912800,965.25,968.8,964.7,965.45,,,,,,,951.8747934037024,960.2654195502275,0,0,951.9071062395489,,,,,,1010,3445.45,43.878653506935954,39.26882057958732,27.145926755186125,34.54690610033339,22.64286935739216,60.61312225523076,61.51966040323474,50,70,30,,
1745186400,965.2,971.5,963,970.35,,,,,,,952.5993113094395,960.3657636343049,0,0,952.6448219899669,,,,,,1514,3263.45,54.31646644998497,46.1046835293562,26.67154581063062,49.22614628548171,34.80253511181699,64.33516085343862,61.665355688173285,50,70,30,,
1745200800,970.5,973.6,967.6,972.9,,,,,,,953.395416748285,960.4904824041129,0,0,953.4550291103682,,,,,,863,3279.05,62.3432994442809,53.51280646706729,36.14066678706499,61.35099569753925,48.37468269445145,66.12901028869709,61.91575127320226,50,70,30,,
1745215200,972.8,976,970,970.35,,,,,,,954.0603023659993,960.5885870568083,0,0,954.1308279459535,,,,,,1590,3271.35,61.48518609734576,59.381650663870566,31.417667375117418,65.86033417559366,58.81249205287154,62.731089635206665,62.05891217897778,50,70,30,,
1745229600,970.45,977.55,960.3,961.45,977.55,,,,,,954.3500944300778,960.5971583298748,0,0,954.4235948281154,,,,,,3450,3366.55,41.99510291481579,55.274529485480834,22.861181036826707,44.0426811156625,57.084670329598474,52.576793670075496,61.44063940267699,50,70,30,,
1745244000,961.35,965.4,958.85,960,,,,,,,954.5716593543884,960.5912164559456,0,0,954.6466510349908,,,,,,3509,3212.3,24.84492755050358,42.77507218755506,23.025641293757417,18.42169162875189,42.774902306669354,51.12481116970511,60.516883900853784,50,70,30,,
1745258400,959.85,962.2,959.4,960.85,,,,,,,954.8178687914713,960.593791416583,0,0,954.8947849935912,,,,,,659,2941.05,13.602989474568169,26.81433997996253,20.192566531455967,1.798867610391964,21.421080118268787,51.962311511405176,59.24439977360343,50,70,30,,
1745272800,957,964.5,957,962.05,,,,,,,955.101481780041,960.608281054229,0,0,955.1809935938476,,,,,,6951,3157.35,7.475947025625598,15.307954683565798,21.797232588018346,6.215001768592941,8.8118536692456,53.182020475598726,58.547597402073094,50,70,30,,
1745287200,962,972.2,959.5,971.6,,,,,,,955.7484824945492,960.7176513919978,0,0,955.8377538500937,,,,,,7368,3499.15,22.59856934349294,14.559168614562251,17.33703352268128,29.402550168194722,12.47213984905988,61.54931417717484,58.178218965153526,50,70,30,,
1745301600,971.65,972.3,964.4,970.55,,,,,,,956.3289341614296,960.8154857065053,0,0,956.42624369609,,,,,,9468,3906.9,29.907241191660145,19.993919186926245,32.11845510304113,47.96434243194667,27.86063145624478,60.27383957594599,58.234841033293726,50,70,30,,
1745316000,970.65,971.8,957.1,958.55,,,,,,,956.41603478255,960.7929435601719,0,0,956.5111939482464,,,,,,4998,4097.95,11.595211702200572,21.367007412451233,23.71796634254305,43.54820827374569,40.30503362462903,48.02505272158443,57.460138630872684,50,70,30,,
1745330400,958.6,963.6,957,957.4,,,,,,,956.4546216538225,960.7591829277324,0,0,956.5467461903165,,,,,,4483,3945.35,-2.557260102266076,12.981730930531562,17.567669872413035,20.36065987414393,37.29107019327877,47.038502976139675,56.95646585242294,50,70,30,,
1745344800,957.3,957.3,950.25,950.4,,,,,,,956.2171855105354,960.6561064806903,0,0,956.3008763427039,,,,,,3604,3774.7,-19.986627268491382,-3.6495585561856294,13.24756712861533,-4.736951571734001e-15,21.302956049296544,41.456062828945925,55.815322033122946,50,70,30,,
1745359200,948.3,961.95,947.2,960.8,,,,947.2,,,956.3969037258086,960.6575382570018,0,0,956.4808412889957,,,,,,8729,3859.4,-16.623772868395392,-13.055886746384283,17.369069700611917,12.70288766297749,11.021182512373805,50.798657718495534,55.12826784697457,50,70,30,,
1745373600,960.75,962.65,957,957.4,,,,,,,956.4362408346004,960.6251249410117,0,0,956.517607637436,,,,,,6279,4109.45,-20.281320517197504,-18.96390688469476,17.465471739037653,21.741947681797175,11.481611781591553,48.09639023610543,54.234215559894196,50,70,30,,
1745388000,957.5,968.25,956.35,964.65,,,,,,,956.7583490371651,960.6651734490613,0,0,956.8429033319385,,,,,,5529,4297.05,-8.086686548381874,-14.99725997799159,26.065791562741296,38.415701886324236,24.286845743699633,53.74658797026091,53.4778889253815,50,70,30,,
1745402400,964.85,972.7,962.45,968.5,,,,,,,957.2188059376684,960.743131922205,0,0,957.309187198661,,,,,,4477,4456.5,6.749335327547952,-7.206223912677143,25.889661116462264,49.22606294602306,36.46123750471482,56.45733209511151,52.78705476869681,50,70,30,,
1745416800,968.6,976,965.9,971.1,,,,,,,957.7631664891325,960.8461853359144,0,0,957.8608197107145,,,,,,11143,4745,19.805050382491537,6.155899720552539,31.141704822282065,68.00882124314312,51.88352869183014,58.23737252266994,52.46607497494419,50,70,30,,
1745431200,971,973.6,970.3,973.2,,,,,,,958.3685325091665,960.9691088649103,0,0,958.4743869222859,,,,,,932,4553,30.284582712150346,18.946322807396612,33.02593243440322,81.50932231195098,66.24806883370572,59.671403615183266,52.97283282816618,50,70,30,,
1745445600,972.35,973.9,968.6,970.2,,,,,,,958.8325116264541,961.060958527946,0,0,958.9434114453945,,,,,,1503,4402.95,32.47207005888338,27.520567717841754,32.99565708998523,83.25701983743572,77.59172113084327,56.67730180552462,53.36943930215328,50,70,30,,
1745460000,970.3,973.55,966.65,972.1,,,,,,,959.3528052881618,961.1707997366232,0,0,959.4696749875787,,,,,,1240,4414.45,36.33274697401889,33.02979991501754,29.37804929046945,83.05140809711763,82.60591674883477,58.11087103164698,53.808622125027696,50,70,30,,
1745474400,972.05,976.65,969.2,975.85,,,,,,,959.9997541003908,961.3168614307862,0,0,960.1248879880756,,,,,,7093,4693.4,43.358730645877046,37.38784922625977,29.915472438357284,85.00782267905338,83.77208353786891,60.86349899525318,54.35729916214587,50,70,30,,
1745488800,976.05,980.3,971.05,971.05,980.3,,,,,,960.433097076846,961.4137085807286,0,0,960.5618924685525,,,,,,3488,4824.65,39.624676583829434,39.77205140124179,33.566153597075356,84.4734798000107,84.17757019206057,55.808285290871126,53.94722567026704,50,70,30,,
1745503200,970.95,975.8,969,971.6,,,,,,,960.8710148385384,961.5150647142536,0,0,961.0034167698104,,,,,,2799,4885.1,37.427185752160284,40.13686432728892,31.490125288003696,82.34913225265073,83.94347824390495,56.25661868619933,53.660281320999424,50,70,30,,
1745517600,971.5,972.3,969.7,970.25,,,,,,,961.2388181782036,961.6019794932163,0,0,961.373280099018,,,,,,652,4745.2,31.929613552097038,36.32715862936225,32.04117756530991,73.19949897000002,80.00737034088716,54.78736624085847,54.14330371523328,50,70,30,,
1745532000,969.4,973.65,969.15,969.5,,,,,,,961.5627860927839,961.6805667619404,0,0,961.6983488950573,,,,,,1288,4634.15,24.859832458388972,31.405543920882096,32.05240077973269,70.01148713296345,75.18670611853808,53.94445511568082,54.63658601091479,50,70,30,,
1745546400,969.35,971.3,962.9,963.4,,,,,,,961.6348336969884,961.6976755503788,0,0,961.766414939255,,,,,,1674,4684.9,3.5076863146960484,20.099044108394015,27.52061244139172,44.51962810470177,62.5768714025551,47.53828941487631,55.07103076705267,50,70,30,,
1745560800,964.35,967.6,958.75,964.4,,958.75,,,,,961.7432715912241,961.7245643508726,0,0,961.8717583416848,,,,,,5870,4630.85,-8.169102345742779,6.732805475780743,19.210137876202282,24.248138465250165,46.259751234305135,48.615591662031306,54.91509747730523,50,70,30,,
1745575200,964.25,972.7,960.4,966.9,,,,,,,961.9454962347055,961.7760612230032,0,0,962.0728880080173,,,,,,4462,4485.55,-9.802261597018527,-4.821225876021755,27.627605539941072,12.178134395469263,26.98196698847374,51.307626966120424,55.144471529449156,50,70,30,,
1745589600,966.75,970.8,964.95,966.3,,,,,,,962.1162610882465,961.8210755391923,0,0,962.2419724876967,,,,,,2670,4145.65,-12.995542178361939,-10.322302040374417,28.168123622457642,19.924915065954647,18.783729308891356,50.62216084427969,54.92129816330764,50,70,30,,
1745604000,966.4,971.95,965.15,970.25,,,,,,,962.4352312416486,961.9049454343248,0,0,962.5622935881888,,,,,,648,3928.15,-1.0204418079391147,-7.939415194439863,30.109737780606622,35.664722056382566,22.589257172602156,54.89448540013433,54.809666256523556,50,70,30,,
1745791200,974.1,974.45,969,969.1,,,,,,,962.6965947223682,961.9765380170678,0,0,962.8238018446613,,,,,,1400,3774,3.6651576804072175,-3.450275435297948,31.885726334011963,41.01473615350489,32.20145775861403,53.444639851222846,54.46732820856305,50,70,30,,
1745805600,969.2,974.2,967.6,974.05,,,,,,,963.1418263018832,962.0966719671468,0,0,963.2728497708748,,,,,,889,3638.25,21.665231646479427,8.103315839649174,37.59901389837586,60.77856604608771,45.81934141865838,58.5226760454316,54.385276239295074,50,70,30,,
1745820000,974.1,982.55,970.35,977.6,,,,,,,963.7088135057309,962.2509339376229,0,0,963.8459357800398,,,,,,4978,3450.7,38.26830575077631,21.199565025887647,37.752704387870125,75.66254545582476,59.15194921847245,61.74536233665953,54.74728056294757,50,70,30,,
1745834400,977.5,991.3,977.4,982.25,,,,,,,964.4359188584473,962.4499296198356,0,0,964.5820983488381,,,,,,3076,3290.55,52.825597621572825,37.58637833960952,37.26091296979524,94.17727722973486,76.87279624388243,65.52398595763539,55.276788771946734,50,70,30,,
1745848800,982.45,993,982.2,985.6,993,,,,,,965.2658828247827,962.6802785788423,0,0,965.4228144148847,,,,,,3740,3201.1,62.83498645825014,51.30962994353308,38.31282833717589,100,89.94660756185321,67.97798682393815,55.78496647399567,50,70,30,,
1745863200,985.45,988.95,985.2,986.3,,,,,,,966.0907501649873,962.9153006825354,0,0,966.2579018382893,,,,,,576,3006.05,67.2549749996965,60.97185302650649,37.13145690791936,99.99999999999999,98.05909240991161,68.4828143293463,56.69028997674389,50,70,30,,
1745877600,986.2,987.8,984.2,987.7,,,,,,,966.9381717271447,963.1619146060923,0,0,967.1155857647577,,,,,,1159,2506.85,69.34457525005004,66.47817890266556,35.57865843020343,99.99999999999999,100,69.51784846742648,57.637520675402975,50,70,30,,
1745892000,987.55,990.45,983.3,984.7,,,,,,,967.6347140123547,963.3762239134944,0,0,967.8189623341674,,,,,,1205,2520.5,65.37590665623088,67.32515230199247,33.677026884129845,92.64421988319073,97.5480732943969,64.62055814005225,58.33989152534539,50,70,30,,
1745906400,984.6,991.35,984.45,988.35,,,,,,,968.447078168733,963.6247191979372,0,0,968.6402038408007,,,,,,3166,2603.65,65.6593791708239,66.7932870257016,38.46980591903542,89.79925436104872,94.14782474807981,67.61023102201483,59.31601837579782,50,70,30,,
1745920800,988.45,992.35,981.85,981.9,,,,,,,968.9746437307435,963.8065627880075,0,0,969.1705956871687,,,,,,3328,2708.05,54.880115837412475,61.971800554822416,38.528242599195806,71.93403065729483,84.79250163384476,58.24380387964638,60.08069798042425,50,70,30,,
1745935200,982.15,986.05,976.05,979.75,,,,,,,969.3972067216947,963.9652039542959,0,0,969.593771859682,,,,,,4224,2564.6,41.70572729897045,54.08174076906894,34.77134118622064,54.63283180806139,72.12203894213498,55.48451747256538,60.571335538319545,50,70,30,,
1745949600,979.55,980.05,977.95,978.7,,,,,,,969.7620221443733,964.1118188403228,0,0,969.9580209852946,,,,,,511,2415.75,28.942100045598714,41.842647727327204,31.467075013830453,30.429470952495063,52.33211113928376,54.13566016104898,60.773337909385866,50,70,30,,
1745964000,978.65,979.1,975.15,975.35,,,,,,,969.9811585308685,964.2236415384291,0,0,970.1737001458829,,,,,,819,2316.75,12.807664538139935,27.818497294236355,27.27374467198034,14.961361322915636,33.341221361157366,49.962380304945036,60.72621072800482,50,70,30,,
1745978400,974.9,979.75,974.3,979.35,,,,,,,970.3485640786776,964.3741525678975,0,0,970.5407521400476,,,,,,1002,2334.25,9.321527138114444,17.02376390728435,22.90042231724918,14.025908051933905,19.80558010911487,54.4751433139342,60.696257721847665,50,70,30,,
1745992800,979.4,980.3,961.9,966.75,,,,,,,970.2074439187294,964.3977928408538,0,0,970.3891220544457,,,,,,3046,2422.15,-14.642777401427317,2.495471424942341,24.968811167035696,7.740901096308906,12.242723490386153,41.71324908666895,59.85830123866525,50,70,30,,
1746007200,966.6,972.05,962.35,962.95,,,,,,,969.9228382748577,964.3833869419398,0,0,970.0915571722678,,,,,,3476,2512.25,-31.59507415335808,-12.305441472223668,26.024029910643833,7.740901096308906,9.835903414850577,38.763800412792044,58.446952979190996,50,70,30,,
1746021600,962.8,972.55,961.95,967.7,,,,,,,969.8356681464319,964.4163880668956,0,0,969.9958948853771,,,,,,5972,2517.35,-35.938131548471674,-27.391994367752357,33.184663329234326,5.83904995438938,7.106950715669068,44.08589846265852,57.18556270247664,50,70,30,,
1746036000,967.8,969.1,965.7,967.5,,,,,,,969.7440733171601,964.4470707726977,0,0,969.896059089962,,,,,,731,2330.8,-38.45908824502007,-35.330764648949945,29.209078190065014,11.488605100407772,8.356185383702025,43.91284222475488,55.64190957869946,50,70,30,,
1746050400,966.9,968.75,963.05,964.7,,,,,,,969.5462665204087,964.449587481427,0,0,969.6882167263635,,,,,,1110,2252.8,-43.00165947831644,-39.1329597572694,24.24043258741726,14.448336446635485,10.591997167144216,41.45914686113293,53.74770672421338,50,70,30,,
1746064800,964.6,965.75,959.4,960.8,,,,,,,969.2032756764711,964.4132731781292,0,0,969.3326880573089,,,,,,913,2266.05,-49.44074190032813,-43.633829874554884,19.49278098564527,8.609286492246094,11.515409346429786,38.252983362086496,51.58843308369482,50,70,30,,
1746079200,960.95,969,956.5,965.15,,,,,,,969.0443236891585,964.4206037932722,0,0,969.1653805350165,,,,,,1604,2276.25,-46.983636624014025,-46.4753460008862,17.450185522534397,8.985245848411159,10.680956262430916,43.50122330746575,49.73010271512619,50,70,30,,
1746093600,965.05,970.4,954.3,961.5,,,,954.3,,,968.7484678582111,964.3915430590108,0,0,968.8587653136159,,,,,,6640,2563.8,-49.52320287285372,-48.649193799065294,-0.13595670469878485,8.491228311730763,8.69525355079601,40.39844568707807,47.99995182562804,50,70,30,,
1746108000,961.35,965.35,956,961.85,,,,,,,968.4779397069087,964.3662540733491,0,0,968.5784147010712,,,,,,8215,2725.65,-49.630400670179064,-48.71241338901561,-9.359285494483686,12.826156935680453,10.100877031940795,40.834237940674754,46.0873808912466,50,70,30,,
1746122400,961.9,967.25,961.5,966.85,,,,,,,968.4140989340888,964.3909679631665,0,0,968.5092781130284,,,,,,1693,2656.5,-39.65370097872361,-46.26910150725214,-6.22092363550739,23.415665035789292,14.911016761066842,46.81674819903699,45.27116262834593,50,70,30,,
1746136800,966.2,969.15,965.5,968.35,,,,,,,968.4115852503991,964.4303613167668,0,0,968.5029069885072,,,,,,1645,2551.75,-28.19422305523247,-39.159441568045054,-3.399200622985859,42.048699244799664,26.096840405423137,48.4991635041224,44.772208773457145,50,70,30,,
1746151200,968.4,973.75,967.75,972.15,,,,,,,968.5581897503835,964.5071736419732,0,0,968.6487907089669,,,,,,2986,2672.25,-11.842707858516004,-26.563543964157365,-7.375995519005869,67.17767516344043,44.21401314800979,52.590808036841835,44.66186219315664,50,70,30,,
1746165600,972.05,973.1,964.1,967.9,,,,,,,968.5323783876233,964.5409331082221,0,0,968.6188390806082,,,,,,4686,2848.6,-9.083318571286718,-16.373416495011735,-15.663540065991825,70.62058506274867,59.94898649032959,47.99782165083693,44.52153657500605,50,70,30,,
1746180000,967.95,973.65,964.35,967.25,,,,,,,968.4820890390891,964.5678889976925,0,0,968.5640855173838,,,,,,6580,3117.35,-8.799321833995846,-9.908449421266198,-6.469833635573664,70.63303438729078,69.47709820449329,47.3171881010089,44.0102540597971,50,70,30,,
1746194400,968.25,974.45,959.1,961.2,,,,,,,968.1965169199092,964.5343776643822,0,0,968.2695220966884,,,,,,3777,3147.9,-24.133360836964272,-14.005333747415612,-9.478913702679577,48.56544542673544,63.27302162559163,41.428509696834304,43.98991553195177,50,70,30,,
1746208800,961.3,962.85,958.75,958.75,,958.75,,,,,967.8260652759911,964.4768216677217,0,0,967.888741212821,,,,,,621,3012.55,-37.11612829033522,-23.349603653765115,-11.30576625915677,30.920610872902582,50.039696895642926,39.29575950716,44.02791261012091,50,70,30,,
1746540000,980.75,986.25,979.8,984.55,,,,,,,968.4819058534033,964.6765547854558,0,0,968.5551915643081,,,,,,1571,2879.9,-4.886017874264979,-22.045169000521494,-8.22666903655275,43.14274686313613,40.876267720924716,61.67226090954637,45.284081356327185,50,70,30,,
1746554400,984.65,987.15,983.25,984.3,,,,,,,969.1022232709169,964.8718129467945,0,0,969.1849839017358,,,,,,369,2872.8,13.162943183823213,-9.613067660258995,-2.136969122493255,68.74820883383603,47.60385552329158,61.43594081343727,46.53573125551878,50,70,30,,
1746568800,985.35,988.55,977.35,982.95,,,,,,,969.645273338724,965.0516954050354,0,0,969.7355845456664,,,,,,2592,2961.45,22.995233504379648,10.424052937979294,-9.260909772004268,97.4558061008215,69.78225393259788,60.09675677920527,47.86698910680967,50,70,30,,
1746583200,983.05,985.35,979.7,984.25,,,,,,,970.2180077175975,965.2427233114529,0,0,970.3161611638398,,,,,,1220,2972.35,30.20132396416144,22.1198335507881,-10.72318611481522,96.43945307796075,87.54782267087278,60.97884522701482,49.49026495430455,50,70,30,,
1746597600,985.2,989.65,979.95,982.75,,,,,,,970.7094583953387,965.4169250695479,0,0,970.8135147172861,,,,,,2731,2956.6,33.041970729216715,28.74617606591927,-8.565670756115225,93.35575351368334,95.75033756415519,59.34862166285318,50.62222197968937,50,70,30,,
1746612000,982.85,990.15,982.15,988.3,,,990.15,,,,971.3992835563058,965.6446173574132,0,0,971.5129741285947,,,,,,4723,3018.95,39.73991695568831,34.32773721635549,-5.098938882479985,95.56839163226353,95.1211994079692,63.262147001951796,52.25534350218036,50,70,30,,
1746626400,988.15,989.5,977.6,977.6,,,,,,,971.6424489070389,965.7635763886826,0,0,971.7564551634509,,,,,,3079,2874.3,31.049644161790596,34.610510615565204,-9.014819419355192,82.04782128096106,90.3239888089693,52.723748192789735,53.104594234474284,50,70,30,,
1746640800,976.6,982.05,974.2,974.9,,,,,,,971.7701960087237,965.8544860763574,0,0,971.8821969569129,,,,,,1906,2933.05,20.176720121491428,30.322093746323446,-15.886868865488339,67.74867831152655,81.78829707491704,50.440391190263426,53.363425876704746,50,70,30,,
1746655200,972.6,985.75,972.5,985.15,,972.5,,,,,972.29489420446,966.0464812397767,0,0,972.4129090786364,,,,,,1151,2935.1,26.835915559423366,26.020759947568465,-17.98007384962378,60.363011519323116,70.05317037060358,57.89530828314504,54.03457907520636,50,70,30,,
1746669600,985.25,986.6,979.1,979.3,,,,,,,972.5696042356576,966.1783570483361,0,0,972.688392715491,,,,,,1179,2948.4,21.99435526045314,23.002330313789315,-20.989343306338085,60.7320314684456,62.94790709976508,52.99558738157859,54.0634918855447,50,70,30,,
1746684000,979.35,979.45,973.35,975.75,,,,,,,972.6943256381809,966.2735972767109,0,0,972.8108570068713,,,,,,4553,3095.85,11.277456535027108,20.03590911830121,-24.41839484771498,60.412623414640365,60.50255546746968,50.21814045454851,54.22208608580981,50,70,30,,
1746698400,975.85,987.75,974.05,983.7,,,,,,,973.1259207111934,966.4469943187337,0,0,973.2464227265964,,,,,,3934,2960.55,18.925370481201192,17.399060758893814,-18.893009962814205,57.516824260469754,59.55382638118524,55.8042566004919,54.82830526434431,50,70,30,,
1746712800,983.75,987.8,976.85,977.4,,,,,,,973.2935316636956,966.5559794498905,0,0,973.4125658175325,,,,,,4746,2787.1,10.765692133700712,13.656173049976337,-21.856593748549017,54.63279148379207,57.52074638630072,50.92731320675213,55.50679122933845,50,70,30,,
1746727200,977.6,978.1,975.05,977.15,,,,,,,973.4447657160997,966.6613925896926,0,0,973.5620631848312,,,,,,393,2722.1,3.797129574942141,11.162730729948011,-25.706250806738083,40.660061036609804,50.9365589269572,50.73781883132795,56.32408118106473,50,70,30,,
1746741600,974.4,979.4,974.35,978.7,,,,,,,973.6508533350762,966.7811797281036,0,0,973.767580657438,,,,,,332,2656.45,2.618597533575343,5.727139747406063,-22.635815083068337,22.00554671102499,39.09946641047561,51.932020837242725,55.62834974732875,50,70,30,,
1746756000,978.6,984.5,977.7,983.9,,,,,,,974.0527806552693,966.9515162482219,0,0,974.1728774311405,,,,,,1133,2563.8,16.043250394811906,7.48632583444313,-17.63488552729943,20.044538808237203,27.570048851957324,55.80293809113502,55.22599241002145,50,70,30,,
1746770400,983.95,990.9,983.95,989.4,,,,,,,974.6546323942783,967.174884245752,0,0,974.7819623338949,,,,,,1939,2426.45,33.53635827007484,17.39940206615403,-14.938621851161926,42.51757086022541,28.189218793162524,59.516417265651924,55.184539587624776,50,70,30,,
1746784800,989.5,990.4,983.2,989.95,,,,,,,975.2544507317576,967.4015023129584,0,0,975.3886838405391,,,,,,6789,2436.9,43.476454157192755,31.018687607359833,-20.012812037061494,62.84478414811216,41.80229793885825,59.879444505662555,55.10601096467105,50,70,30,,
1746799200,990.05,999.7,988.4,999.7,,,,,,,976.2130997226691,967.7228803993967,0,0,976.3611364869175,,,,,,2778,2386.95,58.483618189548345,45.165476872271974,-18.02037841252705,81.8577282526184,62.40669442031865,65.74386663920187,55.562814177267384,50,70,30,,
1746813600,999.8,1000.4,996.75,998.95,,,,,,,977.1047428707997,968.0335980073629,0,0,977.2646910274408,,,,,,482,2380,64.10471599422387,55.35492944698833,-14.977577817551946,89.72154613695027,78.1413528458936,64.95731420831365,55.683897549150366,50,70,30,,
1747000800,996.3,1002,994.05,997.4,,,,,,,977.9006353072389,968.3258010122647,0,0,978.0701033863431,,,,,,1990,2400.95,64.17125656011036,62.25319691462752,-13.785071450916618,93.07760658881288,88.21896032612717,63.27253578132296,56.43738237690275,50,70,30,,
1747015200,997.5,1001.85,996.75,998.75,,,,,,,978.7182574520531,968.6285293604014,0,0,978.8972992508894,,,,,,1059,2435.45,63.992472872249074,64.0894818088611,-19.01108623256728,89.68704283778,90.82873185451437,64.14481093824965,57.416269501758904,50,70,30,,
1747029600,999.7,1005.25,979.35,980.6,1005.25,,,,,,978.7920512774627,968.7476484712432,0,0,978.9654072808538,,,,,,6786,2645.15,40.88082418468014,56.34818453901318,-25.610342621192927,58.023396383424334,80.2626819366724,47.731528425978446,56.690285226247,50,70,30,,
1747044000,980.7,984.15,975.25,978.35,,,,,,,978.7747159332486,968.8431942575991,0,0,978.9407909896197,,,,,,5409,2854.6,22.144706824267374,42.339334627065526,-28.868096535299358,29.94276958230047,59.21773626783494,46.154854541673295,56.20166145196805,50,70,30,,
1747058400,978.45,980,975.25,977.4,,975.25,,,,,978.7208055044937,968.9283366032946,0,0,978.8791593500349,,,,,,2947,2865.4,7.917778302003825,23.647769770317108,-30.312124842713118,9.473903143468002e-15,29.32205532190827,45.47187891828203,55.862642770806154,50,70,30,,
1747072800,977.25,978.85,976.45,978.25,,,,,,,978.7023425435332,969.0210894729136,0,0,978.8539929760335,,,,,,453,2651.9,-1.459019771916351,9.534488451451608,-31.554976677302278,1.2757391180182556,10.406169566772911,46.23842767245337,55.179369275946264,50,70,30,,
1747087200,976.7,984.15,976.65,982.4,,,,,,,978.8473487182965,969.1542129607452,0,0,978.9958332569921,,,,,,1351,2565.5,-3.5474434418999192,0.9704383627291772,-25.30499563908826,8.692332352845549,3.3226904902879366,49.93871220844686,55.108754918924454,50,70,30,,
1747101600,982.45,988.2,982.2,987.2,,,,,,,979.1749036705202,969.3337730307876,0,0,979.3239999267124,,,,,,1074,2523.9,2.0525724404926913,-0.9846302577745338,-17.296758623353384,22.638939026068925,10.869003498977577,53.891654899076514,55.33402892376365,50,70,30,,
1747116000,987.25,991.95,985.5,989.5,,,,,,,979.5798094089312,969.5344320056056,0,0,979.7310399296439,,,,,,2080,2570.35,9.630865333495127,2.7119981106959585,-16.760033983667213,38.282217006213585,23.20449612837602,55.69685096886849,55.60294536173691,50,70,30,,
1747130400,989.45,991.05,981.05,984,,,,,,,979.753150216424,969.6783680055498,0,0,979.9017983324582,,,,,,3509,2686.85,5.386387004962581,5.689941592983459,-21.783014851810435,39.359230505575006,33.42679551261917,50.595595290623166,55.23099230455749,50,70,30,,
1747144800,984.1,991.35,983,988.15,,,,,,,980.0824384432309,969.8621653388279,0,0,980.2317263991598,,,,,,2215,2569.95,10.629660277807936,8.54897087208854,-22.58301647699453,39.55682755579058,39.06609168919306,54.017802213924924,54.838234086576996,50,70,30,,
1747159200,988.05,990.5,987.55,988.2,,,,,,,980.4007741905551,970.044631355357,0,0,980.5504573431934,,,,,,320,2389.25,14.525657263696443,10.180568182155646,-18.092681086967175,36.85005769864603,38.58870525333721,54.05909239207836,54.42249464989241,50,70,30,,
1747173600,984.15,990,983.5,988.7,,,,,,,980.7262340262197,970.2302569140102,0,0,980.8764390494657,,,,,,802,2192.05,18.41934184477072,14.5248864620917,-27.08580568563761,43.88815359552938,40.098346283322,54.49910152147766,53.619297141483536,50,70,30,,
1747188000,988.55,995.75,986.35,995.05,,,,,,,981.287950338917,970.4772195317812,0,0,981.443381487487,,,,,,947,2219.75,32.88262464484398,21.942541251103716,-22.276543789155497,55.33117581327782,45.356462369151075,59.769097631770066,53.248710243158996,50,70,30,,
1747202400,996.15,998,989.75,989.85,,,998,,,,981.6237169922928,970.6699835165396,0,0,981.7796462279875,,,,,,1796,2292.95,31.317085481809666,27.53968399047479,-19.297155239938746,56.83166170775388,52.016997038853695,54.22993972838226,52.602810525091805,50,70,30,,
1747216800,989.95,995.55,984,986.6,,,,,,,981.8188653455362,970.8284911432406,0,0,981.972460378868,,,,,,3596,2416.1,20.832665853395667,28.34412532668311,-24.93326080201001,54.33664615213363,55.499827891055105,51.04580245433372,51.667167061954956,50,70,30,,
1747231200,986.45,987.45,979.35,981.85,,,,,,,981.820086312378,970.9381578980342,0,0,981.9675619637134,,,,,,2179,2428.1,2.382070437898033,18.177273924367793,-27.40711467325248,31.664222543018848,47.61084346763545,46.72743553822408,51.59544614140106,50,70,30,,
1747245600,981.75,981.75,978.45,981.65,,,,,,,981.8134162609122,971.044743391586,0,0,981.9548594851648,,,,,,425,2109.9,-10.08541618326907,4.37644003600821,-25.478129700892836,18.446759578997774,34.81587609138341,46.54887324821662,51.62359033472559,50,70,30,,
1747260000,979.55,986.55,979.15,985,,,,,,,981.9383803291117,971.1836016662967,0,0,982.0766651057581,,,,,,1560,2049,-11.024312568752396,-6.242552771374474,-24.964925748900868,14.681717907262396,21.597566676426336,49.99573854822771,51.94672316543599,50,70,30,,
1747274400,985.1,986.1,979.55,981.2,,,,,,,981.909424237774,971.2832673213584,0,0,982.0415985015278,,,,,,1390,2094.4,-21.102998598777766,-14.070909116933079,-30.006282697670215,11.766915575189799,14.965131020483321,46.3448981123359,51.954328196856174,50,70,30,,
1747288800,981.15,982.55,970.9,982.2,,,,970.9,,,981.9208193657045,971.3918915271161,0,0,982.0479345614667,,,,,,2527,2121.25,-25.171806134116004,-19.09970576721539,-39.12559470393897,11.988393374220498,12.812342285557563,47.43276580150801,51.77533202493196,50,70,30,,
1747303200,982.05,988.95,979,986.35,,,,,,,982.0945127239121,971.5407284273438,0,0,982.2200171790081,,,,,,3066,2221.6,-15.059628473942963,-20.44481106894558,-31.798749631825032,16.310654761239288,13.355321236883192,51.800353989729,51.625953388549995,50,70,30,,
1747317600,986.55,993.55,983.35,988.95,,,993.55,,,,982.3633553621901,971.7139550101563,0,0,982.4892164918477,,,,,,1809,1972.75,-0.45611743028510077,-13.562517346114689,-27.39037324643583,36.255076702255906,21.518041612571896,54.35889643855735,51.53038520781349,50,70,30,,
1747332000,989.05,991.15,988.65,990.4,,,,,,,982.6785178970061,971.8998858060751,0,0,982.8056478321738,,,,,,386,1721.6,12.686186249829708,-0.9431865514661192,-28.479148788807308,56.97658937181393,36.51410694510304,55.76901215994596,51.899914984193686,50,70,30,,
1747346400,988.65,992.75,988.65,989.8,,,,,,,982.9577917049667,972.0779963950694,0,0,983.0854219188868,,,,,,864,1617.45,19.822767862701927,10.684278894082178,-28.951369617435333,64.9441311621044,52.725265745391404,55.011619692961716,51.97090194698203,50,70,30,,
1747360800,989.95,990.95,987.5,989.85,,,,,,,983.2280743832033,972.2548322518348,0,0,983.3560050421313,,,,,,862,1637.9,24.618189969162305,19.042381360564647,-25.426373614584364,66.69684672049705,62.87252241813846,55.06638465991277,52.04285139468448,50,70,30,,
1747375200,989.9,990.6,982.35,985,,,,,,,983.2975616622933,972.3816498413688,0,0,983.421764840446,,,,,,1655,1653.1,12.469371164923444,18.970109665595892,-33.284315267023075,49.51513816062115,60.38537201440753,48.85399138016399,51.63962924173351,50,70,30,,
1747389600,984.15,986.3,980.3,983.55,,,,,,,983.3074612049485,972.4927777036437,0,0,983.4268942468282,,,,,,2631,1730.95,-0.4095348145686355,12.226008773172373,-31.345160925494454,30.77847353760808,48.99681947290876,47.14165855528325,50.73766930769874,50,70,30,,
1747404000,983.6,986.95,981.3,985.65,,,,,,,983.3993254714211,972.6236953384333,0,0,983.515818476955,,,,,,1775,1715.7,-3.1985399770326515,2.953765457774054,-27.987652951838953,21.612009904732087,33.96854053432044,49.88148050051178,50.42706507713656,50,70,30,,
1747418400,985.55,989.1,985.05,987.65,,,,,,,983.566018590189,972.7732108077026,0,0,983.6811857378768,,,,,,341,1557.3,2.7253730186899343,-0.29423392430378276,-27.957920625952767,36.82987666399652,29.740120035445567,52.41140231424136,50.52460792427282,50,70,30,,
1747634400,992.35,995.25,991.95,992.2,,,,,,,983.9046060964561,972.9665121927006,0,0,984.0219383083618,,,,,,583,1475.7,20.47161696233625,6.666150001331179,-28.816375450448476,67.33842603931724,41.926770869348616,57.64906959114121,51.30472464233833,50,70,30,,
1747648800,992.35,998.6,985.2,988.7,,,,,,,984.0926607593401,973.1230643101862,0,0,984.2090607760273,,,,,,2640,1591.7,21.094148628884934,14.763712869970375,-34.678560570429525,73.9668811887047,59.37839463067282,52.83209696137837,51.7535263361356,50,70,30,,
1747663200,988.55,1000.45,987.45,998.1,,,,,,,984.6419681805424,973.371591033468,0,0,984.7646983449862,,,,,,2068,1655,42.53713868613369,28.034301425784957,-24.12292177596595,85.82579568258741,75.71036763686979,62.012590804675256,52.61187292588186,50,70,30,,
1747677600,997.95,1004.2,996.9,996.9,,,,,,,985.1226753107172,973.6057045555231,0,0,985.2501104111867,,,,,,417,1628.5,50.92242761379099,38.18457164293654,-28.225039819174484,82.22573774598415,80.67280487242543,60.39648708670446,53.61555785262247,50,70,30,,
1747692000,992.15,1006.6,992.15,1003.4,,,,,,,985.8394331416695,973.9021652067119,0,0,985.9761059947392,,,,,,973,1587.35,62.921093221660286,52.12688650719499,-27.29431063806429,96.39994206339674,88.15049183065611,65.62260403334224,54.91483201203919,50,70,30,,
1747706400,1003.3,1004.2,998.85,1000.75,,,,,,,986.4241612537609,974.169307841471,0,0,986.5670617549497,,,,,,1090,1462.05,64.47877014590694,59.44076366045274,-23.052520079487195,89.96869690263834,89.5314589040064,62.028787471219886,55.645434403574264,50,70,30,,
1747720800,1000.7,1008.7,1000.7,1003.7,,,,,,,987.1016451261625,974.4631455743917,0,0,987.2523792847517,,,,,,2087,1457.45,67.4110670541964,64.93697680725454,-21.142194392934954,91.33447200835376,92.56770365812962,64.36817079206804,56.360382571682166,50,70,30,,
1747735200,1003.55,1031.5,1003.45,1030.45,,,,,,,988.8015806114109,975.0202287030047,0,0,988.9802841133616,,,,,,3409,1606.65,85.32483392144533,72.40489037384955,-6.052116957964472,91.33447200835376,90.87921363978195,77.75284602593075,57.93065641925251,50,70,30,,
1747749600,1030.65,1048.95,1029.35,1047.95,,,,,,,991.121126469787,975.745898069144,0,0,991.3390727488271,,,,,,3532,1705.25,96.64030875706527,83.12540324423567,8.244137948853023,97.76571716911212,93.47822039527323,82.40842238677953,59.88757089738235,50,70,30,,
1747764000,1047.85,1057.75,1046.45,1051.6,,,,,,,993.4928470003836,976.5006652525356,0,0,993.749509838874,,,,,,859,1678.7,99.44092654451926,93.8020230743433,14.909611626135302,100,96.36672972582197,83.19818173591327,61.89698497423952,50,70,30,,
1747778400,1048.2,1059.9,1046.25,1048.85,,,,,,,995.6637157454666,977.2205591306198,0,0,995.9535294453191,,,,,,2147,1659.7,96.40533541064981,97.49552357074477,9.850503130429615,97.3802936343347,98.38200360114895,80.27409716273083,64.14127824442288,50,70,30,,
1747792800,1049,1049.2,1036.2,1043.45,,,,,,,997.537687677017,977.8795585422554,0,0,997.8533882675063,,,,,,1903,1601.55,89.49321622618635,95.11315939378512,4.395134019693643,89.11254496029359,95.4976128648761,74.72065189435466,66.11120634007082,50,70,30,,
1747807200,1044.4,1047.65,1037.6,1044.8,,,,,,,999.3911116896829,978.545433581636,0,0,999.731252736806,,,,,,2773,1649.75,83.15220192326622,89.68358452003413,6.928497508693042,80.6512023261527,89.04801364026035,75.1828870945459,67.91844966821613,50,70,30,,
1747821600,1044.7,1065.1,1043.2,1060.8,,,,,,,1001.7993033881268,979.3638869788336,0,0,1002.1740026273338,,,,,,5720,1916.45,83.1981088019459,85.28117565046615,11.911860762064563,79.76596826874749,83.17657185173125,79.87881653770575,69.880407827035,50,70,30,,
1747836000,1060.95,1082.75,1060.2,1069.9,1082.75,,,,,,1004.4699189415336,980.2647438248154,0,0,1004.8830425222404,,,,,,8460,2296.25,83.72604272994664,83.35878448505292,26.986662052953037,86.78552553274638,82.40089870921553,81.9686196596569,71.6175185462147,50,70,30,,
1747850400,1070,1082.7,1068.85,1073.95,,,,,,,1007.1946280026499,981.1969354285485,0,0,1007.6457208213508,,,,,,1350,2320.65,82.72159447998186,83.2152486706248,26.29162741679623,94.81342802848302,87.1216406099923,82.82364910415043,73.75977227069843,50,70,30,,
1747864800,1071.3,1079.85,1069.85,1078.65,,,,,,,1009.9967994535264,982.1666176630903,0,0,1010.4858919884967,,,,,,1502,2313,81.14580381238619,82.53114700743822,27.343036170539676,98.31836845155352,93.30577400426098,83.78461271077683,75.31491669256283,50,70,30,,
1747879200,1078.75,1079.45,1070.1,1073.4,,,,,,,1012.4831994749567,983.0744125122137,0,0,1013.0024563089569,,,,,,1596,2261.25,75.99621209401718,79.95453679546175,25.65143263309953,91.72459506843461,94.95213051615706,78.50138323113029,76.60812356002181,50,70,30,,
1747893600,1073.3,1081.9,1062.75,1064.4,,,,,,,1014.5191524367231,983.8836223379628,0,0,1015.0583580565986,,,,,,6758,2510.4,66.75554988496644,74.6325219304566,13.275794114096499,72.0095029618757,87.35082216062129,70.31569209857405,76.9433441361098,50,70,30,,
1747908000,1064.25,1082.45,1058.1,1066.4,,,,,,,1016.5536954784202,984.7046808221622,0,0,1017.1120237343347,,,,,,6742,2830.45,59.94531509981201,67.56569235959853,2.113438704991964,50.644385467988236,71.45949449943285,71.03841617426139,77.58688904346991,50,70,30,,
1747922400,1066.7,1079.15,1066.15,1078.2,,,,,,,1018.9711976165214,985.6349825055238,0,0,1019.5555427849613,,,,,,3915,2997.05,60.52558309930782,62.408816028028745,10.593884661876473,36.57114334412838,53.07501059133077,74.91845889507807,78.34048105082776,50,70,30,,
1747936800,1078.1,1081.5,1076.15,1079.15,,,,,,,1021.3311506511676,986.565480192036,0,0,1021.9393210735628,,,,,,490,2889.55,59.934615084459345,60.13517109452638,13.897718872250593,35.51787024874012,40.911133020285575,75.20645007913129,78.15859562605637,50,70,30,,
1747951200,1077.9,1089.65,1076.75,1088,,,,,,,1023.945615331514,987.5747788965929,0,0,1024.5817482306204,,,,,,1345,2853.4,62.63573438394479,61.03197752257065,15.708815972155932,42.023953608089705,38.037655733652734,77.76749778712798,77.82710101179555,50,70,30,,
1747965600,1088.1,1088.1,1078.8,1087,,,,,,,1026.4183362989056,988.5640845792138,0,0,1027.0784783013955,,,,,,1379,2901.5,62.18062478577882,61.58365808472764,12.330598685071777,46.69696689979657,41.41293025220879,76.80212817791923,77.37024004336739,50,70,30,,
1747980000,1088,1094.85,1081.7,1092.85,,,,,,,1029.0234995813014,989.6017553794206,0,0,1029.7093391693397,,,,,,3307,3018.2,63.37275310507365,62.729704091599075,17.20969416028936,54.82248343709143,47.84780131499256,78.48473536216369,77.24242848618402,50,70,30,,
1747994400,1092.6,1095.3,1071.8,1083.25,,,,,,,1031.1500290094857,990.5335787089787,0,0,1031.8509656025662,,,,,,10164,3471.9,56.96256502438297,60.83864763841181,6.549506919159725,36.348184238295985,45.95587819172798,69.567303223891,76.87433215257947,50,70,30,,
1748008800,1083.3,1096.25,1082.8,1092.95,,,,,,,1033.5735572836236,991.552647577546,0,0,1034.2949269784635,,,,,,4518,3593.45,57.80823111545367,59.381183081636756,8.163801258610036,28.112364485374815,39.76101072025407,72.91584066620426,76.71240026484078,50,70,30,,
1748023200,1092.8,1095.25,1091.35,1091.7,,,,,,,1035.8530256254423,992.5491386464262,0,0,1036.591129899325,,,,,,572,3451.6,56.204928284203106,56.99190814134658,7.19780583212885,13.127269789666691,25.862606171112493,71.81916543000283,76.13671090000484,50,70,30,,
1748210400,1092.05,1100.65,1091.1,1096.05,1100.65,,,,,,1038.2136912871897,993.5789979633771,0,0,1038.969484703352,,,,,,1971,3373.55,56.90815990118846,56.97377310028174,8.652449966738246,21.924193533814588,21.05460926961869,73.32285906071591,75.51915657150907,50,70,30,,
1748224800,1095.9,1096.15,1088.55,1092.15,,,,,,,1040.3288406484764,994.5598039537913,0,0,1041.0967053152178,,,,,,1285,3394.85,53.16271442707476,55.425267537488764,6.396136088011758,14.391829085046352,16.4810974695092,69.73043247402715,74.58392681221456,50,70,30,,
1748239200,1093.15,1095.75,1082.85,1087.9,,,,,,,1042.1943763093204,995.4885621234054,0,0,1042.968837102609,,,,,,3151,3445.05,45.32292523366466,51.79793318730929,3.6269501651131577,9.119879250477732,15.145300623112883,65.93902849528499,73.30924222539372,50,70,30,,
1748253600,1087.85,1091.9,1086.25,1087.15,,,,,,,1043.957341944249,996.4006162316302,0,0,1044.7360836185048,,,,,,2906,3495.2,37.675292371383726,45.38697734404104,2.0332062835947653,0.3229555063298288,7.94488794728463,65.26463613698748,72.3637602900978,50,70,30,,
1748268000,1087,1089,1082.75,1085.1,,,,,,,1045.570779515063,997.2831971646489,0,0,1046.3506402737646,,,,,,1548,3433.95,28.062044528299843,37.02008737778274,2.922678930023565,3.1826393372587822e-15,3.147611585602514,63.357228366079134,71.86672716634817,50,70,30,,
1748282400,1085,1087.9,1084.8,1087.9,,,,,,,1047.2307489458447,998.1848568943539,0,0,1048.012614662814,,,,,,80,3151.95,25.32778796889966,30.355041622861062,1.5303432957292102,3.320735022661004,1.2145635096636043,64.86752823975186,71.42594945674034,50,70,30,,
1748296800,1087.1,1087.9,1076.95,1082.05,,,,,,,1048.5962097714978,999.0193359302309,0,0,1049.3741100763016,,,,,,1704,2814.15,11.56793443447205,21.65258897722384,-0.6327648198699336,3.320735022661004,2.2138233484406626,59.362383770554324,70.31480123356008,50,70,30,,
1748311200,1081.95,1084.2,1075.45,1080.9,,,,,,,1049.8630250745764,999.8340689060495,0,0,1050.6351456732496,,,,,,1744,2833.85,-0.3272541487961913,12.189489418191826,-2.982307374841909,3.320735022661004,3.320735022660996,58.314662419253786,69.10824497214026,50,70,30,,
1748325600,1081.5,1084.25,1074.6,1081.4,,,,,,,1051.099769189299,1000.645670210467,0,0,1051.8657398463197,,,,,,4151,2966.3,-7.876017436595385,1.1215542830268124,-4.672129828304989,0.5647307332827316,2.4020669262015724,58.65632731778579,67.74316136718724,50,70,30,,
1748340000,1081.25,1085.5,1069.55,1083.5,,1069.55,,,,,1052.370366475993,1001.4700914024027,0,0,1053.131110252467,,,,,,5531,3163.05,-8.826614335428937,-5.676628640273517,-11.591371521219827,3.5708470680855897,2.4854376080097675,60.13424750135323,66.55259846171823,50,70,30,,
1748354400,1083.55,1087.25,1078.1,1082.65,,,,,,,1053.5578030847776,1002.2778516869558,0,0,1054.3118658423682,,,,,,3783,3014.3,-11.816797008233033,-9.506476260085797,-8.438616117939304,5.531019356988289,3.222199052785529,59.21160579958434,65.17594635010542,50,70,30,,
1748368800,1082.75,1084.8,1082.55,1083.5,,,,,,,1054.7320068853746,1003.0860322671851,0,0,1055.4793912086734,,,,,,513,2702.85,-11.348982600950155,-10.66413131487072,-8.791983755123667,8.394289011720417,5.832051812264758,59.87460830207521,64.48361099854715,50,70,30,,
1748383200,1083.3,1085.5,1079.2,1080,,,,,,,1055.7229085761442,1003.8513453789544,0,0,1056.4602155603266,,,,,,925,2553.35,-21.909131265992617,-15.024970291725282,-10.566578521769415,5.388172676917558,6.437827015208747,55.84903244033498,63.26455326812792,50,70,30,,
1748397600,1080.15,1083.25,1075.3,1079.9,,,,,,,1056.6710298084522,1004.6080484100096,0,0,1057.3978069379134,,,,,,1275,2592.6,-28.723415104175213,-20.66050965703934,-13.545911902133838,3.4280003880148584,5.736820692217603,55.73373488037847,62.11559394315475,50,70,30,,
1748412000,1080.5,1095.1,1076.3,1091.05,,,1095.1,,,,1058.0192247179248,1005.468167331303,0,0,1058.7438946603968,,,,,,4966,2773.65,-3.5686510189384926,-18.067065796368787,-11.755485194333474,20.763201907755512,9.859791657562644,64.527190892162,61.487331931115186,50,70,30,,
1748426400,1091,1093.8,1080.45,1082.65,,,,,,,1058.9851374740847,1006.2361457658174,0,0,1059.700138873981,,,,,,6891,3049.25,-7.160154326005555,-13.150740149706435,-20.68409273816232,20.763201907755512,14.984801401175295,55.57098779648401,60.475943025576385,50,70,30,,
1748440800,1082.45,1086.15,1076.4,1077.8,,,,,,,1059.722975220199,1006.9482239174013,0,0,1060.4241333190216,,,,,,5110,3139.4,-20.900062164601238,-10.542955836515095,-25.226918933417338,20.763201907755512,20.763201907755512,51.156043221970016,59.42001550605389,50,70,30,,
1748455200,1077.95,1083.7,1077.95,1080.55,,,,,,,1060.5397212899952,1007.6805798983227,0,0,1061.2291679862608,,,,,,603,2661.35,-23.380673349851435,-17.146963280152743,-23.199014382196054,5.439612993189201,15.655338936233408,53.41594750022509,58.573680603428,50,70,30,,
1748469600,1080.35,1082.35,1069.25,1076.95,,,,1069.25,,,1061.183261631564,1008.3698278595334,0,0,1061.8580012668103,,,,,,2706,2570.75,-33.08727214533827,-25.789335886596984,-23.87499539318877,5.439612993189203,10.547475964711307,50.14508655231654,57.62995618815925,50,70,30,,
1748484000,1077.05,1080.15,1073.65,1077.3,,,,,,,1061.8152905871889,1009.05570021914,0,0,1062.475681216138,,,,,,1331,2608.7,-37.85200398331905,-31.43998315950292,-25.199479880048358,6.174610214721945,5.684612067033451,50.46268170440053,56.6010385784913,50,70,30,,
1748498400,1077.35,1082.25,1071.2,1081.25,,,,,,,1062.577436054358,1009.7740514607406,0,0,1063.2266539674924,,,,,,2935,2656.9,-29.438830873710547,-33.45936900078929,-27.87993369427967,9.694200965170358,7.102808057693836,54.0224783549102,56.21961676308815,50,70,30,,
1748512800,1081.05,1092.65,1077.4,1083.85,,,,,,,1063.4116542483048,1010.511125575559,0,0,1064.0515878087926,,,,,,6320,2908.65,-14.911474516186308,-27.400769791071966,-29.920888589234224,23.789450473833927,13.219420551242075,56.25102396089265,56.07221401606235,50,70,30,,
1748527200,1083.8,1088,1076.6,1077.8,,,,,,,1063.9759031013125,1011.1806666146082,0,0,1064.6015242964409,,,,,,5037,3002.95,-23.000549441332012,-22.450284943742957,-34.71863654104834,23.054453252301187,18.846034897101827,50.15862542621934,55.46523530952188,50,70,30,,
1748541600,1077.9,1084.05,1077.8,1083.15,,,,,,,1064.7278284698884,1011.896779384612,0,0,1065.3434633245831,,,,,,1142,2914.75,-11.158144659423376,-16.3567228723139,-35.07495466664578,24.848606969402123,23.89750356517908,54.8187663316178,55.08555808311221,50,70,30,,
1748556000,1084.05,1084.5,1079.85,1080.5,,,,,,,1065.346345000481,1012.5793984952129,0,0,1065.9497247915997,,,,,,954,2885.05,-11.574332662828908,-15.244342254528101,-34.711892729531954,15.46832474357223,21.123794988425182,52.214548322109174,54.58576826329256,50,70,30,,
1748570400,1080.65,1082.5,1072.2,1075.55,,,,,,,1065.7464883337955,1013.2059716445143,0,0,1066.3337357999358,,,,,,1180,2940.05,-26.911708209432014,-16.548061843894768,-31.214875173376285,15.46832474357223,18.59508548551553,47.6599922228995,53.71329568620858,50,70,30,,
1748584800,1075.45,1078.6,1068.4,1073.1,,,,,,,1066.0348613403132,1013.8019321256634,0,0,1066.6043863679383,,,,,,2987,3004.2,-40.38570868931626,-26.290583187192397,-28.68833573227849,4.7149672828336735,11.88387225665938,45.54252263341815,52.977116414285945,50,70,30,,
1748599200,1073,1077.3,1058.9,1058.95,,,,,,,1065.7570236406932,1014.2511666318757,0,0,1066.2982109132208,,,,,,6540,3244,-62.57167230895436,-43.28969640256755,-37.770369103159545,-2.3684757858670005e-15,6.727764008801969,35.6822222138525,51.54486550953409,50,70,30,,
1748613600,1059.05,1063.3,1052.3,1055.35,,,,,,,1065.3489050665485,1014.6601102474789,0,0,1065.860282476692,,,,,,4061,3239.5,-73.72328181244049,-58.89355427023704,-40.76304612650264,-1.924386576016938e-15,1.571655760944558,33.684070863592936,49.34178550749344,50,70,30,,
1748628000,1055.45,1059.85,1055.4,1055.5,,,,,,,1064.9626734953113,1015.066477309693,0,0,1065.4458711776242,,,,,,586,2992.25,-77.06528417065512,-71.12007943068333,-42.688925607616135,0.24785723612152008,0.08261907870717193,33.8502887981718,47.79030700761399,50,70,30,,
1748815200,1055.75,1061.9,1048.15,1050.05,,,,,,,1064.3778627700049,1015.4145720628304,0,0,1064.8300363305193,,,,,,1712,2888.7,-80.22994057548676,-77.0061688528608,-42.8460411713518,0.24785723612152008,0.16523815741434608,30.82699000389003,46.33823177775115,50,70,30,,
1748829600,1050.2,1054.2,1047.45,1053.5,,,,,,,1063.9512799162792,1015.7935315447924,0,0,1064.3768348772985,,,,,,1335,2929.8,-77.18071905918546,-78.15864793510912,-47.72946539975338,5.5038410651674186,1.9998518458034864,34.79701677338652,45.00830815440553,50,70,30,,
1748844000,1053.7,1060.1,1043.6,1043.95,,,,,,,1063.1669159979938,1016.0736954100183,0,0,1063.5597614822066,,,,,,3459,3056.5,-79.53452883182806,-78.98172948883342,-43.99169320359092,5.2559838290458964,3.6692273767782786,29.713347358919222,43.548898212020006,50,70,30,,
1748858400,1044.05,1064.8,1040.75,1062,,,,1040.75,,,1063.1211545863077,1016.5306735651425,0,0,1063.4973710229183,,,,,,4950,3240.25,-64.00382869562245,-73.57302552887866,-43.51538858179792,25.541352146483717,12.100392346899012,45.823645705797,43.21753849783404,50,70,30,,
1748872800,1062.3,1069.85,1055.85,1063.55,,,,,,,1063.1379720535112,1016.9985275595192,0,0,1063.4994761820014,,,,,,4727,3228.3,-49.53713323385749,-64.358496920436,-38.143160615953434,41.96921545166681,24.255517142398812,46.948173612260966,42.71223101621624,50,70,30,,
1748887200,1063.7,1067.25,1062.3,1065.3,,,,,,,1063.2227574631775,1017.4791392255936,0,0,1063.5714971347213,,,,,,512,2909.35,-35.82713102965733,-49.78936431971243,-40.01539268254457,66.61469666539479,44.708421421181775,48.254125641154,42.141023993377765,50,70,30,,
1748901600,1062.75,1068.4,1058.95,1061.65,,,,,,,1063.1610806999156,1017.9186502780752,0,0,1063.4946372493325,,,,,,1590,2733.35,-29.499448371113157,-38.28790421154266,-40.19939072877719,67.63864110923036,58.74085107543065,45.72582930871496,41.82439569927032,50,70,30,,
1748916000,1061.75,1067.4,1060.45,1066.25,,,,,,,1063.282214790115,1018.3995592305322,0,0,1063.6048517593592,,,,,,1536,2780,-17.326374582805236,-27.550984661191904,-36.22682680228417,74.97713834055672,69.74349203839397,49.32913798330528,41.432279388676555,50,70,30,,
1748930400,1066.45,1068,1053.25,1054.8,,,,,,,1062.9495789159928,1018.7617526710244,0,0,1063.2526576889848,,,,,,2227,2756.05,-25.633449785323503,-24.153090913080632,-35.76612527714131,71.05321712757802,71.2229988591217,41.876486009286594,40.69384636633209,50,70,30,,
1748944800,1054.65,1061.4,1052.1,1054.8,,,,,,,1062.6299875859538,1019.1203421966859,0,0,1062.9145513814253,,,,,,3715,2875.25,-30.7285313794685,-24.562785249199077,-37.120603457638204,70.46546436705393,72.16527327839623,41.87648600928659,40.28073877964545,50,70,30,,
1748959200,1054.85,1077.1,1054.85,1077.05,,,,,,,1063.1954782688576,1019.6967567021915,0,0,1063.4799693261682,,,,,,3271,2892.05,-5.769035801656198,-20.710338988816066,-33.218612703850525,74.7764533348319,72.09837827648795,56.64001885605351,41.073417081262264,50,70,30,,
1748973600,1077.25,1078.75,1075.35,1076.35,,,,,,,1063.7113418661572,1020.2604705658513,0,0,1063.9947705531215,,,,,,501,2601.1,9.099443604905986,-9.13270785873957,-31.48942894519874,86.79892767417454,77.34694845868678,56.15674525876409,42.53588301304166,50,70,30,,
1748988000,1076.55,1083.25,1071.8,1082.35,,,,,,,1064.4422696361119,1020.8782768288777,0,0,1064.7289797309966,,,,,,1173,2407.9,23.025651026925388,8.785352943391727,-28.87973201805238,99.41070100675859,86.99536067192167,59.357743160640425,44.36971674854505,50,70,30,,
1749002400,1082.45,1084,1078.65,1079.8,,,,,,,1065.0445335719505,1021.4645626315754,0,0,1065.3318205417568,,,,,,1268,2414.2,29.463398609879572,20.529497747236984,-24.33566522857501,97.28820260568159,94.49927709553823,57.43837468156523,46.0545800259303,50,70,30,,
1749016800,1079.7,1093.4,1078,1085.2,,,,,,,1065.8349440201093,1022.0987460879776,0,0,1066.1265477200866,,,,,,2660,2499.5,37.2622889964499,29.91711287775162,-16.669878804066087,97.877501598923,98.1921350704544,60.36143115887954,48.16418296557241,50,70,30,,
1749031200,1084.9,1089.45,1075.85,1081.1,,,,,,,1066.4335736663795,1022.685823241331,0,0,1066.725485811283,,,,,,4251,2653.05,38.31660528786556,35.01409763139835,-24.646996352777222,94.44379564826045,96.53649995095502,57.15201993546115,49.76096890572059,50,70,30,,
1749045600,1081,1094.25,1081,1091.55,,,,,,,1067.4185315618156,1023.371038930472,0,0,1067.7184663788319,,,,,,3568,2682.1,46.41935963654955,40.66608464028834,-21.06231668924336,96.56629404933744,96.29586376550697,62.608974439634906,52.110656554343144,50,70,30,,
1749060000,1091.85,1094.9,1088.65,1088.65,,,,,,,1068.2511381672346,1024.0205808316614,0,0,1068.5557277236785,,,,,,540,2382.1,48.235721665662176,44.323895530025766,-19.7114312484905,92.9227263098936,94.64427200249715,60.313355183021024,53.145635802716285,50,70,30,,
1749074400,1084.8,1092.6,1084.75,1091.3,,,,,,,1069.1550151018528,1024.6900277885602,0,0,1069.4654986147314,,,,,,894,2223.75,50.487787619610906,48.38095630727421,-19.374198117018565,94.91233682191603,94.80045239371567,61.695475662944446,54.19901452062225,50,70,30,,
1749088800,1091.15,1094.95,1088.15,1089.05,,,,,,,1069.9352105880546,1025.3304255220073,0,0,1070.2488786701422,,,,,,1241,2256.5,48.972948058872916,49.23215244804866,-23.64639048039922,90.44205665495122,92.75903992892029,59.791496170196034,55.02311241555382,50,70,30,,
1749103200,1090.55,1128.4,1087.2,1119.15,,,,,,,1071.8652023296995,1026.263953626266,0,0,1072.2049235233364,,,,,,7058,2523.8,65.04106089506337,54.83393219118239,-9.232224984692763,94.0856243943951,93.14667262375411,72.16650176824179,56.91173187694859,50,70,30,,
1749117600,1118.75,1144.3,1117.05,1137.55,,,,,,,1074.4410767481427,1027.3712774707806,0,0,1074.818726582403,,,,,,8611,2887.6,77.20647440441783,63.740161119451365,4.587033996895073,95.5297198330352,93.35246696079383,76.8557804382422,58.8779206237298,50,70,30,,
1749132000,1137.4,1142,1128.9,1137.8,,,,,,,1076.9257404050782,1028.4700707297777,0,0,1077.337977519107,,,,,,6239,3026.6,80.8803214952028,74.37595226489466,9.375598742961046,100,96.5384480758101,76.91269434137385,61.380506933164604,50,70,30,,
1749146400,1137.95,1141.25,1135.4,1136.6,,,,,,,1079.2659074480164,1029.5459904240088,0,0,1079.7084584183426,,,,,,887,2823.45,79.99996409887007,79.36225333283024,12.912238643511529,98.49201199530508,98.00724394278008,75.9472794975187,63.8141350394669,50,70,30,,
1749160800,1132.9,1150.25,1130.7,1147.4,,,,,,,1081.9378326461333,1030.7186671362076,0,0,1082.4161200816088,,,,,,2150,2694.6,80.45455852521727,80.44494803976337,13.582135775145048,98.49201199530508,98.99467466353671,78.55611453396978,65.37957044503234,50,70,30,,
1749175200,1147.6,1156.2,1143.9,1151.6,,,,,,,1084.6696823462848,1031.9214664681856,0,0,1085.1834752783445,,,,,,2473,2792.65,79.52862962334756,79.99438408247829,13.365813516735585,98.49201199530508,98.49201199530508,79.48787296147691,67.0460795666547,50,70,30,,
1749189600,1151.55,1171.6,1151.55,1166.35,,,,,,,1087.8728320581952,1033.2590638167608,0,0,1088.4301362672109,,,,,,5460,2986.15,80.73118746970837,80.23812520609107,13.06012544679362,100.00000000000001,98.99467466353673,82.38295186602741,68.6907373313252,50,70,30,,
1749204000,1166.5,1172.8,1154.8,1169.2,,,,,,,1091.0621327617953,1034.6117099479372,0,0,1091.6609308165225,,,,,,7330,3275.85,79.70105878786165,79.98695862697252,24.08479297997644,100.00000000000004,99.49733733176838,82.88558294792114,70.50839506463633,50,70,30,,
1749218400,1168.45,1172.1,1157.9,1162.9,,,,,,,1093.8793040260387,1035.8882103464653,0,0,1094.5104935838617,,,,,,6175,3473.25,74.9513168808351,78.4611877128017,15.840519555790848,93.39793216685507,97.79931072228504,77.61405007012235,71.74072498686796,50,70,30,,
1749232800,1162.75,1168.05,1159.15,1162.65,,,,,,,1096.5761940642333,1037.1495216863013,0,0,1097.2360738405073,,,,,,846,3329.8,69.88897844884472,74.84711803918049,15.85423861992966,85.73716796970069,93.04503337885194,77.40367047200174,73.18727145376371,50,70,30,,
1749420000,1164.2,1171,1159.3,1164.05,,,,,,,1099.2222256695575,1038.4122130128058,0,0,1099.908630886887,,,,,,2473,3289.9,65.40351979472791,70.0812717081359,18.7634086567289,78.5942795884497,85.90979324166848,77.76710978967216,74.2699954073378,50,70,30,,
1749434400,1163.9,1193.4,1161.45,1193.2,,,,,,,1102.9076285844767,1039.952389997753,0,0,1103.6402856514117,,,,,,2550,3392.35,70.53204008985725,68.60817944447662,23.623445943349537,85.19634742159467,83.17593165991502,83.66012882464345,75.93762209602512,50,70,30,,
1749448800,1193.3,1218.4,1191.3,1200.8,,,,,,,1106.7465451105757,1041.5528637291186,0,0,1107.5266742253552,,,,,,6958,3681.6,73.386185187649,69.77391502407805,35.04794687908074,92.85711161874904,85.54924620959781,84.79194358154919,77.58736980449689,50,70,30,,
1749463200,1200.7,1208.6,1185.25,1205.5,,,,,,,1110.6192296160432,1043.1841785178835,0,0,1111.445607256341,,,,,,5825,3909.45,74.11328614014168,72.67717047254929,32.13622510219085,100.00000000000004,92.68448634678127,85.46257391392997,79.4210182147636,50,70,30,,
1749477600,1205.6,1218.7,1204.05,1213.2,,,,,,,1114.6420049252179,1044.8758782341235,0,0,1115.5157829660873,,,,,,3986,3975.75,74.39886777148325,73.9661130330913,34.80873467150323,100.00000000000004,97.61903720624973,86.5119612819596,80.44569389431487,50,70,30,,
1749492000,1213.3,1221.05,1212.85,1216,,,,,,,1118.6168282614838,1046.5786058138835,0,0,1119.5351516474439,,,,,,792,3802.8,73.18509035213366,73.89908142125286,37.07782862179272,100.00000000000004,100.00000000000004,86.88276377194359,81.16190698957925,50,70,30,,
1749506400,1211.65,1220.2,1200.85,1203.9,,,,,,,1121.9612663688765,1048.1439928207105,0,0,1122.909745581546,,,,,,2694,3759.1,66.89072557624823,71.49156123328838,35.081149670393756,71.14571309686966,90.38190436562326,77.02783375335494,81.17013123329218,50,70,30,,
1749520800,1203.8,1224.85,1201.7,1214.75,,,,,,,1125.6000402367638,1049.8017640364249,0,0,1126.5833557582841,,,,,,3552,3909.7,64.79825045580338,68.29135546139509,40.5448677837764,45.561705158002134,72.23580608495729,79.29566273885885,81.40930146481648,50,70,30,,
1749535200,1214.8,1217,1201.15,1210.4,,,,,,,1128.92552885493,1051.3997564340723,0,0,1129.9360215279528,,,,,,4570,4093.5,60.34474456734006,64.01124019979721,32.718477832915966,12.228371824668804,42.978596693180215,76.05395142772139,81.23057552865588,50,70,30,,
1749549600,1210.3,1223.1,1201.35,1218.35,,,,,,,1132.4323708606191,1053.0609528874645,0,0,1133.4725806668346,,,,,,4813,4272.1,59.16865435730706,61.43721646015016,33.06799380525416,13.28698584161996,23.692354274763648,77.83720076229365,81.11267037157135,50,70,30,,
1749564000,1218.25,1220.5,1208.95,1214.75,,,,,,,1135.6605131798106,1054.6697991273902,0,0,1136.7236774401613,,,,,,4343,4136.35,55.55468519192034,58.35602803885581,34.87798270804265,5.537660447154142,10.351006037814317,75.10952174032377,80.5931396483068,50,70,30,,
1749578400,1214.85,1221,1211.75,1216.95,,,,,,,1138.848336192367,1056.2845274942817,0,0,1139.9327303425548,,,,,,933,3752.45,53.03233174927344,55.918557099500276,36.985100043483754,7.138133729530637,8.654260006101595,75.67062383648995,80.07778542606172,50,70,30,,
1749592800,1215.2,1221.7,1214.1,1219.1,,,,,,,1141.9954602632545,1057.904581947075,0,0,1143.0994211288526,,,,,,1311,3506.05,51.3911087713362,53.326041904176655,36.96876501555212,4.80952643152688,5.828440202737234,76.23446490990716,79.9792436289035,50,70,30,,
1749607200,1219,1242.95,1217.35,1242.5,,,,,,,1145.9368147627347,1059.7413522759598,0,0,1147.0754442836985,,,,,,2611,3592.25,59.666861937443855,54.69676748601782,40.5073678295125,22.52855955452579,11.492073238527782,81.31105964330885,80.25834285542544,50,70,30,,
1749621600,1242.4,1272.8,1241.5,1261.1,,,,,,,1150.4530181053726,1061.7449209100298,0,0,1151.6364265123507,,,,,,7107,3840.1,68.52650265119465,59.86149111999157,47.33141457605791,46.932000609326415,24.756695531793042,84.20014160466661,80.71784512792503,50,70,30,,
1749636000,1260.7,1280.2,1246.65,1277.2,,,,,,,1155.4234879835933,1063.8887525427658,0,0,1156.6589694518566,,,,,,8738,4153.35,75.32789318698866,67.84041925854238,49.34903973126106,75.45116659938772,48.303908921079994,86.19017744509549,80.89856288652875,50,70,30,,
1749650400,1277.05,1284.4,1254.9,1256.7,,,,,,,1159.3951159058054,1065.8072724179622,0,0,1160.6606106737822,,,,,,6361,4198.4,71.20638770199048,71.6869278467246,41.49196532908189,57.73213347638881,60.038433561701,73.49651068370936,80.09174625096877,50,70,30,,
1749664800,1256.9,1261.1,1249.25,1259.4,,,,,,,1163.316876066362,1067.7335682147984,0,0,1164.6101862468308,,,,,,2079,3935.85,67.67332195386054,71.40253428094655,38.79233993732714,33.093992613079216,55.4257642296186,74.03882155055035,79.2757639392988,50,70,30,,
1749679200,1259.7,1270.9,1258.25,1263.3,,,,,,,1167.237782887289,1069.6795028594272,0,0,1168.5577787969576,,,,,,2846,3769.4,65.12769188473479,68.00246718019527,39.45876506034469,4.747280491535764,31.857802193667947,74.83966423175002,78.44202843571239,50,70,30,,
1749693600,1263.2,1276.8,1262.4,1272.1,,,,,,,1171.3500266956307,1071.6936371593333,0,0,1172.6994676450793,,,,,,2349,3844.55,65.04705161790295,65.94935515216609,39.489532772599745,12.88887084409649,16.910047982903823,76.59415046901323,77.70712748550308,50,70,30,,
1749708000,1273,1275.2,1241.6,1261.6,,,,,,,1174.8892413350177,1073.5832527099867,0,0,1176.2554889392761,,,,,,7340,4087.9,59.23838123563573,63.13770824609116,35.50719243649556,11.523097370228967,9.719749568620406,70.29543532112686,77.22624188320108,50,70,30,,
1749722400,1261.8,1269.7,1254.65,1265.05,,,,,,,1178.4249573610955,1075.4883944740664,0,0,1179.807269381705,,,,,,6542,4287.5,55.67358744885548,59.98634010079805,36.85289995018786,9.901710201561029,11.437892805295496,71.13535369948805,76.64336266610316,50,70,30,,
1749736800,1264.6,1293.85,1264.35,1290.95,,,,,,,1182.8377041312485,1077.6322910464637,0,0,1184.252978606437,,,,,,5504,4214.8,62.73858272730991,59.21685047060037,38.70010511108629,14.751122468070383,12.058643346620125,76.50609720524645,76.67565879306925,50,70,30,,
1749751200,1290.85,1297.55,1287.6,1294.8,,,,,,,1187.2283824006113,1079.7931637723696,0,0,1188.6748594621795,,,,,,1671,4007.1,66.30977744098877,61.57398253905138,40.04812079753788,29.160568914486714,17.937800528039375,77.18564805142779,76.62911931372169,50,70,30,,
1749765600,1292.5,1305.1,1270.8,1293.85,1305.1,,,,,,1191.4096223064696,1081.9230825408038,0,0,1192.8818650836922,,,,,,4357,4025.65,66.30189350524141,65.11675122451335,35.3246216217002,40.578686830894064,28.163459404483717,76.59690530068683,76.73536099660477,50,70,30,,
1749780000,1293.8,1296.1,1278.35,1283.55,,,,,,,1195.022970451314,1083.9293205254723,0,0,1196.5085904803445,,,,,,3360,4154.05,60.4542355518604,64.35530216603019,29.753928707444885,27.587684211823944,32.44231331906824,70.33298305377393,76.35410094069648,50,70,30,,
1749794400,1284.55,1289.95,1267.1,1276.2,,,,,,,1198.2063833747918,1085.842461614771,0,0,1199.6962468611307,,,,,,6127,4325.7,51.0680042846946,59.274711113932135,20.781626059621388,13.178237765407621,27.114869602708538,66.17426877424265,75.63551550243471,50,70,30,,
1749808800,1276.3,1279.7,1222.35,1224.05,,,,,,,1199.2198585365647,1087.2176610016888,0,0,1200.6703969866855,,,,,,9404,4618.3,20.935257310039578,44.15249904886486,10.296690714100919,0,13.588640659077187,45.5806647560519,73.08334443905923,50,70,30,,
1749823200,1222.7,1229.3,1210.85,1228.1,,1210.85,,,,,1200.3524131037582,1088.61947532008,0,0,1201.7675811072181,,,,,,6833,4731.45,3.264802129870784,25.089354574868324,5.025302496538373,1.1615710439040923,4.779936269770573,46.96112190313901,70.42341446037868,50,70,30,,
1749837600,1228.2,1230.3,1224.15,1224.6,,,,,,,1201.3032988643952,1089.9725153666463,0,0,1202.6808778629295,,,,,,1605,4571.05,-9.50438143117724,4.898559336244374,4.791979167394402,1.4627794535450533,0.8747834991497166,45.878013301914486,67.54397416443719,50,70,30,,
1750024800,1221.1,1244.45,1220.45,1229.7,,,,,,,1202.4168949873601,1091.362838596829,0,0,1203.7616427484122,,,,,,3226,4515.2,-16.373212137836994,-7.53759714638115,5.3049077074723385,3.7910698517657657,2.138473449738305,47.76841274151256,65.70625288285171,50,70,30,,
1750039200,1229.8,1238.35,1228.9,1233.85,,,,,,,1203.6495657721696,1092.780621297358,0,0,1204.9651770384758,,,,,,2761,4606.6,-19.508298201300963,-15.128630590105066,4.042818662239682,6.613856709541257,3.9559020049506937,49.31966328023481,63.9405987206863,50,70,30,,
1750053600,1233.8,1252.15,1229.95,1246.7,,,,,,,1205.3378180948296,1094.312157403852,0,0,1206.6345699569367,,,,,,5725,4827.3,-15.380242616888488,-17.08725098534215,3.4593178516810212,15.137550698787129,8.514159086698053,53.886509929985195,62.44394484198882,50,70,30,,
1750068000,1246.75,1272.5,1241.9,1263.5,,,,,,,1207.6186879734637,1095.9956185242117,0,0,1208.9091871586593,,,,,,7655,5079.5,-3.286129925437427,-12.724890247875626,11.809501876485328,27.078558912417474,16.27665544024862,59.07834581001945,61.19281593777498,50,70,30,,
1750082400,1263.4,1273.6,1246.25,1247.3,,,,,,,1209.1748178568573,1097.5011347578018,0,0,1210.4448196723129,,,,,,6065,5027.4,-3.6623103714351637,-7.4428943045870275,7.897445103767154,30.792285990577994,24.33613186726087,52.89405069451097,59.9498598930167,50,70,30,,
1750096800,1247.2,1248.75,1241.8,1244.15,,,,,,,1210.5463936271767,1098.9603274467788,0,0,1211.7930268854204,,,,,,1406,4660.8,-6.304901510887946,-4.417780602586848,5.716222096386687,28.44924949152593,28.7733647981738,51.75947886275746,58.565868833250235,50,70,30,,
1750111200,1242.95,1251.85,1233.95,1251.65,,,,,,,1212.1582997594444,1100.479627671189,0,0,1213.3873058100037,,,,,,3297,4507.6,-1.7316752753617939,-3.8996290525616373,6.2128084842647695,23.322231754188312,27.52125574543075,54.27437587496938,56.97788873823043,50,70,30,,
1750125600,1251.75,1256.8,1240.05,1247.8,,,,,,,1213.5560134943682,1101.9455020227194,0,0,1214.7638135776035,,,,,,4044,4605.85,-2.07931353188823,-3.3719634393793263,4.745411955906718,23.279984047502143,25.017155097738797,52.754010926345416,55.23277180072455,50,70,30,,
1750140000,1247.95,1263.9,1242.25,1261.6,,,,,,,1215.4400913965499,1103.5341039926427,0,0,1216.6372610344993,,,,,,7204,4823.75,11.612357864157197,2.600456352302388,12.507004859835035,32.476410978824084,26.359542260171512,57.36431236941433,53.859015162776515,50,70,30,,
1750154400,1261.7,1274.1,1250.3,1253.7,,,,,,,1216.9404799692343,1105.0282920126165,0,0,1218.1197705931193,,,,,,10151,5213.85,13.083272020659514,7.538772117642824,15.28811771513827,36.853863710635665,30.870086245653965,54.109184494527526,52.70017240854463,50,70,30,,
1750168800,1253.8,1269.65,1250.55,1265.15,,,,,,,1218.8310493822055,1106.6215428383616,0,0,1220.0009797693945,,,,,,5033,5098.5,25.481121590906646,16.725583825241117,17.22003428876384,59.209848408219365,42.846707699226364,57.84304883921869,52.10508527032863,50,70,30,,
1750183200,1265.05,1266.7,1260.75,1261.3,,,,,,,1220.4964984260405,1108.160631964348,0,0,1221.6529405786187,,,,,,1031,4822.95,29.460626177478808,22.67500659634832,19.519301357077865,69.29465354418406,55.11945522101303,56.18760960978125,52.862724188452155,50,70,30,,
1750197600,1259.15,1267.15,1247,1265,,,,,,,1222.241733781882,1109.721222691071,0,0,1223.386822955474,,,,,,2392,4667.35,35.33389316968731,30.09188031269092,16.340510324150372,84.69663906827294,71.06704700689212,57.44800743716515,53.611787440882594,50,70,30,,
1750212000,1264.9,1275,1261.4,1273.2,,,,,,,1224.2400971629847,1111.3478771916573,0,0,1225.3793500372549,,,,,,3346,4751.1,45.189416114341014,36.66131182050237,21.077178597628787,88.01815043086866,80.66981434777522,60.18193886733555,54.63349640984124,50,70,30,,
1750226400,1274.2,1281.65,1262.95,1277.5,,,,,,,1226.328720803652,1113.0011321449742,0,0,1227.4641760357647,,,,,,5271,4796.8,52.8969381753019,44.47341581977673,21.431685148034646,95.58838579708059,89.4343917654074,61.57608598359304,55.61975878427556,50,70,30,,
1750240800,1277.7,1310.95,1277.45,1307.55,,,,,,,1229.5138690074305,1114.9369417753726,0,0,1230.6676089943342,,,,,,6395,4948.55,69.37137726700733,55.819243852216744,22.476160808609833,100,94.53551207598308,69.58942960088572,57.06759923575062,50,70,30,,
1750255200,1307.75,1323.25,1302.05,1318.1,,,,,,,1232.9878349287078,1116.9584647427819,0,0,1234.1649046345608,,,,,,6313,4957.85,78.42900570278175,66.89910704836366,24.700047138530266,100,98.5294619323602,71.8120643609832,58.347995980821906,50,70,30,,
1750269600,1318.65,1326,1311.95,1316,,,,,,,1236.2432139511113,1118.938977531411,0,0,1237.4383084491783,,,,,,3782,4676.75,80.00635568609134,75.93557955196013,25.592227445357437,98.19298960625746,99.39766320208582,70.70431634276069,59.17842244744628,50,70,30,,
1750284000,1314.5,1348.6,1313.65,1341,1348.6,,,,,,1240.3513232079306,1121.1485399440337,0,0,1241.5807761112112,,,,,,3300,4500.1,84.99837845151214,81.14457994679508,25.94427891676486,98.19298960625746,98.79532640417163,75.54137176535818,60.79608823822108,50,70,30,,
1750298400,1340.9,1345.25,1330.95,1336.7,,,,,,,1244.1297026899724,1123.2933305913568,0,0,1245.3855450667627,,,,,,2822,4560.95,83.83878155701173,82.94783856487173,24.398024237983364,94.99727500093464,97.12775140448319,73.29959616275596,62.334668045363834,50,70,30,,
1750312800,1336.65,1337.55,1275.1,1291.65,,,,,,,1245.9932437609539,1124.9685213317414,0,0,1247.2361232640922,,,,,,8211,4810.2,65.62058639681932,78.1525821351144,14.707160367476575,66.66727072847355,86.61917844522189,54.913249682555744,62.38030188876286,50,70,30,,
1750327200,1291.75,1299.7,1269.15,1271.4,,,,,,,1246.9895871428773,1126.4255509702316,0,0,1248.2026783335284,,,,,,5584,4951.35,44.336864532883425,64.59874416223816,15.116516439774301,33.333937395140204,64.99949437484946,48.967376888604676,62.109828028924234,50,70,30,,
1750341600,1271.2,1296.3,1262.05,1291.2,,,,,,,1248.7233288235489,1128.0650977267467,0,0,1249.9225712001873,,,,,,4802,4905.2,35.043736564767805,48.33372916482352,18.641600207659295,9.873026164725706,36.62474476277982,54.19037696726058,61.88311835734182,50,70,30,,
1750356000,1289.95,1305.1,1287.45,1304.9,,,,,,,1250.926335536351,1129.824648993147,0,0,1252.1216683521798,,,,,,359,4540.4,33.87379659377716,37.7514658971428,17.6330327738512,17.451270648555578,20.219411402807165,57.436392755097046,62.120776090239644,50,70,30,,
1750370400,1300.6,1320.85,1290.3,1290.4,,,,,,,1252.4743223780627,1131.4224136797825,0,0,1253.6528016180926,,,,,,3806,4427.45,24.640012321300812,31.185848493281934,18.21146608363057,22.765844360745678,16.696713724675657,53.144175447272566,61.78514227652921,50,70,30,,
1750384800,1290.5,1300.05,1278.25,1279.65,,,,,,,1253.5400352259817,1132.8973150362026,0,0,1254.6926895533688,,,,,,4701,4592.2,11.552476709753035,23.35542854161034,19.952513446312636,17.557364695698457,19.25815990166657,50.15186416004956,61.35401760154837,50,70,30,,
1750399200,1280.75,1295.8,1271.15,1293.3,,,,,,,1255.099249530845,1134.4933616527578,0,0,1256.2369819712342,,,,,,5828,4718.75,10.006248777817863,15.399579269623908,19.789130525823126,12.79770176499197,17.706970273812036,53.71551696404416,61.087411139182585,50,70,30,,
1750413600,1293.4,1294.45,1259.65,1269.45,,,,,,,1255.6620240590473,1135.836213775616,0,0,1256.7655026923849,,,,,,7169,4875,-6.1719404186101166,5.128928356320267,12.246120190294405,7.483128052801871,12.612731504497432,47.34646957718302,60.170591904171694,50,70,30,,
1750428000,1269.55,1277.45,1262.05,1264.4,,,,,,,1256.004689782222,1137.11545542959,0,0,1257.0708825846896,,,,,,4718,4750.7,-18.84860464518848,-5.004765428660238,8.29449382826337,6.0149002202530575,8.765243346015634,46.10005130458281,59.06516085567096,50,70,30,,
1750442400,1264.5,1268.05,1259.55,1264,,,,,,,1256.3182313593898,1138.377988211385,0,0,1257.348047281302,,,,,,1233,4304.8,-26.891501653475515,-17.3040155724247,10.379761279462343,4.736951571734001e-15,4.499342757684979,45.99676166557937,57.37997028886336,50,70,30,,
1750629600,1262.5,1270,1242.55,1259.4,,1242.55,,,,,1256.4390850315706,1139.5821873336597,0,0,1257.4301253900499,,,,,,5693,4337.8,-33.85281300533244,-26.53097310133214,8.831197474699039,4.736951571734001e-15,2.0049667400843565,44.75488540849055,55.44731464939961,50,70,30,,
1750644000,1259.25,1275.95,1257.75,1263.95,,,,,,,1256.733630716607,1140.8196780069566,0,0,1257.6909203744478,,,,,,3320,4452.25,-35.548454269121116,-32.09758964264302,14.510622340748967,1.7220415867235224,0.5740138622411772,46.299318549716176,53.704100521325,50,70,30,,
1750658400,1264.5,1301,1263.65,1287.35,,,,,,,1257.9342726492891,1142.2776911611163,0,0,1258.87728355947,,,,,,6667,4666,-21.393510129251567,-30.264925801235037,24.069362940165846,12.099617819392831,4.607219802038786,53.499192200506165,52.129659123835566,50,70,30,,
1750672800,1287.75,1296.55,1281.25,1291.8,,,,,,,1259.2623403885327,1143.7654753286674,0,0,1260.1941922170913,,,,,,7484,4872.9,-8.303080524421496,-21.748348307598054,32.067803707218815,38.29537482231398,17.37234474281011,54.74190336669282,50.804109638402494,50,70,30,,
1750687200,1292.9,1302.45,1284.9,1293.6,,,,,,,1260.608915275257,1145.256366121417,0,0,1261.5304245284076,,,,,,7148,4966.75,2.1674754017994555,-9.176371750624527,34.00436590708867,64.11580146755422,38.170264703087014,55.262710055112436,50.829071093585114,50,70,30,,
1750701600,1293.7,1297.65,1286.35,1292.6,,,,,,,1261.8634676174038,1146.7224719311541,0,0,1262.7732075472713,,,,,,1830,4738.5,9.047371174560059,0.9705886839793472,31.506798218941327,80.29983522584787,60.903670505238686,54.88483795079477,51.251746883741546,50,70,30,,
1750716000,1291.7,1299.05,1282.75,1294.5,,,,,,,1263.1433316324076,1148.1928950960182,0,0,1264.0422792453805,,,,,,4751,4660.4,15.198775033002972,8.80454053645417,26.96768553374453,82.27465922194011,75.56343197178073,55.507337912489774,51.34581552268649,50,70,30,,
1750730400,1294.9,1297.3,1280.05,1286.9,,,,,,,1264.0749656860387,1149.5730652940679,0,0,1264.9565880755654,,,,,,3065,4624.55,13.442145658972041,12.562763955511699,22.567084829526607,78.47936447928146,80.35128630902314,52.393209713801944,50.98558816259399,50,70,30,,
1750744800,1286.85,1321.8,1278.1,1308.7,,,,,,,1265.8249670316843,1151.1564178782064,0,0,1266.7063245525428,,,,,,7462,4832.65,28.287223576665607,18.976048089546882,22.697430453823415,85.25108782165182,82.0017038409578,59.425086813133504,51.43422468872691,50,70,30,,
1750759200,1309,1312.5,1276.3,1278.45,,,,,,,1266.3200663637751,1152.4230206853883,0,0,1267.176071570441,,,,,,8894,5136.25,14.377787247770545,18.702385494469407,20.371543828664116,66.053078837972,76.5945103796351,48.680069323678374,51.32909648612896,50,70,30,,
1750773600,1278.4,1316.6,1273.35,1315.4,,1273.35,,,,,1268.244769643627,1154.044682171106,0,0,1269.1050287076234,,,,,,6328,5042.1,29.439125498721854,24.034712107719344,23.836654602551278,73.56856903012091,74.95757856324825,58.54121949079604,51.6737895237541,50,70,30,,
1750788000,1315.5,1323.7,1307.95,1316,,,,,,,1270.1175237752495,1155.6561778708958,0,0,1270.9808275593184,,,,,,2276,4876.7,38.09744245291426,27.304785066468895,23.54582680650411,71.80770867811411,70.476452182069,58.68006206683189,52.483331844443306,50,70,30,,
1750802400,1314.65,1320.65,1309.05,1317.55,,,,,,,1271.9776208821024,1157.2670616731755,0,0,1272.8435944569458,,,,,,2702,4771.7,43.44086079799875,36.9924762498783,20.14199643016312,95.25822775031232,80.21150181951577,59.06148200153485,53.40914832279702,50,70,30,,
1750816800,1317.65,1325.9,1312.6,1320.9,,,,,,,1273.8961455533924,1158.8952501142385,0,0,1274.765850678668,,,,,,3003,4903.9,47.526821301588654,43.02170818416723,18.603519978617143,97.32889740219163,88.13161127687268,59.922558057383355,54.403848065068736,50,70,30,,
1750831200,1321.75,1326.8,1300.45,1302.75,,,,,,,1275.027669257181,1160.3266406603655,0,0,1275.8852166515212,,,,,,6909,5059.05,38.08966090772898,43.01911433577214,9.33474562791396,83.17562111429326,91.92091542226574,53.37252286150495,55.019393597426905,50,70,30,,
1750845600,1302.85,1315.05,1294.05,1308.7,,,,,,,1276.3481528157229,1161.8029924945906,0,0,1277.1978079854603,,,,,,7466,5197.3,35.04219097998394,40.219557729767196,2.194815225119399,69.911214414814,83.47191097709964,55.105033693035146,55.64837325052112,50,70,30,,
1750860000,1308.75,1354.1,1308.75,1353.95,,,,,,,1279.3913625092239,1163.7149030170326,0,0,1280.2678956660418,,,,,,5940,5202.9,54.61540308482778,42.582418324180246,4.776782677937149,69.91121441481401,74.33268331464043,65.57960378112847,56.511259791994135,50,70,30,,
1750874400,1353.85,1367.4,1345.1,1352.1,,,,,,,1282.2426816265092,1165.5893815939776,0,0,1283.1411798394001,,,,,,3660,5027.45,62.45114814291521,50.70291406924232,7.931363309033102,84.54306279544029,74.7884972083561,64.91278681708587,57.237751467022214,50,70,30,,
1750888800,1352.8,1383.35,1349.05,1376.05,,,,,,,1285.921399994097,1167.6835171005052,0,0,1286.8575326458242,,,,,,5301,5056.6,71.58283471065924,62.88312864613408,9.018040401061725,98.71771174072114,84.39066298365849,69.26920989942465,58.23821574161594,50,70,30,,
1750903200,1376.25,1389.75,1368.6,1376.8,,,,,,,1289.4852666609952,1169.7642781243808,0,0,1290.4552313399913,,,,,,6483,5319.1,74.47073914675302,69.50157400010916,9.813466043939286,98.71771174072114,93.99282875896087,69.39734870093167,59.27482365234,50,70,30,,
1750917600,1376.75,1414.85,1367.85,1406.4,,,,,,,1294.0701581644855,1172.1188624216506,0,0,1295.0930220863916,,,,,,9218,5495.35,80.16693736816684,75.40683707519304,11.36492114426575,100,99.14514116048078,74.00438972818128,60.596041639175105,50,70,30,,
1750932000,1406.5,1408.1,1374.3,1376.6,,,,,,,1297.306622550192,1174.1535006065099,0,0,1298.3533012029359,,,,,,8881,5773.4,74.1538703103226,76.2638489417475,2.8659225220813056,86.71048465597904,95.1427321322334,63.62030939497814,61.397977330687695,50,70,30,,
1750946400,1376.7,1432.3,1375.9,1429.9,,,,,,,1302.5063628423413,1176.6982418940072,0,0,1303.6151691548184,,,,,,8295,5854.8,79.91603718642173,78.07894828830372,5.21860398929492,83.42058309369556,90.04368924989154,71.36078008255211,62.25052684993187,50,70,30,,
1750960800,1429.95,1433.45,1410.65,1420.5,,,,,,,1307.1335642995043,1179.1241300343654,0,0,1308.2905623886256,,,,,,3055,5633.35,78.81053302998382,77.6268135089094,5.150507484850806,75.01991483536945,81.7169941950147,68.58906503314009,63.67259797203628,50,70,30,,
1750975200,1422.5,1434.6,1381.35,1382.6,1434.6,,,,,,1310.0930323661905,1181.1487655564115,0,0,1311.2629398930806,,,,,,5514,5551.65,66.61231514002895,75.11296178547818,0.5871800635114255,64.0219498565692,74.15414926187809,58.690878363074084,63.68328789148471,50,70,30,,
1750989600,1383.35,1401.6,1377.85,1393.3,,,,,,,1313.3560507047712,1183.2597231130642,0,0,1314.5444222973574,,,,,,6381,5779.2,59.98473319831807,68.46919378944362,1.3621097380418519,45.83399201015053,61.62528556736308,60.427187020752385,63.80808253105046,50,70,30,,
1751004000,1393.15,1395.55,1349.85,1354.05,,,,,,,1314.9518918536037,1184.9591288532326,0,0,1316.124645405463,,,,,,9927,6038,40.19928179488191,55.59877671107632,-1.2992099442174947,20.90132693514332,43.5857562672877,51.822418119556154,63.291006539480556,50,70,30,,
1751018400,1354.3,1362.65,1320.25,1328.1,,1320.25,,,,,1315.467503937776,1186.3834161283248,0,0,1316.6036595892444,,,,,,11333,6451.4,18.78774439937624,39.65725313085875,-9.171331052708894,11.855473924631204,26.196930956641697,47.05189168841057,62.37167322741107,50,70,30,,
1751032800,1328,1349.9,1327.25,1339.55,,,,,,,1316.4119155480594,1187.9074617389883,0,0,1317.5215132056746,,,,,,8002,6478.4,6.892749725563858,21.959925306607342,-5.519097228641897,2.8529062002765535,11.869902353350378,49.27089837839166,62.07870005004583,50,70,30,,
1751047200,1339.65,1340.45,1331.9,1335.05,,,,,,,1317.1428208206844,1189.3715665973068,0,0,1318.2226526774477,,,,,,1804,6123.9,-3.0533294670026336,7.5423882193124925,-8.070481152011567,4.598361776543688,6.435580633817168,48.412172704735895,61.60063855088159,50,70,30,,
1751234400,1337.7,1354.05,1324.1,1349.35,,,,,,,1318.4058474551673,1190.963391805294,0,0,1319.4677465703498,,,,,,7222,6168.6,-5.560575805143717,-0.5737185155274934,-2.6355991338566014,10.049155831131351,5.83347460265053,51.31592203502484,60.58180414044562,50,70,30,,
1751248800,1349.4,1369.2,1349.05,1368.85,,,,,,,1320.384049515749,1192.7334078072313,0,0,1321.4430367075358,,,,,,4535,6281.55,0.8383862606082344,-2.591839670512701,-3.0407949113933057,17.329286361249938,10.658934656308325,55.03290028681075,59.876097959711686,50,70,30,,
1751263200,1369,1377.45,1355.1,1361.95,,,,,,,1322.0140867896412,1194.417154993229,0,0,1323.0633152392345,,,,,,7968,6544.85,2.5574682008630987,-0.7215737812241239,3.6794246232667263,23.75335186002668,17.043931350802655,53.47704348613113,58.748086073047865,50,70,30,,
1751277600,1362,1367.9,1337.25,1337.7,,,,,,,1322.6292206410278,1195.842854943545,0,0,1323.6487826296652,,,,,,10077,6898.55,-8.528186200445566,-1.7107772463247402,0.7855572327947584,19.874877274568366,20.319171831948328,48.30796313497756,57.241701389765424,50,70,30,,
1751292000,1337.75,1337.85,1317.35,1335.85,,,,1317.35,,,1323.1476825766738,1197.2359608645047,0,0,1324.1368313244786,,,,,,9340,7020.1,-16.84275110316208,-7.604489700914844,-3.061026996380903,10.93466209464846,18.187630409747836,47.92735851404053,55.37905630304108,50,70,30,,
1751306400,1336.05,1357.5,1335.1,1357.5,,,,,,,1324.4948322795494,1198.8306279205792,0,0,1325.4713580714995,,,,,,1965,6745.05,-10.415407595401536,-11.928781633003055,0.18383642745017426,10.552154134178286,13.78723116779837,52.63086394784926,54.59409591396044,50,70,30,,
1751320800,1357.35,1369.8,1349.65,1350.65,,,,,,,1325.5205251313319,1200.3412684387824,0,0,1326.4785037486395,,,,,,4939,6695,-9.988954269225285,-12.415704322596296,0.8569777720013292,15.251803352840659,12.24620652722247,51.05939761046323,53.1439971659541,50,70,30,,
1751335200,1350.55,1359.05,1341.5,1351,,,,,,,1326.5197202242207,1201.840360295113,0,0,1327.459363598694,,,,,,5020,6763,-9.299382606304984,-9.901248156977264,-4.010369962457403,24.21580150565988,16.673252997559608,51.13967312677719,51.897612029785314,50,70,30,,
1751349600,1350.95,1352.7,1327.55,1340.1,,,,,,,1327.0522802154278,1203.2160781031218,0,0,1327.9649890547462,,,,,,10554,7025.65,-18.168139187281103,-12.485492020937121,-11.753932088477313,19.88734459683734,19.784983151779294,48.473075376789694,51.167768959336435,50,70,30,,
1751364000,1340.25,1361.45,1338.35,1350.35,,,,,,,1327.965916285411,1204.680097226474,0,0,1328.8603894925564,,,,,,12699,7336.45,-14.38130767126172,-13.949609821615931,-9.045003031652996,30.22428019337717,24.775808765291462,51.057521991882524,50.498507171560014,50,70,30,,
1751378400,1350.1,1353.7,1326.65,1341.5,,,,,,,1328.4966646663752,1206.0414892938722,0,0,1329.365973912854,,,,,,11554,7453.25,-21.212117798473184,-17.920521552338666,-12.992331161211766,27.119557132457043,25.743727307557183,48.782420489043034,50.28136448366622,50,70,30,,
1751392800,1341.55,1354.4,1340.45,1351.95,,,,,,,1329.4164033069094,1207.4933152710475,0,0,1330.26933495634,,,,,,2070,7112.7,-12.973157188672744,-16.18886088613588,-10.346119746946911,40.42334416235416,32.58906049606279,51.52893147802836,50.6011530400675,50,70,30,,
1751407200,1355.3,1363.55,1348.65,1349.5,,,,,,,1330.2039953340893,1208.9063171091466,0,0,1331.0385615580863,,,,,,3304,6863.15,-9.877115023208813,-14.687463336784909,-7.850314272587198,37.35273334846705,34.96521154775942,50.840584667750875,50.71327348930745,50,70,30,,
1751421600,1349.45,1360.25,1345.6,1355.65,,,,,,,1331.2018778700074,1210.3664532573143,0,0,1332.0230190957627,,,,,,3235,6872.15,1.9657755538502801,-6.96149888601042,-12.11612688749662,51.820282091196994,43.19878653400607,52.5539498824159,51.00911471628459,50,70,30,,
1751436000,1355.8,1387.35,1351.65,1382.75,,,,,,,1333.2233728554972,1212.0817124288833,0,0,1334.0520983319323,,,,,,8024,6997.65,29.80095606087591,7.2965388638391255,-5.17364080395798,68.39127218888204,52.52142920951536,59.2875767592828,51.57851862516015,50,70,30,,
1751450400,1382.7,1393.2,1372.4,1389.5,,,,,,,1335.4302994101836,1213.8470685241182,0,0,1336.270014398655,,,,,,12124,7284.8,46.17586179761098,25.980864470779057,-2.5539802128789972,88.18631205177091,69.46595544394998,60.7806083684716,51.989069202421646,50,70,30,,
1751464800,1389.55,1420.75,1387.85,1420.65,,,,,,,1338.7722484529215,1215.9048091358186,0,0,1339.6452138227087,,,,,,10588,7317.85,63.29088306497667,46.42256697448786,0.8081807209619711,100,85.525861413551,66.82664068145499,52.942611859230496,50,70,30,,
1751479200,1420.5,1433.15,1418.55,1421.35,,,1433.15,,,,1342.0105916508462,1217.949039890686,0,0,1342.9134052698003,,,,,,2725,6887.45,70.17361089299973,59.880118585195795,2.9458945319285164,100,96.06210401725697,66.94994165741278,54.274181753690144,50,70,30,,
1751493600,1421.95,1423.5,1400.25,1403.9,,,,,,,1344.4376272723816,1219.7992982002313,0,0,1345.3528690590083,,,,,,4338,6704.25,66.91436809682625,66.79295401826755,-0.031723656596867045,89.24352763739876,96.41450921246626,60.87555961972052,55.19905326123872,50,70,30,,
1751508000,1403.8,1411.95,1396.45,1411.85,,,,,,,1347.0812497322881,1221.7102504569455,0,0,1348.012754296648,,,,,,3399,6784,65.891831613311,67.65993686771233,1.3153053227181033,81.46105873484252,90.23486212408044,62.54296675978429,55.90706060494836,50,70,30,,
1751522400,1411.9,1423.1,1359.75,1373.15,,,,,,,1348.1035536643553,1223.2171136364784,0,0,1349.018244124782,,,,,,9860,6915.9,47.68346858169538,60.16322276394421,-0.002375004953009352,53.024349877404866,74.5763120832154,51.12141947135802,55.91149073786942,50,70,30,,
1751536800,1373.1,1389.85,1355.65,1367.6,,,,,,,1348.868120187322,1224.6537592719365,0,0,1349.761514359791,,,,,,14502,7414.25,31.3456154545123,48.3069718831729,-8.031187734652548,32.75998720543902,55.748465272562136,49.719133100674846,55.810023593147825,50,70,30,,
1751551200,1367.7,1379.95,1355.55,1372.7,,1355.55,,,,,1349.8027037093877,1226.1268561946038,0,0,1350.6790537853992,,,,,,8884,7460.05,20.908205879614073,33.31242997194058,-12.513902196880522,11.474749040988312,32.41969537461073,51.047954248576204,55.993943512561145,50,70,30,,
1751565600,1372.6,1376.9,1371.65,1374.75,,,,,,,1350.7810290541177,1227.6056934463988,0,0,1351.6418916339833,,,,,,796,6996,13.63205492029383,21.961958751473393,-14.288500499507464,11.873748259094631,18.702828168507313,51.601639295201515,56.03280903422679,50,70,30,,
1751580000,1373.55,1388.85,1370.55,1380.55,,,,,,,1351.9484396794464,1229.1275273424546,0,0,1352.798215968624,,,,,,3676,6712.8,11.404850229387545,15.315037009765144,-15.397848992055671,16.42921174248153,13.259236347521485,53.2140160627354,56.34935157520482,50,70,30,,
1751594400,1380.4,1392.35,1377.5,1386.8,,,,,,,1353.3151675351544,1230.6964076674053,0,0,1354.158287329879,,,,,,3767,6802.9,14.329604860312054,13.12217000333114,-17.71139956331153,22.43159999075996,16.911519997445367,54.95548025108355,56.594105058994465,50,70,30,,
1751608800,1386.7,1390.15,1367.1,1378.35,,,,,,,1354.2969256710307,1232.165597640864,0,0,1355.1259558366837,,,,,,5657,6838.8,8.911533537418148,11.54866287570591,-16.626759681511203,21.859784912321064,20.24019888185418,52.130273970929125,56.68622572350721,50,70,30,,
1751623200,1378.2,1393.15,1377.3,1383,,,,,,,1355.4225364290296,1233.666437465333,0,0,1356.2409176032163,,,,,,5059,6840.75,9.478463776244075,10.906534057991422,-18.076587559399314,22.486503684419176,22.259296195833397,53.5455697794383,56.75705571615166,50,70,30,,
1751637600,1382.9,1395.75,1378.9,1393.6,,,,,,,1356.9196918631853,1235.2578161970214,0,0,1357.7352808990877,,,,,,3288,6477.45,20.372032369234866,12.920676560965697,-17.959417833909725,25.838703504786015,23.39499736717541,56.6891232346018,56.57145189296016,50,70,30,,
1751839200,1390.7,1399.5,1376.65,1386.55,,,1399.5,,,,1358.0816647312956,1236.7632110607326,0,0,1358.887869663124,,,,,,6255,6155.25,20.343642166697364,16.731379437392103,-18.276854005524797,29.616797036783954,25.980668075329707,54.06849205010779,56.092015013077024,50,70,30,,
1751853600,1386.6,1386.95,1360.65,1361.3,,,,,,,1358.2078739575193,1238.002383089979,0,0,1358.9843548765991,,,,,,5265,5840.8,-3.5670404024332036,12.382878044499677,-17.90823716704186,22.122116482532707,25.85920567470089,45.886675983474916,54.5963032489356,50,70,30,,
1751868000,1361.25,1368.8,1344.85,1367,,,,1344.85,,,1358.552663214087,1239.2859414671932,0,0,1359.3049806815352,,,,,,7626,6118.6,-14.258634720115417,0.8393223480495825,-16.980659847531,12.39383079389718,21.37758143773794,47.806749919875955,53.22893241054011,50,70,30,,
1751882400,1367.35,1368.35,1345.85,1362.6,,,,,,,1358.7113823037307,1240.5129470247336,0,0,1359.4367814542738,,,,,,9532,6430,-24.289756258876935,-14.038477127141851,-16.52058468933808,5.002190415618236,13.172712564016036,46.43700270903151,52.19760691691947,50,70,30,,
1751896800,1362.7,1372.7,1358.85,1366.85,,,,,,,1359.0305437820157,1241.770032128965,0,0,1359.7333101961028,,,,,,5214,6528.95,-27.32388225346855,-21.9574244108203,-17.64000660470603,11.517407002121486,9.637809403878961,47.987184063003774,51.157908152863705,50,70,30,,
1751911200,1366.75,1373.1,1362.6,1367.3,,,,,,,1359.3548361827209,1243.0190865356421,0,0,1360.0359777882586,,,,,,1339,6194.7,-28.701424017580933,-26.771687509975475,-16.36838350975286,14.670832983495375,10.396810133745026,48.1582664967406,50.946254368962464,50,70,30,,
1751925600,1369.7,1389.4,1362.9,1388.85,,,,,,,1360.5115092735946,1244.470140400959,0,0,1361.1885386767283,,,,,,3759,5776.45,-9.12270075054456,-21.716002340531347,-17.83192518995807,43.72617435077303,23.304804778796623,55.67698450401171,51.371815183486525,50,70,30,,
1751940000,1388.8,1389.6,1360.85,1372.45,,,1389.6,,,,1360.9796853805124,1245.7435718397555,0,0,1361.6389971296592,,,,,,4017,5447.9,-10.553960598592655,-16.126028455572712,-21.47642290967586,49.17549105066582,35.85749946164473,49.76212471994277,51.27997021715556,50,70,30,,
1751954400,1372.35,1386.7,1365.4,1368,,,,,,,1361.2549918361785,1246.9600537119968,0,0,1361.8934372444728,,,,,,6148,5619.05,-16.33542191606294,-12.004027755066717,-27.623175544848067,49.44786935589227,47.44984491911037,48.26384964781462,51.041556670913636,50,70,30,,
1751968800,1367.9,1384.65,1351.85,1358.7,,,,,,,1361.1547960778971,1248.0718939735689,0,0,1361.765699754694,,,,,,7597,5782,-28.423809057794188,-18.437730524149927,-26.94312329471383,19.28226621933251,39.301875541963526,45.20085056554008,50.46918770682826,50,70,30,,
1751983200,1358.6,1375.85,1339,1363.9,,,,,,,1361.2624511336658,1249.2244124414935,0,0,1361.8510717645063,,,,,,8954,6059.75,-31.04464940990774,-25.267960127921622,-26.76645309730816,13.205497861672947,27.31187781229924,47.217900486463066,49.9165034379268,50,70,30,,
1751997600,1364.1,1376.45,1360.9,1370.05,,,,,,,1361.6070608931298,1250.426657093817,0,0,1362.179028893926,,,,,,2315,5682.5,-24.991692158147192,-28.153383541949708,-26.54429597460421,18.642256127338754,17.043340069448067,49.58157961229855,49.73445384088176,50,70,30,,
1752012000,1369.45,1373.15,1345.75,1351.1,,,,,,,1361.1950192894776,1251.4283818988538,0,0,1361.735867738169,,,,,,6020,5258.4,-40.03746504560268,-32.02460220455254,-31.13903222395848,18.642256127338754,16.830003372116817,43.16694459805963,48.99312347078329,50,70,30,,
1752026400,1351.25,1353.85,1342.7,1350.05,,,,,,,1360.7579597094982,1252.409691531701,0,0,1361.2684330286422,,,,,,5116,5070,-48.39780177500721,-37.80898632625236,-31.23807585823971,12.754491198602276,16.679667817759924,42.83624946827085,48.00363248747393,50,70,30,,
1752040800,1350.25,1360.15,1344.2,1349.2,,,,,,,1360.3047063875572,1253.3727791781516,0,0,1360.7856957074966,,,,,,6362,5348.3,-52.86010264852726,-47.09845648971238,-24.61669721367261,0,10.465582441980342,42.55205778381083,47.18103003988129,50,70,30,,
1752055200,1349.3,1364.9,1346.9,1354.25,,,,,,,1360.0672669213784,1254.3765326191651,0,0,1360.5242678791967,,,,,,6832,5506.1,-50.310982123059254,-50.52296218219791,-27.54999808074652,5.998829503565902,6.251106900722724,44.89131052018387,47.10993250678907,50,70,30,,
1752069600,1354.2,1358.8,1337.35,1347.3,,,,,,,1359.5665897872068,1255.3011442348948,0,0,1359.995297164029,,,,,,6284,5631.95,-53.712127126771875,-52.29440396611946,-25.825072960533475,5.998829503565901,3.9992196690439314,42.3362945269493,46.719185693008605,50,70,30,,
1752084000,1347,1353.1,1344.4,1348.1,,,,,,,1359.1169195994732,1256.22451593405,0,0,1359.5194852774678,,,,,,997,5398.95,-53.93357920739121,-52.652229485740776,-26.39393164930037,7.020040607118688,6.339233204750161,42.74028431935137,46.45513437946003,50,70,30,,
1752098400,1349.35,1352,1344.35,1348.8,,,,,,,1358.712334517141,1257.1456650292337,0,0,1359.090705866369,,,,,,3049,5298.45,-52.25180227932634,-53.29916953782981,-29.2549349527101,2.9909719771966277,5.336614029293735,43.11582075321821,46.10717985733249,50,70,30,,
1752112800,1348.95,1351.15,1344.1,1348.8,,,,,,,1358.3236155164689,1258.0576484617786,0,0,1358.6790776317143,,,,,,1900,5229.05,-50.07281645627813,-52.08606598099856,-28.795729196797126,4.960732850840469,4.9905818117185925,43.11582075321821,45.747005161366594,50,70,30,,
1752127200,1348.7,1370.3,1344.7,1366.35,,,,,,,1358.6383756922937,1259.1351842979798,0,0,1358.9859145264459,,,,,,5750,5203.8,-27.462416242029303,-43.26234499254459,-30.050931954042113,37.272855080621014,15.074853302886034,52.22628225914957,45.50052642959073,50,70,30,,
1752141600,1366.4,1370.95,1336.8,1355.45,,,1370.95,1336.8,,,1358.5133413514195,1260.0935406731242,0,0,1358.844477945388,,,,,,12080,5544.55,-23.130620935238905,-33.555284544515445,-41.55656919243806,51.649648416908406,31.294412116123294,47.172969721515464,45.315586786845934,50,70,30,,
1752156000,1355.6,1369.95,1352.3,1357.45,,,,,,,1358.4716416905796,1261.0622616614512,0,0,1358.7886988275725,,,,,,7300,5528.25,-16.300759133437055,-22.297932103568417,-43.815662291234354,69.36254009616293,52.761681197897445,48.164044305533395,45.30845783382584,50,70,30,,
1752170400,1357.35,1369.35,1353.95,1362,,,,,,,1358.610008683106,1262.06661726681,0,0,1358.9171508744696,,,,,,2485,5175.9,-3.879085383939568,-14.43682181753851,-44.01314151331847,63.35817552842928,61.45678801383354,50.44192339956592,45.6828201791134,50,70,30,,
1752184800,1360,1363.6,1351.95,1356.9,,,,,,,1358.5429495190626,1263.0102330153989,0,0,1358.8364648394909,,,,,,5050,5167.7,-3.5598798274074306,-7.913241448261352,-44.24041249708508,65.79740182790628,66.17270581749949,47.90102206343089,45.73161457746825,50,70,30,,
1752199200,1356.85,1364.65,1351.75,1355.35,,,,,,,1358.4177358124327,1263.929036666987,0,0,1358.6970062459113,,,,,,3626,5282.05,-6.833478268567539,-4.757481159971513,-44.320063821182565,62.28286501600192,63.81281412411249,47.12408595093708,45.55607931594243,50,70,30,,
1752213600,1355.3,1360.25,1340.1,1351.9,,,,,,,1358.1621383295922,1264.8043696354748,0,0,1358.425125996075,,,,,,7898,5489,-16.617673446811608,-9.003677180928861,-43.78544792506712,45.17197314844796,57.750746664118715,45.360524191645574,45.71276357262714,50,70,30,,
1752228000,1352.05,1370.45,1347.15,1362.5,,,,,,,1358.3322505519611,1265.7764654599976,0,0,1358.588120956232,,,,,,9172,5746.75,-0.08920392291718571,-7.846785212765446,-33.010167248443764,56.83381457805978,54.76288424750322,51.38093084404802,46.32309795661122,50,70,30,,
1752242400,1362.6,1393.6,1361.65,1392.95,,,,,,,1359.689809353845,1267.0418737638781,0,0,1359.9625961179827,,,,,,6602,5769.45,32.909657403711144,5.400926677994117,-25.43871973408308,73.99903217039909,58.66827329896895,63.74058271205662,47.836564022914494,50,70,30,,
1752256800,1397.75,1402.85,1394.3,1394.5,1402.85,,,,,,1361.0549148693806,1268.3101138259292,0,0,1361.3440922732634,,,,,,1039,5441.55,48.56639146964277,27.12894831681224,-25.262921118230835,97.11428860568672,75.98237845138188,64.23893802246306,49.21853741593444,50,70,30,,
1752444000,1376,1383.95,1371.95,1373.75,,,,,,,1361.552761345091,1269.3592669221887,0,0,1361.8403285823329,,,,,,1328,5060.25,43.88601823595825,41.787355703104055,-28.061083353886374,83.66497324561321,84.92609800723302,53.61520134774733,50.02417361742001,50,70,30,,
1752458400,1373.5,1390.55,1372.75,1390.05,,,,,,,1362.670300115872,1270.5601697388834,0,0,1362.9687154390394,,,,,,6722,5280.6,51.150751257049656,47.867720320883556,-26.12887493125119,75.96890879668595,85.58272354932865,59.30818794607855,51.20759530504339,50,70,30,,
1752472800,1390.15,1395.45,1380.3,1386.5,,,,,,,1363.6047981505435,1271.7137998907353,0,0,1363.9099668214778,,,,,,4940,5226.6,52.17038844612264,49.06905264637684,-20.93199562439831,65.67672279487498,75.10353494572472,57.648680189227775,52.245656693329785,50,70,30,,
1752487200,1386.8,1396.1,1361.15,1373.85,,,,,,,1364.0065707720908,1272.7300804888375,0,0,1364.3075681486187,,,,,,11171,5529.35,41.195920624764184,48.172353442645495,-28.56725656155075,60.615992272033225,67.42054128786471,52.05876349289783,52.88443831759262,50,70,30,,
1752501600,1373.95,1384.9,1369.15,1369.35,,,,,,,1364.2161170163224,1273.6914727227795,0,0,1364.509265422674,,,,,,6722,5547.35,27.949192007696933,40.43850035952792,-33.07969786931551,43.603941716466096,56.63221892779143,50.19420414542808,52.73928988089823,50,70,30,,
1752516000,1369.45,1370.9,1355.4,1363.3,,1355.4,,,,,1364.1801908588195,1274.5830998598663,0,0,1364.4608948057669,,,,,,1839,5297.7,12.50871905667757,27.21794389637957,-31.499701262410696,24.77625338961695,42.99872912603876,47.71959477002831,52.77833452722057,50,70,30,,
1752530400,1364.45,1371.25,1358.5,1367.65,,,,,,,1364.3162618055326,1275.5091386672307,0,0,1364.5884590135363,,,,,,3164,5141.7,5.222099574442775,15.226670212939096,-27.560930308721993,20.47609021456537,29.61876177354947,49.64197945390944,52.883901323533145,50,70,30,,
1752544800,1367.85,1379.75,1363.7,1378.7,,,,,,,1364.8803299700214,1276.5359134068601,0,0,1365.152920652995,,,,,,4733,5328.5,12.281728822275248,10.004182484465202,-21.637165134546805,27.63861977266571,24.296987792282675,54.24456380823062,53.15551849558062,50,70,30,,
1752559200,1378.75,1381.4,1360.6,1377.1,,,,,,,1365.359532716295,1277.5365510844038,0,0,1365.630803826875,,,,,,6752,5513.65,15.455649854776667,10.986492750498234,-20.577003639797226,37.86590281786423,28.660204268365103,53.48233414284707,53.55418364411035,50,70,30,,
1752573600,1377.05,1394.8,1375.85,1381.4,,,,,,,1365.9885706489893,1278.5700182377927,0,0,1366.2615716738,,,,,,10240,5930.65,22.71035153138135,16.815910069477756,-17.51171863327805,47.8749234302401,37.79314867359001,55.3002262622873,54.13819366634965,50,70,30,,
1752588000,1381.6,1381.75,1363.2,1375.9,,,,,,,1366.3772541529504,1279.538475767765,0,0,1366.647108806848,,,,,,6443,5965.3,20.010621663569516,19.392207683242514,-21.072664434512433,41.75125851388443,42.497361587329586,52.4754424329723,54.6464021121587,50,70,30,,
1752602400,1375.8,1375.85,1361.25,1362.8,,,,,,,1366.2369696763642,1280.3669486456977,0,0,1366.4932244545741,,,,,,1260,5424.3,0.09111653977487322,14.270696578241916,-23.72622327784555,27.31051646401269,38.978899469379066,46.39639122748236,54.2903635681183,50,70,30,,
1752616800,1363.85,1372.95,1357.85,1372.4,,1357.85,,,,,1366.4786571400361,1281.2827004004669,0,0,1366.729495476391,,,,,,3763,5247.45,-0.832038980996818,6.423233074115861,-19.88752052362051,18.11751667757582,29.05976388515764,50.88657896726961,53.372220443490654,50,70,30,,
1752631200,1372.45,1381.35,1361.45,1370.85,,,,,,,1366.6500823502308,1282.173917311905,0,0,1366.8943156573355,,,,,,3893,5317.85,-4.469863358503038,-1.7369285999083275,-15.146505667945831,18.204729559215977,21.21092090026816,50.1560475054339,52.36629969227429,50,70,30,,
1752645600,1370.75,1389.3,1368.65,1383.3,,,,,,,1367.3030202972807,1283.1801469903935,0,0,1367.550543031042,,,,,,5305,5330.6,13.287615147539217,2.6619042693464525,-8.697944689214864,42.133669646321756,26.151971961037844,55.66201855499944,52.51250092136372,50,70,30,,
1752660000,1383.25,1397,1375.9,1386.8,,,,,,,1368.067607736603,1284.211190303922,0,0,1368.3205213098004,,,,,,6530,5475.8,27.569425688124415,12.129059159053531,-0.7654026080249423,65.30834380303777,41.882247669525164,57.096828006398376,52.35454663995798,50,70,30,,
1752674400,1386.65,1425.4,1384.8,1417.15,,,,,,,1369.9924074332066,1285.5339645297536,0,0,1370.2737004574083,,,,,,8822,5522,52.407931036814304,31.088323957492644,2.49171979489833,88.89038128414734,65.44413157783562,67.05330159987338,53.02630531214696,50,70,30,,
1752688800,1417.25,1419.2,1412.25,1417.05,,,,,,,1371.8378032201397,1286.8425817981142,0,0,1372.144752439112,,,,,,1356,5131.2,62.86523798689376,47.61419823727749,6.362710205325897,98.20755601581224,84.13542703433245,66.99813136640007,54.09340301739712,50,70,30,,
1752703200,1415.65,1424.75,1415.1,1424.65,,,,,,,1373.9088697605264,1288.2137998896753,0,0,1374.2449623415475,,,,,,2483,4925.25,69.55275211559864,61.6086403797689,10.422628014174236,99.91278148543735,95.67023959513232,69.08031034234014,55.442410602890845,50,70,30,,
1752717600,1424.5,1426.8,1417.3,1419.1,,,,,,,1375.681070946388,1289.5161501395294,0,0,1376.0391638478857,,,,,,2571,5001.85,69.18427154134217,67.20075388127819,6.0940456679786195,95.20945702784415,97.77659817636459,65.81468464610086,56.734917022610304,50,70,30,,
1752732000,1420.6,1420.9,1404.7,1417.25,,,,,,,1377.3112250269219,1290.7871337202305,0,0,1377.6875972939702,,,,,,4324,5151.65,66.33674896302912,68.35792420665665,0.31654969344388917,89.0047900719585,94.70900952841333,64.71646218599969,57.811665789188176,50,70,30,,
1752746400,1417.35,1423.7,1408.45,1412.5,,,,,,,1378.6911769866504,1291.9982070165465,0,0,1379.0800934022113,,,,,,6724,5151.75,60.435718700139816,65.31891306817037,6.984950772896994,78.56903371007859,87.59442693662707,61.86216495659091,58.3557801569282,50,70,30,,
1752760800,1412.35,1464.35,1410.7,1463.65,,,,,,,1382.0228955361936,1293.706185056183,0,0,1382.462889666123,,,,,,8296,5319.55,74.37617819412208,67.04954861909701,10.428102416908402,83.27235816767178,83.61539398323629,74.76773863164728,59.8761661918425,50,70,30,,
1752775200,1463.55,1465.15,1454.5,1462.65,,,,,,,1385.1847427700684,1295.3872180406986,0,0,1385.670374079478,,,,,,2488,4885.4,78.68201915958238,71.16463868461476,13.23559000477033,88.96350425384837,83.60163204386625,74.23881695458624,61.22892266986385,50,70,30,,
1752789600,1461.25,1471.4,1457.2,1464.4,,,,,,,1388.291223445752,1297.0689372641743,0,0,1388.819559116299,,,,,,4452,4771.9,79.07308202010202,77.37709312460215,16.263396741847075,99.18977942836602,90.47521394996205,74.57774994159404,62.80765892047969,50,70,30,,
1752804000,1464.2,1469.65,1456.75,1457.35,,,,,,,1390.9994107616048,1298.663773709307,0,0,1391.560776751647,,,,,,3724,4866.15,74.95851434051222,77.57120517339888,11.607396953681729,93.63930464094962,93.93086277438802,70.55071667682107,64.53296788114675,50,70,30,,
1752818400,1457.3,1471.9,1448.65,1466.7,,,,,,,1393.9680613199732,1300.3357759609557,0,0,1394.566345681581,,,,,,6239,5019.9,73.26103355389134,75.76420997150187,21.745809641969245,91.49998556006908,94.77635654312824,72.65930892600105,66.08816287819899,50,70,30,,
1752832800,1467,1479.5,1442.45,1442.7,1479.5,,,,,,1395.8791177387977,1301.7523354041302,0,0,1396.4916918543177,,,,,,7937,5180.1,61.16039366256122,69.79331385232159,13.465954716108413,67.44731655109807,84.19553558403892,60.654270061785624,66.8380359179384,50,70,30,,
1752847200,1443.15,1456.85,1414.95,1427.6,,,,,,,1397.1230739059038,1303.0045509722484,0,0,1397.736024180145,,,,,,6966,5190.8,44.028590560183986,59.48333925887885,7.998862668685248,39.66445800518112,66.20392003878275,54.5476772952864,66.75844011367317,50,70,30,,
1752861600,1427.7,1430.95,1422.05,1423.15,,,,,,,1398.1437376742997,1304.2000280770021,0,0,1398.7525832129393,,,,,,1333,4745.45,28.672370571087967,44.62045159794439,10.09676460888413,9.071183137000077,38.727652564426414,52.858707567764846,66.45571722519935,50,70,30,,
1753048800,1420,1432.1,1416.6,1428.4,,,,,,,1399.3302577655036,1305.4358486931515,0,0,1399.9384798844217,,,,,,2897,4568.15,19.36895396622547,30.689971699165795,13.543060530608514,2.7572240021666516,17.16428838144928,54.64303109838224,65.5692693322357,50,70,30,,
1753063200,1428.25,1436.3,1420,1432.6,,,,,,,1400.6349535394054,1306.701163631528,0,0,1401.2449406890448,,,,,,3813,4695.8,14.444973414446608,20.82876598392001,20.116045476047475,7.721343911530788,6.5165836835658295,56.07539910550889,64.78907417074348,50,70,30,,
1753077600,1432.45,1451.85,1429.2,1445.15,,,,,,,1402.3806416358993,1308.0787639934033,0,0,1403.001143061483,,,,,,5860,4800.65,19.421764567048857,17.74523064924031,19.125795073768273,18.900869992418617,9.793145968705343,60.127355369649365,64.14957738697986,50,70,30,,
1753092000,1445.25,1463.9,1434.8,1457.7,,,,,,,1404.550028238413,1309.5675325108818,0,0,1405.1890973390236,,,,,,9538,5082.9,29.913851610410227,21.260196530635227,20.556112222038962,32.81881867515196,19.813677526367112,63.730511182875425,64.00070785389232,50,70,30,,
1753106400,1457.9,1460.2,1440.85,1443.35,,,,,,,1406.0715957584753,1310.8987013416192,0,0,1406.7155334454626,,,,,,6164,5125.85,27.04888021795933,25.4614987984728,15.85886259278439,34.74880933034499,28.822832665971845,57.348958026126766,63.47445755675854,50,70,30,,
1753120800,1443.5,1449.85,1442.85,1447.45,,,,,,,1407.6942782777508,1312.2574207312548,0,0,1408.3449121076442,,,,,,1337,4866.2,28.07231804463094,28.345016624333493,15.825585644026305,32.41914940783192,33.328925804442946,58.623771171915436,63.243143714996,50,70,30,,
1753135200,1443.7,1452.25,1441.3,1451.65,,,,,,,1409.41803207078,1313.6444115697498,0,0,1410.0771156233384,,,,,,3573,4603.75,31.99835694775917,29.039851736783138,14.719506503405626,26.70624958238191,31.291402773519597,59.94454564645541,62.184344216053724,50,70,30,,
1753149600,1451.75,1456.25,1441.7,1453.5,,,,,,,1411.1467366954555,1315.0360094645782,0,0,1411.8140309984049,,,,,,4216,4746.75,35.714195455022804,31.928290149137638,14.554141936911336,31.695520686341222,30.273639892185006,60.542020628494264,61.20600162133287,50,70,30,,
1753164000,1453.55,1454.75,1434.1,1446.55,,,,,,,1412.5350999623004,1316.3446063853287,0,0,1413.2034697584686,,,,,,6199,4932.55,30.48559257425046,32.73271499234414,17.459798467022125,30.000348042363466,29.46737277036219,57.096421776863075,59.957335323852085,50,70,30,,
1753178400,1446.45,1454.85,1429.15,1442.85,,,,,,,1413.723919571622,1317.603366520798,0,0,1414.3893309681298,,,,,,10436,5325.8,21.01157689144825,29.070454973573842,14.56397636344208,23.11924118040311,28.27170330303592,55.292266963374026,58.86744605860587,50,70,30,,
1753192800,1442.8,1448.7,1435.1,1440.65,,,,,,,1414.7798442943035,1318.8277111325315,0,0,1415.4397577294046,,,,,,7848,5502,10.473806050977744,20.656991838892154,10.528155544097956,15.239089056485208,22.786226093083915,54.19569945054419,57.54861681035895,50,70,30,,
1753207200,1440.75,1442.3,1437.5,1440.4,,,,,,,1415.7845562827622,1320.0373856486258,0,0,1416.4381674202284,,,,,,1527,5242.15,2.1222408291404786,11.202541257188825,8.27836829923676,11.680970724417692,16.679766987101992,54.06448397690726,57.07791780429621,50,70,30,,
1753221600,1439.95,1440.55,1428.55,1436.75,,,,,,,1416.6067305461834,1321.1987051944106,0,0,1417.2506407234193,,,,,,3675,5011.1,-9.172016426027968,1.1413434846967494,4.002285966471462,7.599804726928046,11.506621502610306,52.081842858952996,56.90178677312955,50,70,30,,
1753236000,1437.05,1445.6,1433.05,1439.85,,,,,,,1417.5182313090781,1322.3793150929737,0,0,1418.1546150944826,,,,,,3999,5086.65,-12.274539829732316,-6.441438475539937,9.773158442538872,8.058025149813595,9.112933533719767,53.63694044487071,56.957374835779966,50,70,30,,
1753250400,1439.9,1459.45,1436.8,1451.7,,,1459.45,,,,1418.8586928263692,1323.6660880771233,0,0,1419.4964304907032,,,,,,6559,5192,4.868255408905146,-5.526100282285047,8.443700611809533,24.538736998750068,13.398855625163892,59.10095721289288,57.27579812967359,50,70,30,,
1753264800,1451.6,1453.2,1420.95,1424.7,,,,,,,1419.0877636959233,1324.6714006335699,0,0,1419.704573271075,,,,,,9225,5467.05,-17.44863655587465,-8.284973658900606,6.401260223158644,24.538736998750068,19.0451663824379,45.843794424522336,56.54496922388882,50,70,30,,
1753279200,1424.65,1438.95,1417.15,1417.4,,,,,,,1419.0215768843184,1325.5940732640815,0,0,1419.6123903402322,,,,,,8486,5579.4,-34.40950812339541,-15.663296423454971,2.0522704000765515,20.077287031265953,23.051587009588687,43.03316771107138,55.32395581970468,50,70,30,,
1753293600,1417.9,1419.6,1406.85,1416,,,,,,,1418.9030836731686,1326.4936347241405,0,0,1419.467894726623,,,,,,1506,5257.85,-44.09753005049511,-31.985224909921726,-0.45244313791484103,0,14.872008010005331,42.495082386164,53.80713947708244,50,70,30,,
1753308000,1418.2,1422.45,1410.2,1412.9,,,,,,,1418.667668627162,1327.353399552756,0,0,1419.205178937558,,,,,,3409,5080,-50.61450609910929,-43.04051475766661,-0.6463317942089475,5.921189464667501e-16,6.692429010421972,41.26468690486048,52.65826296842056,50,70,30,,
1753322400,1412.8,1415.85,1403.2,1412.4,,,,,,,1418.4218777006065,1328.1996343830767,0,0,1418.9329717800556,,,,,,4388,5232.75,-53.66784457086019,-49.459960240154864,-5.524426028751321,1.7763568394002505e-15,7.894919286223335e-16,41.058196954681314,51.403579095760975,50,70,30,,
1753336800,1412.5,1418.05,1375.85,1389.2,,1375.85,,,,,1417.2759217123473,1328.8066031951855,0,0,1417.7436529088534,,,,,,7891,5482.45,-64.80046557632453,-56.360938748764674,-12.777931202377147,1.7763568394002505e-15,2.565848768022584e-15,32.84530169072332,49.46791881320869,50,70,30,,
1753351200,1389.3,1418.85,1388.9,1407.8,,,,,,,1416.9043169393142,1329.5926071434922,0,0,1417.3459067924994,,,,,,9209,5752.25,-60.76819299620445,-59.74550104779639,-12.457953169329713,12.700035126537358,4.2333450421791206,42.73523836478997,48.19600579437266,50,70,30,,
1753365600,1408.85,1424.25,1401.1,1409,,,,,,,1416.5943437260078,1330.3827304554973,0,0,1417.0120705207994,,,,,,5271,5722.8,-56.00259823923453,-60.523752270587835,-10.342402321921881,26.137427933058337,12.945821019865233,43.315249502210094,47.21163634618317,50,70,30,,
1753380000,1409.15,1413.45,1407.65,1413.45,,,,,,,1416.4710361289094,1331.209270450965,0,0,1416.8695876999675,,,,,,1057,5298.75,-48.14366904700313,-54.97148676081403,-11.066080498436136,42.36968975924723,27.06905093961431,45.51897547372796,46.513544096922736,50,70,30,,
1753394400,1414.65,1420.75,1407.5,1412.45,,,,,,,1416.3133484375796,1332.0176359191146,0,0,1416.692804191969,,,,,,4039,5192.5,-42.48777695145518,-48.87801474589761,-7.7772832574928685,45.36302819523022,37.956715295845264,45.09470619599317,45.8634731501691,50,70,30,,
1753408800,1412.25,1413.9,1397.2,1405.45,,,,,,,1415.8873347733609,1332.7483062084766,0,0,1416.24309202429,,,,,,4972,5374.25,-44.78636054640923,-45.13926884828917,-8.113238698349335,43.85038689349111,43.86103494932286,42.134196130010395,45.01130973253361,50,70,30,,
1753423200,1405.6,1409.4,1383.6,1392.9,,,,,,,1414.9858706646016,1333.3468305248102,0,0,1415.3093683433185,,,,,,5483,5469.75,-54.87719603730369,-47.383777845056024,-14.198268728454352,33.48073835227452,40.89805114699862,37.39422316105557,43.962194039826656,50,70,30,,
1753437600,1392.55,1395,1379.7,1392.25,,1379.7,,,,,1414.0942678934407,1333.932931713618,0,0,1414.3869936095857,,,,,,6680,5592.95,-59.5917313242698,-53.08509596932757,-21.877413003318722,23.35089492364855,33.56067338980473,37.16104739465159,42.78534453623957,50,70,30,,
1753452000,1392.45,1399.6,1384.4,1395.95,,,,,,,1413.3827279760508,1334.5500169701988,0,0,1413.6495138652024,,,,,,6411,5603.55,-58.34303882274878,-57.603988728107424,-19.665715254963303,28.5008720774711,28.444168451131393,39.474652529800636,41.38346563030441,50,70,30,,
1753466400,1396.05,1403.55,1396.05,1403.55,,,,,,,1412.9971308005195,1335.2365839655201,0,0,1413.2455333105943,,,,,,1302,5146.85,-49.05644846837941,-55.663739538466,-21.53255371493063,52.08532554779515,34.645697516304935,44.03282000857316,41.254110314879476,50,70,30,,
1753653600,1403.8,1419.6,1403.8,1414.2,,,,,,,1413.0443021416756,1336.022289597704,0,0,1413.2837119781705,,,,,,4918,5000.35,-30.11890995354547,-45.83946574822455,-17.02511966577731,79.8551287472341,53.480442124166785,49.74442225568635,41.73348563949482,50,70,30,,
1753668000,1414.35,1420.8,1410.5,1420.8,,,,,,,1413.3484471557276,1336.8658489051895,0,0,1413.5843634990435,,,,,,3456,5096.8,-11.08293410434343,-30.086097508756097,-18.667574563894107,96.113733421963,76.01806257233075,52.94901097136909,42.48019482415233,50,70,30,,
1753682400,1420.85,1420.85,1399.8,1402.45,,,,,,,1412.9210570711894,1337.5184275230483,0,0,1413.1389889590819,,,,,,5997,5212.9,-15.678146565183093,-18.95999687435733,-17.720668028515135,86.01354319470552,87.3274684546342,44.46037406014231,42.70845819238674,50,70,30,,
1753696800,1402.4,1425.85,1380.45,1387.85,,,1425.85,,,,1411.9378783625152,1338.0192391894857,0,0,1412.1274294007185,,,,,,9757,5500.8,-30.131624495579906,-18.964235055035477,-18.94706008052914,63.093679316383344,81.74031864435062,39.09062283228583,42.56791718364421,50,70,30,,
1753711200,1387.75,1399.55,1381.35,1388,,,,,,,1410.9991380345734,1338.5165601925753,0,0,1411.1623322246896,,,,,,8024,5574.05,-38.095408504746054,-27.96839318850302,-21.670498671000317,33.98002583089302,61.02908278066064,39.171907444555245,43.01981759463221,50,70,30,,
1753725600,1387.9,1392.7,1378.4,1391.4,,,,,,,1410.2305443861587,1339.0427635737437,0,0,1410.371838935702,,,,,,1290,5177.3,-39.98539075689114,-36.070807919072365,-23.846213385155963,22.944360736124512,40.00602196113363,41.09092404526168,42.90236657180876,50,70,30,,
1753740000,1392.05,1401.35,1391.25,1398.1,,,,,,,1409.754836763172,1339.6303977670398,0,0,1409.880965378274,,,,,,3283,4917.15,-34.32726620157505,-37.46935515440408,-24.17165854512399,28.68503143361764,28.536472666878392,44.7874432054347,43.00752326489623,50,70,30,,
1753754400,1398.9,1405.5,1389.9,1394.2,,,,,,,1409.1448431646163,1340.1733788837857,0,0,1409.253726763143,,,,,,4407,5062.2,-34.191946024804366,-36.16820099442352,-29.505160513609553,37.02445316100617,29.551281776916113,43.09238066479293,42.83419506425802,50,70,30,,
1753768800,1395.15,1397.7,1371.45,1387.7,,,,1371.45,,,1408.3038689228667,1340.6462805864346,0,0,1408.3915776926174,,,,,,7844,5283.95,-40.50189243604246,-36.34036822080729,-38.644975798762204,35.44437567477047,33.717953423131426,40.35130825174159,42.495380925382904,50,70,30,,
1753783200,1387.8,1402.45,1384.05,1394.2,,,,,,,1407.7507760239307,1341.1791534164204,0,0,1407.8239145849127,,,,,,7634,5446.25,-36.277552491141186,-36.99046365066267,-31.428275175217806,34.14223754796185,35.53702212791283,44.175416655104456,42.641182391461044,50,70,30,,
1753797600,1394.15,1405.3,1387.35,1395.85,,,,,,,1407.284078924953,1341.72314193964,0,0,1407.3449580015163,,,,,,6639,5383.65,-29.827180526037033,-35.53554181774023,-26.836244643983136,38.469111769607025,36.01857499744645,45.13695030659063,43.19423433042783,50,70,30,,
1753812000,1395.7,1398.8,1386.8,1387.75,,,,,,,1406.5180366141706,1342.1811206268078,0,0,1406.5611596814556,,,,,,1060,4976.2,-37.76176228503712,-34.62216510073844,-29.441609848858334,37.25522886172046,36.62219272642978,41.36983793355943,43.49486222606411,50,70,30,,
1753826400,1386.55,1397.4,1383.5,1388.3,,,,,,,1405.8036038057717,1342.640014948929,0,0,1405.8307132941973,,,,,,3657,4895.5,-41.282070890960995,-36.290337900678374,-33.416122202224884,28.780702535541497,34.83501438895633,41.72548349736133,43.65563586660415,50,70,30,,
1753840800,1388.5,1391.45,1382.8,1384.05,,,,,,,1404.9505213035845,1343.0520546011785,0,0,1404.9594847624294,,,,,,5353,5110.3,-48.34711741548357,-42.463650197160554,-33.08003589293939,13.418639975680053,26.484857124314008,39.72045108764336,43.34760951510917,50,70,30,,
1753855200,1385.55,1397.65,1381.3,1393.75,,,,,,,1404.5112851740323,1343.5565117693259,0,0,1404.5111053719322,,,,,,4847,5150.7,-36.18337756591757,-41.93752195745404,-25.90391237605091,24.793957845468242,22.331100118896597,46.088008661104524,43.08643711549619,50,70,30,,
1753869600,1393.15,1407.5,1378.15,1380,,,1407.5,,,,1403.5500583044625,1343.9191335427654,0,0,1403.530661157055,,,,,,9377,5370.95,-47.52675782068981,-44.01908426736364,-26.52121786017979,21.25513205686039,19.822576626002895,39.68803570652062,42.139224596578444,50,70,30,,
1753884000,1380.05,1384.75,1342.65,1354.25,,,,,,,1401.6167226846796,1344.0219282338821,0,0,1401.5594347107728,,,,,,7986,5496.1,-68.66680246559007,-50.79231261739914,-29.032451696797523,19.73121881984512,21.926769574057914,31.0048506447758,41.17811578119512,50,70,30,,
1753898400,1354.15,1359.55,1284.2,1310.05,,,,1284.2,,,1398.025870814692,1343.6838990972267,0,0,1397.8990573223418,,,,,,14594,5891.8,-88.28321207976968,-68.15892412201651,-32.75805603108218,2.8386499109088397,14.60833359587145,22.076380621330983,39.96281276612691,50,70,30,,
1753912800,1315.8,1320.1,1300.6,1316.65,,,,,,,1394.8346601945082,1343.4149050763588,0,0,1394.649095029448,,,,,,8705,6006.5,-92.27350317244198,-83.0745059059339,-37.73148158124482,4.9336629880651905,9.16784390627305,25.525144187662974,38.98804396206318,50,70,30,,
1753927200,1316.5,1337.7,1316.05,1326.15,,,,,,,1392.141144108449,1343.2431149760964,0,0,1391.90913122827,,,,,,6845,6283.65,-88.76071036281482,-89.77247520500883,-37.82224797776393,16.63483756687644,8.135716821950156,30.306498663714734,38.217727863381256,50,70,30,,
1753941600,1325.9,1328.3,1304.35,1317.85,,,,,,,1389.2277659081176,1342.990447165389,0,0,1388.9467659791394,,,,,,8561,6465.8,-86.231419320569,-89.08854428527525,-37.51763229084105,25.911127625100544,15.826542726680723,28.580088399557695,37.06005966296147,50,70,30,,
1753956000,1317.65,1317.75,1295.25,1300.35,,,,,,,1385.7423633234855,1342.5661641090169,0,0,1385.4028953399738,,,,,,11121,6849.05,-86.50784581459168,-87.16665849932515,-38.16911782014481,25.643108557407288,22.729691249794758,25.306760986588586,35.78965825737545,50,70,30,,
1753970400,1300.25,1307,1284.75,1290.45,,,,,,,1382.0054078990352,1342.0475953119123,0,0,1381.6047795263748,,,,,,8008,6949.6,-86.15143347929414,-86.29689953815159,-39.9504051411386,16.277178612773763,22.6104715984272,23.656124977802605,34.59714516637981,50,70,30,,
1753984800,1290.55,1298.35,1288.85,1291.55,,,,,,,1378.4581370010337,1341.545131676968,0,0,1378.0025883453197,,,,,,2134,6568.45,-82.98598011256455,-85.21508646881678,-42.52723729680896,10.183993718030628,17.36809362940389,24.24735263329987,33.173712021965194,50,70,30,,
1753999200,1293.35,1303.1,1281.8,1290.25,,,,,,,1374.9989943735422,1341.0347323567992,0,0,1374.492484811507,,,,,,5945,6464.5,-78.97231778290117,-82.7032437915866,-42.834284450908626,8.367002145547875,11.609391492117423,24.010694943179345,31.66469378172153,50,70,30,,
1754013600,1290,1298.05,1280.5,1293.45,,,,,,,1371.8009945941876,1340.561252432851,0,0,1371.2507854190467,,,,,,4614,6630.7,-73.41380815685676,-78.45736868410748,-41.74584342265334,11.621584130529344,10.057526664702616,25.92718448941737,30.561647107139954,50,70,30,,
1754028000,1293.5,1294.7,1258.7,1270.5,,,,1258.7,,,1367.828406570886,1339.8641255429718,0,0,1367.2207540022848,,,,,,7852,6859.15,-74.25063251078531,-75.54558615018107,-49.63674484859146,8.43847896704837,9.475688414375199,21.70016367488101,29.13126711981993,50,70,30,,
1754042400,1270.25,1309.5,1268,1295.7,,,,,,,1364.999841607322,1339.4246815077183,0,0,1364.3599238421934,,,,,,10514,7164.5,-65.10832608203152,-70.92425558322452,-46.67145770631864,23.330883024900473,14.463648707492732,34.355651860157295,28.748067174999495,50,70,30,,
1754056800,1296.1,1315.1,1291.65,1306.15,,,,,,,1362.6920046815446,1339.0935901494327,0,0,1362.0315268885056,,,,,,7911,7167.85,-52.666601205741394,-64.00851993285274,-42.69020882913595,49.95804366017175,27.242468550706864,38.77489617411991,28.225701997357735,50,70,30,,
1754071200,1306.25,1318.8,1305.6,1312.95,,,,,,,1360.741337831288,1338.833454924065,0,0,1360.0682658129654,,,,,,1970,6884.65,-39.06056030632061,-52.27849586469784,-44.020257899126065,83.29137699350508,52.19343455952577,41.533170889419296,28.357497367564783,50,70,30,,
1754258400,1310.75,1322.8,1301.65,1306.7,,,,,,,1358.6220696810415,1338.5137190541739,0,0,1357.9335351804468,,,,,,6754,6890.4,-31.4360810674209,-41.05441419316096,-44.4217248421921,95.93665958876049,76.39536008081244,39.760158059551166,28.982876468620166,50,70,30,,
1754272800,1306.55,1313.6,1304.85,1307.9,,,,,,,1356.6329689092358,1338.2091049342318,0,0,1355.9321937732288,,,,,,4995,7087.15,-24.209825724338046,-31.568822366026506,-44.161673290010825,94.97351216935328,91.40051625053962,40.28723002755693,30.283651426207733,50,70,30,,
1754287200,1308.9,1322.65,1306.85,1309.4,,,,,,,1354.7806956186776,1337.9224471736923,0,0,1354.0709060222996,,,,,,5363,7172.45,-17.018459584524955,-24.221455458761287,-39.24589203324108,94.03660069661821,94.98225748491068,40.98235464675149,31.3877378875712,50,70,30,,
1754301600,1308.25,1341.1,1302.25,1335.9,,,,,,,1354.040276182651,1337.9023233212176,0,0,1353.3440697814076,,,,,,7810,7295.3,4.848377864798621,-12.126635814688115,-38.571200541550056,96.98359502895484,95.33123596497546,51.68349907975569,32.91466648871698,50,70,30,,
1754316000,1335.85,1352.85,1323.35,1326.05,,,1352.85,,,,1352.9426182931354,1337.7843897558323,0,0,1352.2523069901513,,,,,,6821,7394,13.36978287542736,0.39990038523368493,-35.64331652195891,95.24415656286938,95.42145076281416,48.186100198831554,34.31509590295082,50,70,30,,
1754330400,1326.15,1329.1,1322.55,1326.05,,,,,,,1351.8880058110517,1337.6676296587593,0,0,1351.2042147105453,,,,,,1194,6984.85,19.16180566136071,12.459988800528906,-38.81213191686895,92.36213607120895,94.86329588767774,48.18610019883156,35.949334418111036,50,70,30,,
1754344800,1325.1,1336.05,1322.35,1325.85,,,,,,,1350.8669075439516,1337.5500413039458,0,0,1350.1900461221235,,,,,,3770,6774.05,22.88908773033461,18.47355875570757,-38.795412948045204,88.4591541420484,92.02181559204224,48.109437047925866,37.69599956597699,50,70,30,,
1754359200,1326,1331.8,1319,1326.95,,,,,,,1349.9289896010516,1337.4445682561454,0,0,1349.2604442772385,,,,,,3745,6231.6,26.077708589586358,22.70953399376057,-38.033254953164096,88.90078961139358,89.90735994155033,48.593862808163585,39.435036007038676,50,70,30,,
1754373600,1327,1333,1305.9,1308.9,,,,,,,1348.3200096166966,1337.1605427013578,0,0,1347.646026506149,,,,,,5390,6065.85,12.395034810499276,20.45394371014009,-36.67252841055075,81.75945085280661,86.37313153541619,41.71250251050892,40.69945083327651,50,70,30,,
1754388000,1308.7,1319.75,1302.75,1307.6,,,,,,,1346.7231464944732,1336.8664079481105,0,0,1346.044185445903,,,,,,6274,6037.3,1.4095223004276125,13.294088566837758,-36.07323314527317,74.19961358798237,81.61995135072752,41.25932760823648,41.794603913192155,50,70,30,,
1754402400,1309.2,1321.9,1309.2,1317.25,,,,,,,1345.5673368280234,1336.6712198093232,0,0,1344.892418028067,,,,,,5929,5905.7,2.472664103695246,5.425740404874053,-32.35287571516322,66.47646873430575,74.14517772503159,45.953269164701766,43.5269685910365,50,70,30,,
1754416800,1317.15,1318.85,1313.35,1318.75,,,,,,,1344.5156765602578,1336.4928992142056,0,0,1343.8467213069443,,,,,,1010,5400.15,5.147357601731853,3.0098480019515796,-33.67356912130391,64.3068441930713,68.32764217178648,46.666690231526104,44.406328474705695,50,70,30,,
1754431200,1315.55,1319.6,1308.6,1311.7,,,,,,,1343.228787283385,1336.2462036996365,0,0,1342.5608524546665,,,,,,3244,5161.95,-2.4311143075732478,1.729635799284626,-33.260708089287405,53.30232508529039,61.36187933755582,43.74403314235703,44.761266829579775,50,70,30,,
1754445600,1311.85,1320.1,1309.1,1315.65,,,,,,,1342.1472662134483,1336.0412663493912,0,0,1341.4844183564799,,,,,,3947,5252.6,-2.2335543981161115,0.1608962986808402,-28.424660196142895,47.691335478280656,55.100168252214125,45.792472555658776,45.065502662882594,50,70,30,,
1754460000,1315.6,1332.4,1314.9,1321.2,,,,,,,1341.3258047933132,1335.8935920573574,0,0,1340.6730416222206,,,,,,4979,5204.3,7.431434975136923,0.9222554231491967,-30.04466952376866,51.620403714526,50.87135475936569,48.62322530558767,45.69857889474235,50,70,30,,
1754474400,1321,1335.7,1310.95,1333.55,,,,,,,1341.0208712720068,1335.8702727334037,0,0,1340.3881199573318,,,,,,6418,5294.5,27.318639000515873,10.838839859178904,-30.28564429668934,74.0877420162917,57.799827069699454,54.33749495751228,46.702169246882015,50,70,30,,
1754488800,1333.4,1339.45,1321.25,1334.15,,,,,,,1340.7514253397712,1335.8531555917777,0,0,1340.1385951590385,,,,,,6056,5204.7,38.4982822771435,24.41611875093211,-26.523651441858917,90.79917297202842,72.16910623428204,54.60167662911665,47.6749779599081,50,70,30,,
1754503200,1334.35,1341,1329.2,1332.95,,,,,,,1340.4454870911527,1335.8242684714617,0,0,1339.851051352677,,,,,,1874,4772.7,43.406909727676876,36.40794366844543,-24.19133023723927,98.32567894209637,87.73753131013882,53.9296519118169,47.83541744791247,50,70,30,,
1754517600,1331.05,1340.45,1330.05,1330.9,,,,,,,1340.0711542640486,1335.7752707752281,0,0,1339.4930092985699,,,,,,2987,4526.5,43.687432717513616,41.864208240778005,-23.275939596135373,93.67197291027169,94.26560827479882,52.73555362223483,48.16037840672699,50,70,30,,
1754532000,1330.8,1332.05,1315.15,1317.35,,,,,,,1339.180128606635,1335.591934747614,0,0,1338.607288926627,,,,,,3389,4597.45,26.66084390857162,37.91839545125405,-27.24254807585342,70.99417769481109,87.66394318239306,45.5555613165156,47.97248277227585,50,70,30,,
1754546400,1318.65,1340.3,1308.3,1325.15,,1308.3,,,,,1338.629927484806,1335.488034899379,0,0,1338.0689973695619,,,,,,9443,4731.9,23.646387387302006,31.331554671129094,-18.46733309681477,60.597780303885436,75.08797696965608,49.79319169960858,48.09275096168176,50,70,30,,
1754560800,1325.45,1344.75,1315.7,1328.75,,,,,,,1338.242479348147,1335.4209897760022,0,0,1337.6962374747793,,,,,,11494,5056.85,26.57730624151655,25.62817917913007,-9.414589236223904,57.841186385614016,63.14438146143686,51.66318545824011,48.31198829383009,50,70,30,,
1754575200,1328.7,1338.7,1319.6,1336,,,,,,,1338.154538981553,1335.4267510717634,0,0,1337.6283879757882,,,,,,9344,5255.9,37.24519370950634,29.15629577944163,1.4172362438265935,80.51898160107463,66.31931609685803,55.27594383503984,49.280805531296586,50,70,30,,
1754589600,1335.85,1338.75,1329.4,1337.4,,,,,,,1338.1249492175707,1335.4463853894574,0,0,1337.6192524567566,,,,,,2223,4976.55,44.38922553416138,36.070575161728094,6.734888394558254,92.58970004990393,76.98328934553088,55.96045172498916,50.33088582535034,50,70,30,,
1754604000,1337.95,1350.3,1321.65,1324.05,,,1350.3,,,,1337.5729904247248,1335.3329885199105,0,0,1337.0764823584864,,,,,,7273,4999.15,30.017826675994826,37.21741530655418,-0.017402478316029146,79.1653977171044,84.091359789361,48.35966613844575,50.50277132347491,50,70,30,,
1754618400,1323.95,1326.2,1321.95,1323.75,,,,,,,1337.0309123688533,1335.217734902797,0,0,1336.543423064147,,,,,,5415,5210.2,18.432494064639016,30.946515424931743,1.4954789430410358,57.89398305134042,76.54969360611626,48.20122788582272,50.612381155924666,50,70,30,,
1754632800,1323.9,1339.4,1321.2,1333.5,,,,,,,1336.8924452171336,1335.200643013217,0,0,1336.4216861415812,,,,,,8762,5459.8,24.85535135622648,24.435224032286772,11.132359966058047,50.066405060161856,62.375261942868896,53.529893434928674,51.31137117682265,50,70,30,,
1754647200,1333.6,1341.3,1316.55,1331,,,,,,,1336.6613689341089,1335.1588455702993,0,0,1336.204818695918,,,,,,12315,5888.3,25.13562089822326,22.80782210636292,8.47850554850693,58.33042570516065,55.430271272220985,52.05129377184053,51.75842983512134,50,70,30,,
1754661600,1330.7,1336.6,1322.15,1329.5,,,,,,,1336.3805309366928,1335.1025386492017,0,0,1335.9366259480812,,,,,,8932,6065.4,22.05055714379281,24.013843132747514,4.76000942925522,64.09847834909179,57.498436371471435,51.13857128929116,51.938097405385875,50,70,30,,
1754676000,1329.95,1338.65,1324.55,1326.7,,,,,,,1336.0009022725087,1335.0189312994585,0,0,1335.567160910158,,,,,,4271,5965.25,12.635687954611019,19.940621998875695,9.412113230606735,50.81794671424279,57.74895025616508,49.39731763086329,51.58522759633952,50,70,30,,
1754863200,1328.75,1335.1,1312.35,1323.95,,,,,,,1335.5283178696652,1334.9087926795635,0,0,1335.1024744737517,,,,,,7111,6024.35,-0.4677876018197473,11.40615249886136,7.956068183407865,36.74142347491388,50.552616179416155,47.68015871323349,51.090833459490725,50,70,30,,
1754877600,1324.05,1327.55,1318.1,1322.1,,,,,,,1335.001717168894,1334.781342006135,0,0,1334.5823754948017,,,,,,6600,6303.85,-12.925791662102116,-0.25263043643694694,8.391536247767391,21.81315750814356,36.45750923243342,46.50886297465382,50.56077710683622,50,70,30,,
1754892000,1322,1324.35,1304.7,1315.8,,,,,,,1334.2487086524668,1334.592472931447,0,0,1333.8310804750097,,,,,,7447,6514,-29.85284477589567,-14.415474679939178,0.42569020615266595,9.587933800837787,22.71417159463175,42.66511182077415,49.84145983530332,50,70,30,,
1754906400,1315.6,1329.7,1302.55,1325.05,,,,1302.55,,,1333.8879749798211,1334.4975229520296,0,0,1333.4798372560092,,,,,,8929,6763.1,-24.005132257731947,-22.26125623190991,0.9758872679513928,19.522530479147182,16.974540596042843,49.29162547554185,50.10832156094805,50,70,30,,
1754920800,1325.15,1337.05,1318.05,1329.9,,,,,,,1333.7315838041418,1334.4517764549944,0,0,1333.336643765769,,,,,,7413,6884.8,-9.208837977423803,-21.022271670350474,3.2760910341042404,40.98982767827384,23.36676398608627,52.39814907071597,50.29438994459857,50,70,30,,
1754935200,1330.15,1331.25,1319.3,1323.05,,,,,,,1333.3126981647638,1334.3383259430043,0,0,1332.9251780151383,,,,,,1156,6621.7,-13.767274288891258,-15.660414841349002,6.066592538637664,54.184150373510256,38.23216951031043,47.931804144957425,50.027862707935526,50,70,30,,
1754949600,1323.45,1338.7,1322.8,1335.15,,,,,,,1333.384749217126,1334.3464023017805,0,0,1333.0141708945328,,,,,,3988,6518.3,6.825283033154392,-5.383609744386889,10.27375480293918,68.86885306705366,54.680943706279244,55.196648269001074,50.022198738932765,50,70,30,,
1754964000,1335.4,1336.2,1328.85,1331.55,,,,,,,1333.3127982674348,1334.3185774032554,0,0,1332.9556040587515,,,,,,3921,6620.65,14.270649690123705,2.442886144795614,6.066738824317611,71.57231601311021,64.87510648455803,52.834676840407376,49.798929104319775,50,70,30,,
1754978400,1331.65,1346.8,1320.45,1340.9,,,,,,,1333.6103355902806,1334.384064195263,0,0,1333.2733798964014,,,,,,5575,6750.05,31.37906047686231,17.491664400046805,5.241918227615031,91.71132665120713,77.38416524379032,57.87642293296344,50.478697446785326,50,70,30,,
1754992800,1341.05,1344.35,1319.1,1326.85,,,,,,,1333.3452243906618,1334.3090983823747,0,0,1333.0164447005452,,,,,,8846,7022.9,20.388476819256063,22.012728995414026,-2.265876219736157,75.05945537337381,79.44769934589704,49.341159935660556,50.56012116463088,50,70,30,,
1755007200,1327.05,1345.8,1321.95,1341.55,,,,,,,1333.6669802969104,1334.3811471546894,0,0,1333.3577869125234,,,,,,7322,6916.85,33.65120343613309,28.472913577417156,1.5192729926446589,78.43294884730824,81.73457695729638,56.55947715155797,50.77652000153297,50,70,30,,
1755021600,1341.65,1343.55,1336.9,1341.85,,,,,,,1333.9878830303649,1334.4554640984238,0,0,1333.6974754360224,,,,,,890,6386.65,41.19913686770058,31.746272374363244,0.33420340137887194,75.8408154196846,76.44440654678887,56.69509175183741,51.10821985724704,50,70,30,,
1755036000,1338.05,1343.45,1337.45,1341.55,,,,,,,1334.2844366370173,1334.5260564954544,0,0,1334.0115764185814,,,,,,2833,6061.1,44.736659528085276,39.86233327730631,3.3611536675468585,91.51471966361252,81.92949464353512,56.50512224004374,51.491544925157946,50,70,30,,
1755050400,1341.65,1344.85,1335.1,1339.95,,,,,,,1334.5066155924283,1334.5800260825642,0,0,1334.2491133618382,,,,,,3046,6102.25,44.18183793520431,43.372544776996726,4.495216420639707,89.07111096479031,85.47554868269582,55.438204318611454,51.92303683142568,50,70,30,,
1755064800,1340.2,1353.05,1340.2,1347.6,,,,,,,1335.0200816476272,1334.7095780618422,0,0,1334.7831488273646,,,,,,6466,6061.9,51.902194947944416,46.94023080374467,10.438642365156554,91.66324439241396,90.7496916736056,59.38674921255651,52.7592218670916,50,70,30,,
1755079200,1347.5,1358.2,1327.35,1336.6,1358.2,,,,,,1335.0820392300732,1334.7283882303811,0,0,1334.85582287427,,,,,,7714,6176.85,40.70892999759403,45.597654293580916,3.919281128292809,80.43742582149241,87.0572603928989,52.22137852796719,53.167258692328275,50,70,30,,
1755093600,1336.5,1341.35,1329.6,1337.85,,,,,,,1335.1905867112469,1334.7594490440092,0,0,1334.9755899592992,,,,,,3885,5933,33.63946120939675,42.08352871831173,1.5834893719220275,66.9670108073778,79.68922700709471,52.916593312370004,53.89950737029941,50,70,30,,
1755108000,1337.95,1344.6,1336.85,1343.3,,,,,,,1335.5086029186489,1334.8444296505365,0,0,1335.3085663609272,,,,,,793,5356.9,38.193888505200306,37.51409323739703,3.523323374388454,56.93159321256484,68.11200994714501,55.92767487689087,54.3735108989672,50,70,30,,
1755122400,1341.3,1344.75,1334.15,1337.6,,,,,,,1335.5906184904666,1334.871848260979,0,0,1335.4002237064901,,,,,,2758,5048.2,28.741334558649385,33.52489475774881,0.4699036458294188,50.17448893737415,58.02436431910561,52.16984411465847,54.357203402105945,50,70,30,,
1755136800,1337.7,1341.2,1330.6,1333.6,,,,,,,1335.5125550202522,1334.859193054402,0,0,1335.3282147582306,,,,,,2479,4958.6,12.922670590641347,26.619297884830345,-2.935752420122327,36.64877158512103,47.918284578353344,49.6487525849117,54.4798425763884,50,70,30,,
1755151200,1333.65,1352.8,1330.25,1350.45,,,,,,,1336.0983371763207,1335.014325461821,0,0,1335.9330861679014,,,,,,5368,4871.45,31.367798991274803,24.343934713521843,-3.30792404165976,44.41053036075661,43.744596961083936,58.7023129292801,54.73024719497975,50,70,30,,
1755165600,1350.35,1357.25,1339.85,1345.5,,,,,,,1336.467029836073,1335.1186605318526,0,0,1336.3157627211854,,,,,,6942,4888.55,35.19703978105672,26.49583645432429,-2.949291843653228,52.67591085268804,44.578404266188564,55.542753357904076,54.9236812319438,50,70,30,,
1755180000,1345.4,1356.75,1344.3,1355.1,,,,,,,1337.1977345483838,1335.317479830043,0,0,1337.067132212338,,,,,,4860,4759.2,48.24440150067085,38.26974675766746,-1.5465999615953905,85.00302628736348,60.696489166936054,60.035355933685864,55.07789073199541,50,70,30,,
1755194400,1355,1355.85,1352.25,1353.3,,,,,,,1337.8291959386431,1335.496410378998,0,0,1337.7164469238446,,,,,,785,4352,52.68536282874247,45.37560137015669,0.2694357846135631,83.44890458139388,73.70928057381514,58.834818210570305,55.75600918020324,50,70,30,,
1755208800,1351.15,1355.35,1344.55,1353.05,,,,,,,1338.426090215559,1335.6710729622916,0,0,1338.329789046891,,,,,,2818,4122.25,53.9460394188427,51.62526791608534,0.4929900676650334,91.78444372299565,86.74545819725101,58.65936623021263,55.906001257250004,50,70,30,,
1755223200,1353.15,1366.9,1351.05,1364.75,,,,,,,1339.4584004031842,1335.9604155198808,0,0,1339.3865974850153,,,,,,3019,4215.4,64.04542500037942,56.89227574932153,-2.256315821512146,91.78444372299565,89.00593067579507,64.06094861973385,56.432133890671196,50,70,30,,
1755237600,1365.8,1369.45,1339.6,1345.75,1369.45,,,,,,1339.7051297991377,1336.057824320678,0,0,1339.6411335856146,,,,,,5085,4270.25,48.2212006953975,55.4042217048732,-10.425745439111452,68.1079938528131,83.89229376626814,52.145438923252094,56.1207279394718,50,70,30,,
1755252000,1345.65,1345.95,1325.9,1331.3,,,,,,,1339.375516865838,1336.010482785149,0,0,1339.30748824219,,,,,,6840,4416.2,23.07135937511338,45.11266169029676,-18.71679147606939,39.162436271337114,66.35162461571528,45.251724026431994,55.393122204316114,50,70,30,,
1755266400,1330.6,1341.5,1330.1,1335.4,,,,,,,1339.2196142436485,1336.0044083295754,0,0,1339.1511887125023,,,,,,4364,4355.65,9.260728413996691,26.85109616150252,-17.458959023071813,9.64053869562832,38.97032293992618,47.37746079385302,54.53531588869445,50,70,30,,
1755280800,1335.5,1341.45,1333,1334,,,,,,,1339.0149234889957,1335.984463968087,0,0,1338.9451411640023,,,,,,1092,3967.95,-1.8459158711840136,10.16205730597535,-13.511136222133686,6.427585746562745,18.41018690450939,46.71052708764334,54.14168364295703,50,70,30,,
1755468000,1333.25,1350.45,1328.9,1349.6,,,,,,,1339.430024528643,1336.119941938554,0,0,1339.3713355174423,,,,,,4201,3811.9,6.262536267230271,4.559116270014315,-8.488493976880264,22.761139019068608,12.943087820419896,54.411527897042085,54.248464684719316,50,70,30,,
1755482400,1349.5,1349.8,1335.65,1338.45,,,,,,,1339.3915921941864,1336.1431265958818,0,0,1339.3344820967445,,,,,,4072,3971,-0.46693404544367834,1.3165621168675257,-15.467150017476868,25.58968447148867,18.259469745706678,48.96492412307182,53.751125345160816,50,70,30,,
1755496800,1338.5,1341.9,1327.85,1330.55,,,,,,,1339.044863088532,1336.0874735949278,0,0,1338.9831028128747,,,,,,4847,4071.7,-13.175760278807417,-2.4600526856736087,-11.80908343991372,23.38716935104922,23.912664280535505,45.490428295753354,53.274024215239024,50,70,30,,
1755511200,1330.65,1337.95,1324.25,1332.05,,,,,,,1338.770554732119,1336.0472997283116,0,0,1338.7057787003596,,,,,,5688,4203.8,-20.052663754328464,-11.231786026193186,-9.920923355009634,8.866784042075246,19.281212621537716,46.27002889938709,53.03268680913012,50,70,30,,
1755525600,1332.15,1342.45,1329.4,1330.2,,,,,,,1338.4344545465458,1335.9891176414628,0,0,1338.365547552345,,,,,,4000,4080.5,-26.33409904295328,-19.854174358696387,-10.16008126813827,2.4911478684207093,11.581700420515062,45.40746396928472,52.08305474055902,50,70,30,,
1755540000,1330.1,1334.75,1329.15,1330.05,,,,,,,1338.1056524074656,1335.930021943538,0,0,1338.0329256502514,,,,,,710,3730.3,-30.35345281074359,-25.58007186934178,-6.518211413248878,2.2092758323823136,4.522402580959426,45.333670636520296,51.35383454617447,50,70,30,,
1755554400,1327.75,1332.65,1325.8,1326.8,,,,,,,1337.6622934895258,1335.83917595405,0,0,1337.5836086242414,,,,,,3009,3686.5,-35.99217555773931,-30.893242470478725,-4.404386059851433,0.3961078688504287,1.6988438565511537,43.67742888421854,50.18541118549823,50,70,30,,
1755568800,1326.75,1329.5,1322.15,1324.65,,,,,,,1337.1520074703287,1335.72784086993,0,0,1337.0662642792718,,,,,,3168,3805.25,-41.14193412761327,-35.82918749869872,-1.769827919855075,0.13176283246035744,0.9123821778977029,42.569427170534894,49.02359753978141,50,70,30,,
1755583200,1324.7,1347.55,1324.55,1345.4,,,,,,,1337.4754581577668,1335.824081259284,0,0,1337.3996137081008,,,,,,4583,3896.5,-20.52979114921735,-32.55463361152331,-4.202932482709173,18.710036699726377,6.412635800345721,54.552270534729416,48.73023356153261,50,70,30,,
1755597600,1345.25,1348.55,1337.2,1338.95,,,1348.55,,,,1337.5332833280504,1335.8551849283458,0,0,1337.4616291597767,,,,,,4810,4013.05,-12.211534591119918,-24.627753289316846,-5.881190687998085,42.1889427695859,20.343580767257546,50.990757830703686,47.796648505173316,50,70,30,,
1755612000,1339.15,1341.55,1297.75,1299.35,,,,,,,1336.0358996681268,1335.491949257417,0,0,1335.9371639933856,,,,,,5654,4027.35,-36.593884929410784,-23.111736889916017,-8.78117171704858,42.1889427695859,34.36264074629939,35.61652718041074,46.61601195211322,50,70,30,,
1755626400,1299.25,1318.9,1296.6,1307.8,,,,1296.6,,,1334.9286094850631,1335.2164074737611,0,0,1334.8116774336502,,,,,,1794,3769.95,-44.6053193561656,-31.136912958898773,-12.431294188365513,30.930675837928458,38.43618712570009,39.788375201010396,46.22577275029739,50,70,30,,
1755640800,1308.4,1314.7,1300.65,1303.35,,,,,,,1333.6902326425115,1334.8993287924302,0,0,1333.5532103363041,,,,,,4131,3733.5,-50.70703089832672,-43.968745061301036,-12.5403113542435,12.398935207529162,28.506184605014507,38.37803213482944,45.58295641750999,50,70,30,,
1755655200,1303.15,1316.85,1302.05,1316.8,,,,,,,1333.0278705780993,1334.7192359686248,0,0,1332.883081922852,,,,,,3681,3878.3,-45.284119051683405,-46.86548976872524,-13.8129989029472,28.637168945905575,23.988926663787733,44.75229227184588,45.44308250209588,50,70,30,,
1755669600,1316.9,1321.9,1311.25,1316.85,,,,,,,1332.3934442809189,1334.5414326256534,0,0,1332.2417586459378,,,,,,4350,3954.9,-40.54769058058666,-45.51294684353226,-5.131806291934055,37.463870834917145,26.166658329450627,44.77516200377665,44.75477065257693,50,70,30,,
1755684000,1316.95,1338.05,1316.7,1331.2,,,,,,,1332.3466425444121,1334.508184539826,0,0,1332.2000883001003,,,,,,6498,4128.85,-23.50368433681409,-36.445164656361385,-5.597903549339108,59.752768715315256,41.951269498712655,51.039296068062065,44.90294007721909,50,70,30,,
1755698400,1330.95,1342.4,1330,1331.6,,,,,,,1332.3173624446313,1334.4792473802258,0,0,1332.1760847680964,,,,,,5147,4131.95,-10.665898980704345,-24.90575796603503,-2.7628900630067506,71.0395181277608,56.0853858926644,51.205442397745315,45.311155370218515,50,70,30,,
1755712800,1331.55,1340.25,1331.55,1333.9,,,,,,,1332.3794266624889,1334.4734837247013,0,0,1332.2450413773727,,,,,,1292,3854.55,0.5696803158037529,-11.199967667238226,-3.7220722790068095,84.03072657256888,71.60767113854831,52.20967793055988,45.73541601530229,50,70,30,,
1755727200,1332.9,1337.4,1330.75,1334.6,,,,,,,1332.4665079698423,1334.4747425931123,0,0,1332.3392397222779,,,,,,2620,3767.35,9.123622373900504,-0.3241987636666952,-3.3748101929355983,86.6200977412834,80.5634474805377,52.529891191758885,46.24416081690759,50,70,30,,
1755741600,1334.4,1337.55,1330.6,1331.2,,,,,,,1332.4168409906329,1334.4421580896983,0,0,1332.2936701333867,,,,,,2900,3857.75,11.95131479135151,7.214872493685253,-9.763602931575093,85.82614087960629,85.49232173115286,50.75115774831738,46.63112418203595,50,70,30,,
1755756000,1331.1,1333.75,1318.25,1325.8,,,,,,,1332.157357030216,1334.3561664669153,0,0,1332.0339233280513,,,,,,3890,3842.2,7.181566319283894,9.418834494845301,-7.175631310830738,78.43722284501617,83.62782048863528,47.97273470687072,46.93793174079682,50,70,30,,
1755770400,1325.65,1338.75,1315.2,1334.6,,1315.2,,,,,1332.2531469505996,1334.3585926712246,0,0,1332.1365663949293,,,,,,7873,4032.25,15.246422010596879,11.459767707077425,0.9885435838124152,78.43411244997795,80.89915872486681,52.53326527421723,47.649634462488414,50,70,30,,
1755784800,1335.55,1358.3,1333.2,1348.55,,,,,,,1332.8922392270467,1334.4998007043469,0,0,1332.7931037391322,,,,,,7610,4170.4,32.64664824079569,18.35821219022549,5.215574337332583,85.03641949416642,80.63591826305351,58.71181298079878,47.94674463720766,50,70,30,,
1755799200,1348.65,1352.1,1347.35,1350.9,,,,,,,1333.5984259240254,1334.6629867669901,0,0,1333.5173795895669,,,,,,1182,3945.1,43.366877981129754,30.41998274417411,7.96210550927178,96.48899076020132,86.6531742347819,59.664312679194126,48.56628426924268,50,70,30,,
1755813600,1347.8,1350.85,1340.55,1342.05,,,,,,,1333.9298602015147,1334.736489386224,0,0,1333.8586844059841,,,,,,2707,3880.45,42.10816490778786,39.37389704323777,7.720162076034015,92.11058886234389,91.21199970557056,54.55961074443699,49.919361666673126,50,70,30,,
1755828000,1342.15,1344.85,1336.65,1341.65,,,,,,,1334.2326107818474,1334.8052805366099,0,0,1334.1703370297448,,,,,,3757,4032.8,40.12211354659204,41.86571881183655,1.730839874581875,83.86990258631624,90.82316073628715,54.333342517515824,50.95828790356638,50,70,30,,
1755842400,1341.8,1347.65,1334.05,1336.05,,,,,,,1334.303880947265,1334.8176658049024,0,0,1334.245523548555,,,,,,4271,4095.9,30.825030953683722,37.685103136021205,-5.8211890652674185,64.89206838385023,80.29085327750347,51.13598184647719,51.86957002582693,50,70,30,,
1755856800,1335.95,1341.45,1327.15,1336.5,,,,,,,1334.3900032630586,1334.8344054486347,0,0,1334.3357026066128,,,,,,5834,4229.2,23.801990224305275,31.58304490819368,-12.973816338770405,54.32885015376936,67.6969403746453,51.3835629550456,52.34323221748405,50,70,30,,
1755871200,1337.6,1384.35,1337.6,1361.6,1384.35,,,,,,1335.457061958625,1335.100729772529,0,0,1335.4262745023484,,,,,,11392,4569.65,44.62502415511837,33.08401511103579,-5.617480399369612,62.569536429797004,60.59681832247222,62.72747863906489,53.62554054857607,50,70,30,,
1755885600,1361.7,1362.8,1353.05,1353.8,,,,,,,1336.1763928622083,1335.286792162852,0,0,1336.1612235222544,,,,,,1416,4399.95,49.07008427223091,39.165699550551516,-4.762585820758673,71.36581495207683,62.754733845214425,58.18399504205342,54.135876189575455,50,70,30,,
1756072800,1353.25,1362.55,1345.05,1347.8,,,,,,,1336.6322205931021,1335.4113016935698,0,0,1336.6267745813643,,,,,,3477,4291.1,45.08922733757572,46.261445254975,-8.974579834937472,72.20591424773923,68.71375520987105,54.890409589055615,54.3990881318119,50,70,30,,
1756087200,1347.95,1355.05,1346.6,1353,,,,,,,1337.2740942953335,1335.586313617017,0,0,1337.2817035981097,,,,,,3158,4359.3,47.27937258104194,47.146228063616185,-7.7364148425912305,59.70338630040146,67.75837183340586,57.15407234292642,54.75225916126665,50,70,30,,
1756101600,1353.1,1360.25,1348.7,1349.9,,,,,,,1337.7692278523793,1335.728738357146,0,0,1337.7864354541853,,,,,,3261,4315.8,44.152312341300586,45.506970753306085,-1.19947113207526,53.35590157228588,61.755067373475555,55.37020718348008,54.955138874961015,50,70,30,,
1756116000,1350,1355.7,1336.25,1347,,,,,,,1338.1312189169919,1335.840890214289,0,0,1338.1549780360178,,,,,,5737,4418.6,36.55836065418258,42.66334852550836,-7.892962085758725,50.61895870497338,54.55941552588694,53.68223072665032,55.16450123055623,50,70,30,,
1756130400,1347.1,1355.7,1337.7,1341.9,,,,,,,1338.2790142535805,1335.901179863898,0,0,1338.3047789145771,,,,,,5411,4471.65,21.516568099872366,34.07574703178518,-12.039250334577659,29.788153318977816,44.58767119874572,50.752009943226575,55.363020890295935,50,70,30,,
1756144800,1341.8,1343.85,1339.85,1342.7,,,,,,,1338.452386243636,1335.968829815501,0,0,1338.480587757994,,,,,,1022,4197.85,11.512200077544264,23.195709610533072,-15.506276570156146,14.24580107653488,31.550971033495387,51.201972680571224,55.26792856217836,50,70,30,,
1756159200,1342,1351.9,1339.4,1345.65,,,,,,,1338.7346456066307,1336.0651598670881,0,0,1338.7673642476743,,,,,,3457,4113.35,9.932626196167455,14.320464791194697,-10.626335646118065,7.309520154220448,17.114491516577747,52.91052620806355,54.853550935554416,50,70,30,,
1756173600,1345.75,1347.8,1341.4,1342.15,,,,,,,1338.8685810730374,1336.1257055400524,0,0,1338.9026696777673,,,,,,1772,4137.35,0.04811651361566227,7.16431426244246,-8.723432803058657,7.309520154220446,9.621613794991957,50.64487756221156,54.20930557005566,50,70,30,,
1756188000,1342,1344.6,1324.85,1333.85,,1324.85,,,,,1338.671773972134,1336.103061703833,0,0,1338.7005628906566,,,,,,3894,4201.05,-20.259843518307868,-3.4263669361749174,-7.611751758516604,6.047579471631834,6.888873260024275,45.65247560662439,53.57308163164048,50,70,30,,
1756202400,1334.05,1348,1333.2,1344.5,,,,,,,1338.9003318555797,1336.1866133286705,0,0,1338.9325403750304,,,,,,5497,4330.9,-13.292894086545587,-11.168207030412598,-6.532734501611344,12.801185266395189,8.719428297415854,52.167991855996846,53.41841372724626,50,70,30,,
1756216800,1344.45,1350.55,1340.5,1341.7,,,,,,,1339.010122763204,1336.2414728975396,0,0,1339.0432387600292,,,,,,4747,4373.75,-14.599373397422776,-16.05070366742541,-3.093817726310718,22.244387920686652,13.69771755290459,50.455339158767345,53.369796392409846,50,70,30,,
1756231200,1341.6,1351.8,1340.1,1351.6,,,,,,,1339.5038434391568,1336.3942940627383,0,0,1339.545509209628,,,,,,915,4025.85,5.490050960835548,-7.4674055077109385,-0.4855710067267722,42.44900835012121,25.831527179067717,55.96049321281006,53.69671998225016,50,70,30,,
1756245600,1352.8,1355.8,1348.65,1355.5,,,,,,,1340.1311436964447,1336.5844005894771,0,0,1340.1836888412429,,,,,,1622,3726.45,22.63322258253963,4.507966715317467,2.7424380865961524,62.31877980756053,42.337392026122835,57.94304499058472,53.35497472164444,50,70,30,,
1756260000,1355.4,1358.05,1346.95,1349.2,,,1358.05,,,,1340.4867851201136,1336.7099289418206,0,0,1340.5443412875932,,,,,,1842,3759.45,23.75530734806854,17.292860297147907,-1.4203386458135299,74.84867096899757,59.87215304222644,53.734823908093965,53.037176783504485,50,70,30,,
1756274400,1349.15,1351.45,1338.6,1341.8,,,,,,,1340.5382837428542,1336.7605764150364,0,0,1340.5945676360896,,,,,,2748,3761.5,9.937343435437791,18.77529112201532,-6.542965751341711,64.33988624968808,67.16911234208206,49.21357895959261,52.631688881399974,50,70,30,,
1756288800,1341.95,1347,1333.5,1343.6,,,,,,,1340.658351047056,1336.828630381056,0,0,1340.714784930646,,,,,,6562,3901.75,3.0765811163014805,12.25641063326927,-7.158002272255914,44.34294014386341,61.177165787516344,50.308813278703795,52.142741805384084,50,70,30,,
1756303200,1343.65,1348.9,1339.2,1347.2,,,,,,,1340.9148863001126,1336.931828088707,0,0,1340.97419353342,,,,,,5812,3978.8,6.403757486889749,6.4725606795430055,-2.084194066246951,41.03005763302386,49.904294675525115,52.51445778002728,51.93875970513745,50,70,30,,
1756317600,1347.3,1349.85,1345.05,1345.5,,,,,,,1341.0946946805004,1337.0170835306105,0,0,1341.1552257920832,,,,,,920,3733.1,4.096612426364796,4.525650343185341,1.3352714560032837,46.84785908887337,44.073618955253544,51.35522177923344,51.77254478032196,50,70,30,,
1756332000,1344.2,1346.7,1339.65,1341.75,,,,,,,1341.120392928324,1337.0641772268234,0,0,1341.1790167604,,,,,,2229,3274.95,-8.244253332974763,0.75203886009326,-2.588804098580013,42.727044598224666,43.5349871067073,48.796356622812276,51.63285525743522,50,70,30,,
1756346400,1341.6,1347.75,1340.75,1345.95,,,,,,,1341.309789284076,1337.15259337382,0,0,1341.3698560899838,,,,,,1745,3291.4,-3.914168478220291,-2.6872697949434197,-4.218150452976232,40.50905960537472,43.36132109749092,51.699176150725194,51.668369791017646,50,70,30,,
1756360800,1346.95,1358.3,1345.6,1348.55,,,,,,,1341.593719116073,1337.2660004049264,0,0,1341.6570618463845,,,,,,3006,3267.85,7.655829880150766,-1.5008639770147632,-6.505692073721264,46.20691333750938,43.14767251370292,53.458197504636544,51.70748916934429,50,70,30,,
1756375200,1348.45,1349.9,1339.7,1345.3,,,,,,,1341.7390634644623,1337.3459406994048,0,0,1341.8027793725291,,,,,,5878,3403.85,4.177469936988761,2.639710446306412,-14.433295080185957,52.085365157199355,46.267112700027816,50.95992367549721,51.7299924631504,50,70,30,,
1756389600,1344.9,1361,1343.85,1358.55,,,,,,,1342.3983158776207,1337.5569263640873,0,0,1342.4726681976279,,,,,,4581,3469.85,31.766523323111063,14.533274380083531,-11.842002951736276,68.9764721784937,55.756250224400816,59.3090456166377,52.70546174957993,50,70,30,,
1756404000,1358.65,1361.95,1358.15,1358.85,,,,,,,1343.0434799608513,1337.7687977435492,0,0,1343.1277614697228,,,,,,955,3230.75,45.42826998774226,27.124087749280694,-9.396417924671951,81.09831461371782,67.3867173164703,59.477265940939674,53.227552755647274,50,70,30,,
1756418400,1356.8,1358.35,1350.65,1351.95,,,,,,,1343.3927552565042,1337.9099042336632,0,0,1343.480651010934,,,,,,1461,3033.25,41.583158110165265,39.59265047367286,-8.475289827477255,82.80685464210042,77.62721381143731,53.95260617581359,53.477357542579156,50,70,30,,
1756432800,1352.05,1354.65,1347.3,1354.6,,,,,,,1343.8322550503667,1338.0759748383034,0,0,1343.9254249704966,,,,,,1634,3063.85,43.5493856534332,43.52027125044691,-6.888507599644811,70.92664036736151,78.27726987439326,55.65621079263253,53.45562308399504,50,70,30,,
1756447200,1354.8,1356.15,1342.25,1346.1,,,,,,,1343.9211862248621,1338.1558158846885,0,0,1344.0124079716768,,,,,,3108,3046.4,25.4725337745723,36.868359179390254,-15.10249410150503,39.323559375233906,64.35235146156528,49.349482884914366,52.841797219304304,50,70,30,,
1756461600,1346.15,1354.15,1340.95,1346.7,,,,,,,1344.0301593140832,1338.2408326420548,0,0,1344.1199116528098,,,,,,5441,3229.85,13.326805200983657,27.44957487632972,-25.0141618067196,26.269871977984746,45.50669057352672,49.78206278577125,52.55945713913841,50,70,30,,
1756476000,1347.55,1368.8,1347.2,1368.2,,,,,,,1344.9779962037271,1338.5389338097955,0,0,1345.0831151866973,,,,,,6171,3343.7,36.8767422987717,25.22536042477589,-20.47422183424345,38.15008625272365,34.5811725353141,62.23008497460963,53.489207568782476,50,70,30,,
1756490400,1368.35,1372.9,1362.4,1363.35,,,,,,,1345.698466940836,1338.785810090295,0,0,1345.8137905792294,,,,,,1434,3140.55,44.09453841771477,31.432695305823376,-17.609594760338524,61.03901083731091,41.819656356006426,58.69553204087892,54.088258908937846,50,70,30,,
1756677600,1362.9,1372.7,1360.85,1372.2,,,,,,,1346.7377427470776,1339.1182895918841,0,0,1346.8692389560601,,,,,,3793,3092.85,55.08438108405886,45.35188726684845,-11.959059435722807,91.28584359245967,63.49164689416474,62.84281026689217,54.82599837228533,50,70,30,,
1756692000,1372.1,1381.45,1369.3,1379.6,,,,,,,1348.0264587177805,1339.521092680522,0,0,1348.1784693978177,,,,,,6835,3388.85,64.53032374936936,54.569747750381,-3.67188798029116,91.28584359245967,81.20356600741007,65.9238011647854,55.866611185539035,50,70,30,,
1756706400,1379.5,1396.4,1377.75,1386.3,,,,,,,1349.5273819053186,1339.986554444895,0,0,1349.703330621905,,,,,,7129,3664.2,71.46163544451952,63.692113425982576,5.672458585498589,100,94.1905623949731,68.47275159715728,57.272067969420824,50,70,30,,
1756720800,1386.4,1412,1384.8,1406.75,,,,,,,1351.7714061443257,1340.6508673359906,0,0,1351.9851973970287,,,,,,8622,4003.2,81.37090547263507,72.45428822217464,4.097195712355642,100,97.09528119748654,74.69468303297256,58.91460417529563,50,70,30,,
1756735200,1406.65,1423.8,1403.35,1409.25,1423.8,,,,,,1354.0254686484698,1341.3334457704584,0,0,1354.2757895011475,,,,,,6374,4184.5,84.52539263504502,79.11931118406653,9.313956404621536,100,100,75.33551272193291,60.47726954795966,50,70,30,,
1756749600,1409.15,1409.15,1403.9,1404.75,,,,,,,1356.014665956373,1341.9644562603046,0,0,1356.2947579211016,,,,,,483,3880.55,81.9349650150007,82.6104210408936,11.73635477850641,95.57290277758078,98.52430092586025,71.81038167985302,61.96658797684221,50,70,30,,
1756764000,1405,1422.8,1404.3,1417.8,,,,,,,1358.4376202325936,1342.7190387850776,0,0,1358.7549676042574,,,,,,6684,3924.15,82.62155213965971,83.02730326323514,18.271353616459336,95.57290277758078,97.0486018517205,75.40465513347937,63.11627437090233,50,70,30,,
1756778400,1417.55,1422.05,1409.35,1414.4,,,,,,,1360.6322233607273,1343.432282180251,0,0,1360.9807689000872,,,,,,6734,4214.85,79.28770359589895,81.28140691685311,20.05520452841472,92.31818506235255,94.4879968725047,72.80025384222242,64.0679163638511,50,70,30,,
1756792800,1414.5,1422.5,1376.3,1382.2,,,,,,,1361.4780185230518,1343.8180306162683,0,0,1361.8295381440837,,,,,,10336,4620.2,60.02414877385219,73.97780150313694,15.80272887943056,69.35198867702984,85.74769217232104,53.83572853489653,64.05956796092845,50,70,30,,
1756807200,1382.3,1390.75,1369.85,1387.4,,1369.85,,,,,1362.4945668162654,1344.2516820529224,0,0,1362.8523566183203,,,,,,13736,5219.75,47.07299385146764,62.12828207373959,9.259026081316605,44.52894769583053,68.73304047840429,55.83653189874596,64.07244803993656,50,70,30,,
1756821600,1387.5,1414.4,1383.15,1400.45,,,,,,,1363.983015176412,1344.8108692961769,0,0,1364.3562623535875,,,,,,12268,5682.85,44.53752694624873,50.544889857189524,15.996656951292493,28.554940509779176,47.478625627546506,60.46724003895057,64.86657355093915,50,70,30,,
1756836000,1400.55,1407.7,1397.65,1407.7,,,,,,,1365.6974067381213,1345.4366317907422,0,0,1366.0900118594438,,,,,,1909,5484.4,46.27609787092542,45.9622062228806,15.339189840310738,36.55132228428964,36.54507016329976,62.800855883536016,65.79648734363663,50,70,30,,
1756850400,1404.6,1417.8,1401.65,1406.95,,,,,,,1367.315155493489,1346.0487051062573,0,0,1367.724411385066,,,,,,5871,5548.9,46.06686749434693,45.626830770507034,19.121824983622588,41.343021786489935,35.48309486018623,62.39055822273317,65.8079497185026,50,70,30,,
1756864800,1406.85,1409.2,1388.1,1391.15,,,,,,,1368.2498552780582,1346.4974742096776,0,0,1368.6614349296635,,,,,,6236,5812.95,32.9319974165858,41.75832092728605,17.23578407215811,27.993277734829118,35.29587393520288,54.33664727919407,65.4966008069537,50,70,30,,
1756879200,1391.35,1399.4,1384.7,1397.6,,,,,,,1369.4008413455854,1347.0059570533624,0,0,1369.818977532477,,,,,,8229,6151.35,28.013792885103378,35.670885932012034,9.278448797650029,18.63528237925219,29.323860633523726,56.78892863864269,65.06418069065015,50,70,30,,
1756893600,1397.65,1425.05,1393.15,1422.1,,,,,,,1371.4674750183076,1347.7531614607917,0,0,1371.910218431178,,,,,,11127,6626,42.42464992805821,34.45681340991579,12.305662201222262,21.955251450621763,22.861270521567672,64.57184099491346,64.96761210708787,50,70,30,,
1756908000,1423.15,1438.3,1423.1,1433.8,1438.3,,,,,,1373.9118877626877,1348.609348908943,0,0,1374.385809693931,,,,,,12249,7083.05,54.76124071546967,41.733227842877085,17.03032282438312,42.4356751271024,27.67540298565878,67.57533686581621,64.90351105484922,50,70,30,,
1756922400,1433.7,1435.5,1417.35,1419.7,,,,,,,1375.7075000072882,1349.3167185715406,0,0,1376.1983773061736,,,,,,3158,6968.9,53.461666046361515,50.215852229963126,14.381174545111676,48.79939141682821,37.73010599818412,60.87724112540825,63.91655091859463,50,70,30,,
1756936800,1418.5,1422.8,1411.55,1414.7,,,,,,,1377.2366176540613,1349.9672984862516,0,0,1377.7384422139266,,,,,,6898,7005.25,48.14573805842121,52.12288160675079,11.216965678043692,39.67466123995522,43.636575927961935,58.65690930790251,62.72522210330675,50,70,30,,
1756951200,1414.85,1416.05,1402.8,1404.9,,,,,,,1378.3214561774314,1350.5138925311644,0,0,1378.8249045253697,,,,,,7861,7326.6,35.024521599403286,45.54397523472866,8.182184335132902,19.38931761834232,35.954456758375244,54.46402026039478,61.48619628763116,50,70,30,,
1756965600,1405,1408.4,1386.5,1387.55,,,,,,,1378.6833598567478,1350.8824110134415,0,0,1379.173908344355,,,,,,6904,7482.15,13.250309253765725,32.140189637196734,7.815422322741341,8.447175184091604,22.503718014129706,47.931598802417724,59.52383512112676,50,70,30,,
1756980000,1387.65,1398.9,1363.45,1367.2,,,,,,,1378.2330320192282,1351.0447750829594,0,0,1378.6949520105807,,,,,,10741,7677.45,-9.487371070989848,12.92915326072638,-0.062392452900482454,0.9499444352606817,9.59547907923153,41.62533844869214,57.29705545016031,50,70,30,,
1756994400,1366.6,1372.05,1355.75,1365.75,,,,1355.75,,,1377.7435013518075,1351.1910957289,0,0,1378.1771539301574,,,,,,7562,7699.1,-23.262018017265,-6.499693278163048,-4.014402390082708,-4.292862361883938e-15,3.132373206450756,41.209299978878654,56.395167696159035,50,70,30,,
1757008800,1365.85,1373.15,1365.2,1372.45,,,,,,,1377.5359130635013,1351.4026271146822,0,0,1377.9480677729512,,,,,,1346,7335.3,-28.931344787841144,-20.560244625365335,-2.4495351843842172,3.597955087862965,1.5159665077078763,43.99475346015595,55.54932637911689,50,70,30,,
1757023200,1367.4,1383.35,1364.85,1382.95,,,,,,,1377.748230198266,1351.7165313224964,0,0,1378.148145062033,,,,,,4526,7242.9,-27.228171597313484,-26.473844800806546,-1.2598746116093906,12.509560466662228,5.369171851508397,48.141490433923316,54.668915693043516,50,70,30,,
1757037600,1383.05,1388.05,1379.25,1386.4,,,,,,,1378.08751528853,1352.0616404635662,0,0,1378.4782192595517,,,,,,4303,7433.9,-23.31924575006601,-26.492920711740215,-0.6806972701251368,23.1074899047357,13.071668486420299,49.465467634000646,53.716387960933844,50,70,30,,
1757052000,1386.65,1387.7,1375,1377.65,,,,,,,1378.0703578262348,1352.3162510062173,0,0,1378.4450904891696,,,,,,4527,7326.05,-26.69397425952952,-25.74713053563634,-0.15456154210525597,25.981853285507682,20.532967885635205,46.240977010743215,52.562846445791706,50,70,30,,
1757066400,1377.85,1398,1372.05,1396.85,,,,,,,1378.8068143820688,1352.7593728867523,0,0,1379.181286869603,,,,,,11239,7551.3,-13.213385180826231,-21.075535063473925,2.579474280538335,32.661494226442265,27.250279138895213,53.416720680354295,52.497137403017426,50,70,30,,
1757080800,1397.05,1399.5,1363.9,1378.75,,,,,,,1378.8045863670857,1353.0179860918593,0,0,1379.1640353948187,,,,,,10938,7581.4,-18.381137893163633,-19.429499111173126,-2.7167019927503446,29.541251457586238,29.39486632317873,47.041971610306874,51.80092618670773,50,70,30,,
1757095200,1378.85,1381.45,1369.75,1370.3,,,,,,,1378.4710731762195,1353.1899464292537,0,0,1378.809473979026,,,,,,1600,6974.6,-27.809133229242825,-19.80121876774423,-2.802695970635213,27.128062067012063,29.77693591701352,44.37923331517892,50.358597066726695,50,70,30,,
1757282400,1364.85,1378.6,1363.4,1376.95,,1363.4,,,,,1378.4114232477402,1353.4263648727438,0,0,1378.735095019865,,,,,,5270,6624.7,-28.571344667810862,-24.920538596739107,-4.287469146649215,21.291132882250213,25.986815468949505,46.92535796947071,48.88359857413059,50,70,30,,
1757296800,1376.8,1382,1371.45,1382,,,,,,,1378.552151747829,1353.7106796501294,0,0,1378.8656912190704,,,,,,3676,6713.05,-23.519173995458807,-26.633217297504164,-1.61270518502306,28.44718622841356,25.622127059225278,48.840595264468895,48.023838155492065,50,70,30,,
1757311200,1382.05,1405.2,1382.05,1397.35,,,1405.2,,,,1379.2893222675218,1354.1449017431628,0,0,1379.6050635703075,,,,,,6249,6731.95,-4.477269648985921,-18.855929437418528,3.004025110025225,57.022424510783026,35.58691454048226,54.24531046905696,47.708723952717385,50,70,30,,
1757325600,1397.5,1400.1,1381.7,1389.8,,,,,,,1379.7015057080112,1354.4996788402457,0,0,1380.012861027495,,,,,,7821,6811.2,1.7611935435369368,-8.745083366969263,-2.6244080333324433,73.30272480995923,52.9241118497186,51.370655698275115,47.487769341137415,50,70,30,,
1757340000,1389.7,1399.55,1378.85,1379.65,,,,,,,1379.6994858763244,1354.7499307920841,0,0,1379.9983465863952,,,,,,7642,6781.85,-5.607728538948881,-2.774601548132621,-6.296983913611939,75.35053508213029,68.55856146762419,47.71017375445714,47.47195326628309,50,70,30,,
1757354400,1379.75,1385,1377.95,1382.45,,,,,,,1379.807349175292,1355.0255533712673,0,0,1380.0964127229395,,,,,,1038,6277.4,-7.580621839306302,-3.8090522782394154,-8.147355615535162,62.16988537647499,70.27438175618816,48.79414913685473,47.984011172580416,50,70,30,,
1757368800,1379,1395.6,1378.7,1393.9,,,,,,,1380.36000214881,1355.4123637854834,0,0,1380.648556214022,,,,,,2988,5814.35,6.322490965770308,-2.2886198041616246,-9.638531459400255,65.66200908756426,67.72747651538985,53.07778787900486,48.831760308303714,50,70,30,,
1757383200,1393.7,1398.15,1389.5,1395.1,,,,,,,1380.9380412802293,1355.8072656383642,0,0,1381.226613965461,,,,,,3705,5841.7,16.765551887897793,5.1691403381206,-11.0020157109807,79.83819323690254,69.2233625669806,53.51667304054352,49.51189742118855,50,70,30,,
1757397600,1395.25,1396.9,1380.3,1392.95,,,,,,,1381.4090984849263,1356.1768450847487,0,0,1381.6955494068425,,,,,,6887,5841.15,21.125024220897743,14.73768902485528,-17.423460710299935,88.0567470982827,77.85231647424983,52.56795877672718,49.82807373138883,50,70,30,,
1757412000,1393.05,1398.35,1371.7,1379.5,,,,,,,1381.3342318776743,1356.4089162779353,0,0,1381.6077274305687,,,,,,8572,5876.7,5.684878814651391,14.525151641148975,-23.446839530753692,67.26719073075957,78.38737702198159,46.95956041300498,49.64908035846056,50,70,30,,
1757426400,1379.4,1389.1,1351.15,1369.45,,,,1351.15,,,1380.868183568746,1356.5386783050205,0,0,1381.121418333346,,,,,,14695,6266.25,-13.51558101587846,4.431440673223556,-27.953226543185835,36.409456293869425,63.91113137430389,43.246774379951134,49.435208741975416,50,70,30,,
1757440800,1369.35,1374.65,1368.95,1373.25,,,,,,,1380.5694312719324,1356.7049601129308,0,0,1380.8065616000122,,,,,,1522,5805.3,-22.039463140656352,-9.956721780627808,-30.405191038028548,14.13728090639943,39.2713093103428,45.01691283846717,48.83522246755491,50,70,30,,
1757455200,1371.85,1379.15,1367.55,1378.1,,,,,,,1380.4725908298958,1356.9178460819564,0,0,1380.6982991360117,,,,,,3801,5617.25,-22.639615647043335,-19.39821993452605,-31.861016550600397,17.669054878872902,22.738597359713918,47.277171860995715,48.85202248546125,50,70,30,,
1757469600,1378.2,1385.9,1374.95,1383.7,,,,,,,1380.5991558953901,1357.1843351756684,0,0,1380.8183671705713,,,,,,3093,5704.6,-15.136683122410258,-19.93858730336998,-27.178878134108075,37.696245175693974,23.167526986988765,49.84111245508675,49.24215670974038,50,70,30,,
1757484000,1383.65,1397.4,1377.95,1394.15,,,,,,,1381.1305615465512,1357.5521527361095,0,0,1381.3516324837485,,,,,,7019,5829.25,2.575660600663472,-11.733546056263373,-19.099057747514593,65.62948238034221,40.33159414496969,54.306663685994735,49.76939283234924,50,70,30,,
1757498400,1393.95,1403.8,1382,1388.5,,,1403.8,,,,1381.419559132961,1357.8600915148547,0,0,1381.6375671843987,,,,,,10883,6158.25,8.252265020650626,-1.4362525003653868,-19.877507672845596,78.67633203816435,60.66735319806684,51.63027925367999,49.96865597443575,50,70,30,,
1757512800,1388.85,1394.65,1384.4,1393.5,,,,,,,1381.8933019120607,1358.2147174699307,0,0,1382.1120644970226,,,,,,6599,6261.85,18.19953759264059,9.675821071318229,-23.041149093865286,90.4606468657674,78.25548709475798,53.80018967047947,49.9368616316802,50,70,30,,
1757527200,1393.05,1394.1,1387.35,1391.95,,,,,,,1382.2876822292349,1358.5503919229664,0,0,1382.5055819171416,,,,,,1380,5768.9,22.844188620711915,16.431997078001043,-25.282795243216597,86.5625854736442,85.23318812585865,53.00633252444681,50.05369569069247,50,70,30,,
1757541600,1389.15,1395.85,1389.05,1392.15,,,,,,,1382.6744397888726,1358.8847163814444,0,0,1382.891358640456,,,,,,2731,5358.55,26.092691098242096,22.37880577053153,-21.718819706454653,90.96973359058508,89.33098864333222,53.102491826040506,50.43886126723414,50,70,30,,
1757556000,1392.05,1392.05,1379.2,1382.2,,,,,,,1382.655834306956,1359.1167092532708,0,0,1382.8637042948378,,,,,,2701,5413.6,12.416301907429686,20.4510605421279,-19.691161047980202,73.11280006848428,83.54837304423785,47.85603130606787,50.37185285074937,50,70,30,,
1757570400,1382.25,1388.9,1374.05,1376.35,,1374.05,,,,,1382.4085466870754,1359.288184783089,0,0,1382.6031561230443,,,,,,5111,5405.65,-4.290278172710179,11.406238277653868,-27.46958760767619,49.118282108554354,71.0669385892079,45.038596804870515,49.797624916882626,50,70,30,,
1757584800,1376.45,1395.5,1375.3,1389.9,,,,,,,1382.7023291699352,1359.5927799593767,0,0,1382.8950298781226,,,,,,10214,5732.55,3.3949586511111844,3.840327461943565,-28.711158469760548,46.023201060153646,56.08476107906409,52.0763657735396,49.69474582638235,50,70,30,,
1757599200,1389.95,1391.95,1382.15,1389.25,,,,,,,1382.9591005750358,1359.8878766761989,0,0,1383.1492286829978,,,,,,7838,5812,8.114180238092658,2.406286905497888,-23.400853448606895,57.67040998199395,50.937297716900645,51.73413964066249,49.63518731666345,50,70,30,,
1757613600,1389.15,1389.3,1382.1,1383.05,,,,,,,1382.9626652583677,1360.118345564993,0,0,1383.145259535678,,,,,,1162,5479.05,0.3501527268462681,3.953097205350037,-21.19619220562757,67.99812113942347,57.230577393857025,48.46267027953578,49.742552307129934,50,70,30,,
1757628000,1381.3,1388.75,1376.5,1388.1,,,,,,,1383.1641293658827,1360.396769987232,0,0,1383.3434491542507,,,,,,3232,5258.55,4.666056898931368,4.376796621290098,-19.264450953274633,63.4617748655063,63.043435328974574,51.171155354170054,50.308579519574145,50,70,30,,
1757642400,1387.95,1399.8,1385.95,1395.9,,,,,,,1383.6635752731029,1360.750035957508,0,0,1383.8457111880807,,,,,,3070,5360.15,20.442230865714578,8.486146830497404,-14.679855048728768,71.19332767467601,67.5510745598686,55.096457121510724,51.02854696836297,50,70,30,,
1757656800,1396.95,1397.85,1385.4,1392.5,,,,,,,1384.0101017329812,1361.0659559977319,0,0,1384.1918827405575,,,,,,5572,5489.35,25.041748254498245,16.71667867304806,-12.47176038238527,82.15006499678215,72.26838917898816,53.09289858578758,51.44395602013382,50,70,30,,
1757671200,1392.6,1404.95,1385.9,1400.6,,,,,,,1384.6606859787466,1361.4593295698937,0,0,1384.8482074309352,,,,,,8583,5733.25,38.609554191988025,28.031177770733617,-4.498425439125356,93.39186912748254,82.24508726631356,57.09574993591191,51.96214441162132,50,70,30,,
1757685600,1400.4,1406.25,1395.05,1396.65,,,,,,,1385.1308551560508,1361.8094854945714,0,0,1385.3202791336978,,,,,,5749,5676.35,40.980761570311905,34.87735467226606,-2.507075913324428,86.66221523002986,87.40138311809817,54.646732781895956,51.98643506132855,50,70,30,,
1757700000,1396.55,1397.05,1389.7,1389.85,,,,,,,1385.315919659735,1362.0884955891527,0,0,1385.50146796835,,,,,,1376,5316.55,29.94188060221402,36.51073212150465,-5.281078147830783,75.42957763557104,85.16122066436112,50.62125482884323,51.914361888125924,50,70,30,,
1757887200,1391.4,1408,1387.45,1399.7,,,,,,,1385.8800012417062,1362.4627394141362,0,0,1386.069409249616,,,,,,4494,4806.5,38.38142438622568,36.4346888529172,-5.103041298276253,71.62024768224244,77.90401351594777,55.71063302733391,52.05082212790124,50,70,30,,
1757901600,1399.65,1407.55,1394.65,1395.25,,,,,,,1386.2474521734039,1362.7889808130005,0,0,1386.4366328796314,,,,,,2493,4855.05,35.91480544861716,34.74603681235229,-1.6927268060669576,67.21570120023792,71.4218421726838,53.050387625751256,52.05396892085156,50,70,30,,
1757916000,1395.3,1406.9,1387.7,1393.65,,,,,,,1386.5377481666037,1363.0960556307816,0,0,1386.725167564446,,,,,,5267,4928.35,29.907254399193427,34.734494744678756,-9.912823199813289,71.263798587996,70.03324915682545,52.08731239770931,51.98145610454218,50,70,30,,
1757930400,1393.75,1399.25,1379.45,1391.85,,1379.45,,,,,1386.7460717679135,1363.382164529978,0,0,1386.9301608618682,,,,,,7180,5132.7,19.97486662885296,28.598975492221182,-8.162495419701955,58.182016337185054,65.55383870847298,50.96634660506261,52.2036214830418,50,70,30,,
1757944800,1392.1,1408.6,1388.2,1404.25,,,,,,,1387.4325003260344,1363.788809659033,0,0,1387.6229544273936,,,,,,7819,5172.7,38.34613364061443,29.409418222886938,-3.312869102017501,69.31621671664223,66.25401054727443,57.717191102496905,53.10923536144369,50,70,30,,
1757959200,1404.4,1406.6,1401.3,1404.65,,,,,,,1388.10769639168,1364.1953886674007,0,0,1388.3040362502977,,,,,,1088,4682.95,48.05343530124165,35.458145190236344,-0.00267731920398262,83.10888779586043,70.20237361656257,57.91846082934566,53.52652786542984,50,70,30,,
1757973600,1403.1,1406,1397.9,1400.15,,,,,,,1388.5799435920064,1364.5531459940933,0,0,1388.7778748002859,,,,,,2501,4478.05,45.97110117905985,44.123556706971975,-3.1424505699068703,88.90751252292954,80.44420567847739,54.76041406970537,53.742690324647185,50,70,30,,
1757988000,1400.25,1402.8,1395.05,1402.35,,,,,,,1389.1199458040846,1364.9292340936545,0,0,1389.3207598082745,,,,,,2298,4523.95,47.693197192634685,47.2392445576454,-7.501417776395215,80.27744788566821,84.09794940148605,56.022889925081444,54.28270601361474,50,70,30,,
1758002400,1402.3,1408.5,1396.45,1402.55,,,,,,,1389.6466145960812,1365.3035700728221,0,0,1389.8499294159435,,,,,,4935,4634.15,48.22381851526989,47.29603896232148,-0.6117285975034292,72.19372382554498,80.4595614113809,56.14271238380849,54.63781723001749,50,70,30,,
1758016800,1402.45,1409.8,1386.2,1391.15,1409.8,,,,,,1389.705570886431,1365.5607484800578,0,0,1389.9019322393058,,,,,,9588,4978.5,25.284734824630895,40.40058351084516,-1.9140890760801597,49.95287796928212,67.47468322683177,48.09819716405847,54.137941518770894,50,70,30,,
1758031200,1391.3,1398.8,1376.95,1391.15,,,,,,,1389.7622151653943,1365.8153678981666,0,0,1389.9518549497336,,,,,,7977,5121.8,9.480488765526166,27.66301403514231,-5.611318364968724,25.249609273210112,49.1320703560124,48.09819716405847,53.78117713150453,50,70,30,,
1758045600,1391.35,1394.4,1388.7,1393.35,,,,,,,1389.9029126098887,1366.089344336991,0,0,1390.0877807517443,,,,,,918,4657,1.8227643673699117,12.195995985842323,-6.628683132174629,5.4964623047042656,26.899649849065497,49.710947483540494,53.253691242049435,50,70,30,,
1758060000,1393.9,1399.6,1390.6,1391.85,,,,,,,1389.9792689781284,1366.3456692689613,0,0,1390.1582695216746,,,,,,2465,4388.35,-6.715303875359602,1.529316419178824,-7.333639645472914,7.21155468263666,12.652542086850339,48.60204714260709,52.82192798210023,50,70,30,,
1758074400,1391.75,1398.75,1389.95,1395.4,,,,,,,1390.1918466652605,1366.6347670871805,0,0,1390.3679387408076,,,,,,2423,4451.4,-4.9089997041466535,-3.2671797373787825,-2.358757639191282,18.341307585028577,10.349774857456493,51.36703363312592,52.87519789669184,50,70,30,,
1758088800,1395.3,1398.2,1373.2,1376.5,,,,,,,1389.654911501917,1366.732928608701,0,0,1389.8132211911752,,,,,,5777,4578.65,-31.480153920309284,-14.368152499938516,-0.9397446881166758,12.844845280324312,12.799235849329841,39.25834069542567,51.700034158698394,50,70,30,,
1758103200,1376.4,1377.15,1355.8,1375.8,,,,,,,1389.1115816390968,1366.8231482245349,0,0,1389.2526923435282,,,,,,7988,4824.55,-45.00084244184753,-27.129998688767824,2.8418869209474025,11.129752902391916,14.105301922581596,38.892660574268604,50.68876794073535,50,70,30,,
1758117600,1375.9,1377.75,1368.5,1368.5,,,,,,,1388.3032843199167,1366.839833316828,0,0,1388.422584649787,,,,,,4305,4761.2,-56.63866048543157,-44.373218949196136,4.170290264848063,0,7.991532727572069,35.20936087324732,49.483199974702345,50,70,30,,
1758132000,1368.6,1390.75,1351.65,1364.35,,,,1351.65,,,1387.3639398367827,1366.815058855964,0,0,1387.4596812637956,,,,,,15986,5131.35,-64.00462022950887,-55.214707718929326,-6.68868946570872,1.1842378929335002e-15,3.7099176341306315,33.27979349987719,48.21987475290339,50,70,30,,
1758146400,1361.8,1376.15,1359.15,1368.9,,,,,,,1386.6398637647521,1366.8358045389894,0,0,1386.7172940132436,,,,,,3757,5031.75,-63.55416283045486,-61.3991478484651,-10.005279598887554,5.555702940079951,1.8519009800266433,37.33466551319446,46.76398006795322,50,70,30,,
1758160800,1369.05,1379.35,1364.15,1364.65,,,,,,,1385.7775161661343,1366.814055240094,0,0,1385.834602252714,,,,,,3461,5136,-64.62533481900017,-64.0613726263213,-11.914729995981418,8.37534587157989,4.64368293721994,35.183746452485295,45.140071898177474,50,70,30,,
1758175200,1366.05,1394.6,1360.85,1384.05,,,,,,,1385.709770434129,1366.9855571780035,0,0,1385.7632181626054,,,,,,9048,5363.7,-47.18623132748639,-58.4552429923138,-12.8389168661231,32.11296326183315,15.348004024497664,49.488992134021494,44.76354175991434,50,70,30,,
1758189600,1384.15,1398,1372.85,1376.2,,,,,,,1385.3368382602416,1367.0772431762323,0,0,1385.3806894361012,,,,,,10473,5762.7,-40.88864079554443,-50.90006898067699,-4.027642949427573,43.974830334421,28.154379822611347,45.14696469464185,43.986689957740076,50,70,30,,
1758204000,1376.3,1385.35,1374.55,1384.95,,,,,,,1385.321668132389,1367.255081552588,0,0,1385.363461858657,,,,,,8280,5913.35,-25.794781782966453,-37.956551301999085,-8.81487780734814,72.69766484154987,49.595152812601334,50.373573955713034,43.57460864144755,50,70,30,,
1758218400,1384.85,1387.7,1380.05,1381.7,,,,,,,1385.1796419311188,1367.398812084403,0,0,1385.2169233843108,,,,,,1035,5606.1,-17.819763628039386,-28.16772873551675,-9.676619598861976,77.11649358567142,64.5963295872141,48.52414664277151,43.60503360421277,50,70,30,,
1758232800,1379.3,1385.7,1378.2,1380.85,,,,,,,1385.009852051467,1367.53265475023,0,0,1385.0422464489384,,,,,,2448,5337.55,-12.546459129432499,-18.720334846812772,-9.556226882737676,86.94472594330938,78.91962812351022,48.02750313851197,43.59998403095945,50,70,30,,
1758247200,1380.95,1392.05,1380.9,1384.7,,,,,,,1384.9977009906252,1367.703474105949,0,0,1385.0285565909808,,,,,,3478,5457.05,-2.4155074740486278,-10.927243410506833,-5.211117950632115,87.16890168083891,83.74337373660657,50.49882249094869,43.65626081720289,50,70,30,,
1758261600,1384.6,1392.3,1375.85,1389.25,,,,,,,1385.1644578145222,1367.917867398427,0,0,1385.1974143273414,,,,,,5407,5602.35,10.821211858287876,-1.3802515817310752,-13.195599401221386,92.34578887979744,88.81980550131523,53.323622969393135,43.9935162334019,50,70,30,,
1758276000,1389.15,1398.2,1381.85,1391.45,,,,,,,1385.410949664933,1368.152017971577,0,0,1385.4475177542479,,,,,,7948,5884.85,21.883119597988312,10.096274660742528,-13.049449644538413,98.43331984282501,92.64933680115378,54.670563845435424,44.22948267713828,50,70,30,,
1758290400,1391.55,1404.75,1386.55,1401.45,,,,,,,1386.0399320310141,1368.4833411758398,0,0,1386.087617044078,,,,,,7240,6000.1,37.47612949713006,23.393486984468755,-8.547390122121783,100,96.9263695742075,60.28117067140496,45.731113389708234,50,70,30,,
1758304800,1401.35,1404.95,1398.85,1398.85,,,,,,,1386.542287637641,1368.7854969850355,0,0,1386.5981123623149,,,,,,1263,5583.85,43.556795184652245,34.305348093256875,-6.293162431872943,97.54155181914693,98.65829055399065,58.262000406480865,47.114637663437684,50,70,30,,
1758492000,1399.85,1404.4,1395.15,1396.1,,,,,,,1386.9170998871452,1369.0572830846868,0,0,1386.9781878678223,,,,,,4528,5411.4,43.94904984911107,41.66065817696447,-10.177768722059128,92.46925649237409,96.67026943717367,56.12079131127558,48.60831126615398,50,70,30,,
1758506400,1396.3,1415.7,1395.45,1411.65,,,,,,,1387.8870175386298,1369.4810912131973,0,0,1387.9650603531095,,,,,,3548,5542.9,55.75535687708643,47.75373397028326,-5.508558298413391,92.46925649237409,94.16002160129835,64.1450540840575,50.81297273645258,50,70,30,,
1758520800,1411.6,1422.9,1405.3,1417.5,,,,,,,1389.0483109684874,1369.9588913006282,0,0,1389.1464579389851,,,,,,6784,5758.85,64.06160735062755,54.58867135894169,-6.305832557593291,94.92770467322715,93.28873921932511,66.61828759624647,52.90466002809915,50,70,30,,
1758535200,1417.2,1423.9,1397.5,1406.95,,,,,,,1389.750337989331,1370.3269620339554,0,0,1389.8585996214258,,,,,,9583,6116.85,60.2866846079675,60.03454961189383,-14.20225811225069,87.88577654912795,91.7609125715764,58.7480030161831,54.58782121122042,50,70,30,,
1758549600,1406.9,1421,1393.45,1414.85,,,,,,,1390.7346384603377,1370.7699773371,0,0,1390.8582556365689,,,,,,8670,6261.5,62.20527328228055,62.184521746958545,-8.918239905155431,81.31558749871226,88.04302290702246,62.33623126296447,55.50548114900207,50,70,30,,
1758564000,1414.75,1420.9,1410.65,1411.05,,,,,,,1391.5313193050304,1371.170773582502,0,0,1391.6659254111062,,,,,,1172,5920.7,59.04188929058388,60.51128239361066,-10.5961143987289,68.9228940559672,79.37475270126914,59.648559479386755,56.54130934791242,50,70,30,,
1758578400,1410.45,1419.95,1409.55,1418.95,,,,,,,1392.6065616852252,1371.646188770736,0,0,1392.7572883946618,,,,,,2572,5834.05,61.69047227327127,60.979211615378574,-10.507238702924127,74.98511567033681,75.07453240833875,63.2007991144907,57.45753971639654,50,70,30,,
1758592800,1418.85,1419.75,1405.2,1413.65,,,,,,,1393.4317945603143,1372.0641371411764,0,0,1393.5929968588753,,,,,,4594,5264.45,57.60079480173241,59.44438545519586,-10.259764703003711,68.76401169422711,70.89067380684371,59.42142620798995,58.23591682819786,50,70,30,,
1758607200,1413.8,1442.4,1411.15,1439.35,,,,,,,1395.2325084991255,1372.7336482143985,0,0,1395.4232769845203,,,,,,9205,5536.85,69.98860438134824,63.093290485450645,-2.0089133131145473,81.15670513697216,74.96861083384536,69.0777225520779,59.73950392916686,50,70,30,,
1758621600,1439.45,1483.05,1437.3,1477.7,,,,,,,1398.4665277736697,1373.778089525698,0,0,1398.7143459051395,,,,,,13121,6019.85,85.7557372704877,71.1150454845228,0.7858115348890067,87.20870697347459,79.04314126822463,77.63163749171297,61.67756214350715,50,70,30,,
1758636000,1477.6,1497.9,1469.8,1484.35,1497.9,,,,,,1401.834507076663,1374.8783075403678,0,0,1402.1397720689338,,,,,,11723,6153.6,91.51520480662026,82.41984881948541,5.552113629519241,100,89.45513737014892,78.73037571602785,63.49233019683821,50,70,30,,
1758650400,1484.25,1485.2,1470,1475.35,,,,,,,1404.7174675834603,1375.8780258732995,0,0,1405.0681811861764,,,,,,4032,5831.55,89.15428887190305,88.80841031633702,4.606158643129007,92.4395804932352,93.2160958222366,73.4704649449429,64.83518027537447,50,70,30,,
1758664800,1472.75,1484.1,1472,1481,,,,,,,1407.7089394429324,1376.924015665605,0,0,1408.1054539387294,,,,,,5041,5669.6,86.43389661327672,89.03446343060001,7.811373986965691,86.54840120393813,92.99599389905778,74.6169552587277,65.85916488875465,50,70,30,,
1758679200,1480.85,1485.7,1473.25,1478.7,,,,,,,1410.4929026020332,1377.9367120271413,0,0,1410.9292357811803,,,,,,5981,5916.9,81.56391994353153,85.7173684762371,8.256731230046825,78.65432530125786,85.88076899947707,73.22958808682836,66.92827829449377,50,70,30,,
1758693600,1478.85,1485.6,1462,1469.25,,,,,,,1412.7971024999927,1378.8453019572196,0,0,1413.262066349933,,,,,,7925,6190.75,73.16829647259982,80.38870434313603,8.810082286422855,68.08931160741939,77.76401270420513,67.6629442225273,67.7527177881546,50,70,30,,
1758708000,1469.9,1484,1462.25,1475.4,,,,,,,1415.2521180882281,1379.806045221327,0,0,1415.7475836959359,,,,,,10104,6522.05,68.12895719927239,74.28705787180125,16.71926884358551,58.559460522391824,68.43436581035637,69.2986039505303,68.12082849290266,50,70,30,,
1758722400,1475.3,1485.95,1465.45,1470.4,,,,,,,1417.414780123984,1380.7074776071843,0,0,1417.9336803480985,,,,,,11113,6807.35,61.01794308827834,67.4383989200502,19.959990689039316,46.164861291230295,57.60454447368051,66.35975781190803,68.10236207973563,50,70,30,,
1758736800,1470.3,1473.8,1467.4,1469.95,,,,,,,1419.4749848250042,1381.5954629046253,0,0,1420.0143331341746,,,,,,2881,6554,54.55034211105601,61.23241413286893,17.609366616567968,42.81281823636641,49.179046683329524,66.08811206971968,68.62665558355967,50,70,30,,
1758751200,1463.7,1473.1,1462.25,1467.8,,,,,,,1421.3700834593178,1382.453219492639,0,0,1421.9257598088077,,,,,,4037,6393.85,47.496877161757894,54.355054120364095,14.666885015798556,34.407548468395,41.12840933199724,64.72484864546396,68.79727111088107,50,70,30,,
1758765600,1467.9,1479.45,1466.5,1473.35,,,,,,,1423.4085115589523,1383.3576650698267,0,0,1423.9827294164554,,,,,,4993,6580.35,45.71616818564825,49.25446248615407,19.227100522161606,34.153374122232115,37.12458027566452,66.63799330206012,69.29651638392916,50,70,30,,
1758780000,1474.8,1519.55,1470.7,1519,,,,,,,1427.15719738017,1384.7073400442562,0,0,1427.7834202397971,,,,,,12023,6955.1,64.01602776475264,52.40969103738629,27.024815897966988,53.60626031160357,40.72239430074357,77.46433589978743,70.31534044002179,50,70,30,,
1758794400,1518.7,1519.05,1492.35,1497.4,,,,,,,1429.9118170907516,1385.8286600438157,0,0,1430.5680834302052,,,,,,17135,7634.45,63.894274016907154,57.875489989102704,16.42145038550298,48.42243886368781,45.39402443250784,66.47252106200392,70.81899007245136,50,70,30,,
1758808800,1497.45,1524.3,1489.95,1520.05,,,,,,,1433.446647793075,1387.1641957647728,0,0,1434.147360092997,,,,,,16357,8113.1,70.35958143450274,66.08996107205421,28.79565220838495,51.02360762241918,51.017435599236855,71.10294105165764,70.96364853670705,50,70,30,,
1758823200,1520.15,1528.95,1512.8,1517.65,,,,,,,1436.748740036484,1388.4625619760686,0,0,1437.487465689277,,,,,,4373,7852.6,71.14992851420776,68.46792798853924,31.74080513221503,32.47811038504894,43.974718957051984,69.9997675974418,70.41851497283054,50,70,30,,
1758837600,1520.15,1548.15,1516.65,1538.15,,,,,,,1440.7252600350532,1389.9519892200879,0,0,1441.513967061706,,,,,,5915,7714.85,75.68750631191102,72.3990054202072,32.44173186792321,51.847316012461995,45.116344673310046,73.74663645716302,70.06253359719733,50,70,30,,
1758852000,1538.3,1545.3,1529.95,1535.2,,,,,,,1444.4301517983845,1391.397243058694,0,0,1445.2614083792378,,,,,,4682,7890.35,75.13755958887144,73.99166480499677,31.584100480349377,56.52901890074515,46.95148176608537,72.34636123256777,69.98224047488483,50,70,30,,
1758866400,1533.7,1548.15,1528.75,1531.95,,,,,,,1447.8623027082517,1392.7957779536323,0,0,1448.7289520440684,,,,,,5526,8038.05,71.70847336552322,74.17784642210192,25.971931323785583,59.70504225863606,56.027125723947755,70.75246949700767,69.7062057776191,50,70,30,,
1758880800,1531.8,1584.4,1530.6,1580.2,,,,,,,1453.052016327536,1394.6604965809593,0,0,1453.9877939623057,,,,,,12644,8440.55,79.79725251857913,75.54776182432461,33.55984881084737,69.34595822143483,61.860006460272025,78.37107778867212,70.07345504203651,50,70,30,,
1758895200,1580.3,1585.9,1561.75,1565.75,,,,,,,1457.4715450990052,1396.3628796995567,0,0,1458.4582822038135,,,,,,11554,8558,78.43909516456844,76.64827368289029,35.855002500701175,68.0603119136277,65.70377079789954,72.29723762464602,70.40447599933073,50,70,30,,
1758909600,1565.85,1580.2,1562.65,1573.05,,,,,,,1462.0040335264953,1398.120960498566,0,0,1463.041950915661,,,,,,3666,8085.25,77.07539795040513,78.4372485445176,37.90528738737402,73.61268276226393,70.3396509657755,73.41805286097846,70.69872235007702,50,70,30,,
1759096800,1579.25,1614.15,1572.95,1605.75,,,,,,,1467.6411302509464,1400.1869210906202,0,0,1468.7502728790344,,,,,,10099,8004.05,80.74152321884904,78.75200544460756,39.423386830368656,72.21764401144968,71.2968795624471,77.75891919597666,71.51294816322478,50,70,30,,
1759111200,1605.65,1623.45,1603.45,1617.45,,,,,,,1473.515987888164,1402.3487427713105,0,0,1474.698261963873,,,,,,11119,8358.4,82.25175533273355,80.02289216732926,44.32334267765219,86.76326815224697,77.53119830865353,79.075557002902,72.44062280130922,50,70,30,,
1759125600,1617.9,1627.15,1589.15,1599.6,1627.15,,,,,,1478.4604589513733,1404.311441848213,0,0,1479.6943314853181,,,,,,13685,8790.6,77.19955568390492,80.06427807849586,35.1713922220699,80.4468536943392,79.80925528601195,72.06618649460606,72.96500407624794,50,70,30,,
1759140000,1599.75,1605.55,1578.6,1587.2,,,,,,,1482.7247546787705,1406.1312284964895,0,0,1483.9945582259054,,,,,,15487,9265.9,68.94581566177587,76.13237555947147,25.800129531275005,51.880801215283405,73.03030768728986,67.58439802273978,73.03260441343934,50,70,30,,
1759154400,1587.4,1602.15,1586.45,1592.65,,,,,,,1487.0355486129363,1407.9871366706539,0,0,1488.3407758968692,,,,,,11143,9426.8,63.31742801452565,69.82093312006883,28.130558803625405,24.348288928704694,52.22531461277578,68.51130049165572,72.39310188428708,50,70,30,,
1759168800,1592.5,1598.9,1591.9,1597,,,,,,,1491.34788003988,1409.8678616789061,0,0,1492.6871448609945,,,,,,1911,9017.15,59.48802459427424,63.917089423525276,30.44299103972594,14.074218887029103,30.101103010339084,69.26668282571234,72.59268486740912,50,70,30,,
1759183200,1598.1,1599.75,1589.75,1596.75,,,,,,,1495.4812965089043,1411.7273854432951,0,0,1496.8496590665548,,,,,,3618,8642.4,55.549499783064476,59.45165079728815,28.003313639952665,15.301940218789552,17.90814934484113,69.16399295848518,72.45418857503965,50,70,30,,
1759197600,1596.9,1609.8,1587,1608.8,,,,,,,1499.9251672340454,1413.688306981173,0,0,1501.3276727038926,,,,,,4641,8730.4,56.11019160710276,57.04923866148053,27.757696450360513,20.507943763369564,16.628034289729424,71.36740460414298,72.55187693266116,50,70,30,,
1759212000,1608.6,1610.45,1524.45,1539.7,,1524.45,,,,,1501.4849645974161,1414.9421546729025,0,0,1502.8625657957368,,,,,,18115,9434.3,30.4748237297953,47.37817170665421,23.282206286049174,15.606788026558368,17.138890669572508,49.516719688712215,70.82116859205755,50,70,30,,
1759226400,1539.75,1574.6,1539.45,1555.8,,,,,,,1503.6149659857529,1416.3437252731721,0,0,1504.9800631639073,,,,,,12381,9803.7,17.224333107053052,34.60311614798374,16.45469023668724,15.13988098985694,17.084870926594974,53.11836092843031,69.44773999890486,50,70,30,,
1759240800,1555.85,1581.65,1554.7,1563.7,,,,,,,1505.971241829449,1417.809956862494,0,0,1507.328860637351,,,,,,11446,9774.85,9.914289236182427,19.20448202434363,19.03506826394151,10.205522395383662,13.65073047059967,54.82157738992167,68.30981913411301,50,70,30,,
1759255200,1563.85,1570.75,1561.25,1569.2,,,,,,,1508.450800973392,1419.3163254509268,0,0,1509.803706211857,,,,,,2150,9025.6,6.518238892440721,11.218953745225434,19.01987091372837,17.636824155940115,14.327409180393587,56.0195503234174,66.71328145802339,50,70,30,,
1759269600,1568.1,1592.8,1562.9,1590.15,,,,,,,1511.6546911312983,1421.016163008629,0,0,1513.0175579633826,,,,,,4749,8445.2,14.300401810188259,10.244309979603837,21.82162438610935,25.797418193748996,17.87992158169094,60.3341340699962,65.85877406126268,50,70,30,,
1759284000,1590.05,1595.8,1560.85,1565.75,,,,,,,1513.776075792816,1422.4563006901353,0,0,1515.1268556448474,,,,,,8881,8670.6,6.52009333842367,9.112911347017585,16.22836762977228,24.47263476767846,22.63562570578921,53.723623324845725,64.45202909439605,50,70,30,,
1759298400,1565.8,1593.85,1548.45,1584.7,,,,,,,1516.557406153882,1424.0706658573977,0,0,1517.9097814190536,,,,,,11624,8956.05,12.01243675418975,10.944310634267225,16.257367869243154,26.194891070618656,25.488314677348722,57.60831604326751,63.012700297773975,50,70,30,,
1759312800,1584.65,1588.75,1564.95,1569,,,,,,,1518.613978461573,1425.5127487841896,0,0,1519.9533901622915,,,,,,12911,9367.5,5.378560494493216,7.970363529035545,8.44392658489626,19.82262184249014,23.496715893595773,53.59419729215463,61.19260317557774,50,70,30,,
1759327200,1569,1574.1,1535.7,1546.65,,,,,,,1519.7134302866093,1426.7180945674315,0,0,1521.0212545558,,,,,,14982,9840.3,-11.69606879847886,1.8983094834013674,4.36503743944985,15.074939271699316,20.364150728269387,48.421620856299846,59.50370562998443,50,70,30,,
1759341600,1546.75,1562.55,1545.4,1562.5,,,,,,,1521.3913349812522,1428.069158303079,0,0,1522.6804043735679,,,,,,2477,9331.95,-14.238118945109875,-6.851875749698507,3.80352172082695,11.090765930261538,15.32944234815035,51.96246098877571,58.38785298470128,50,70,30,,
1759356000,1562.35,1564,1548.95,1559,,,,,,,1522.8661845898305,1429.3719527478245,0,0,1524.1331881986252,,,,,,5406,9024.55,-18.39813942249635,-14.777442388695029,3.655446733808759,9.115576170224601,11.760427124061835,51.127782829322726,57.1461731516775,50,70,30,,
1759370400,1558.85,1570.6,1557.15,1568.9,,,,,,,1524.6714322529745,1430.760291526453,0,0,1525.9238606706801,,,,,,4352,9058.85,-13.044411903245717,-15.22689009028398,7.4252354929743944,16.370196276672633,12.192179459052943,53.4075811496289,56.0133801748144,50,70,30,,
1759384800,1569.35,1589.3,1566.8,1583.25,,,,,,,1526.968630988152,1432.2776020585281,0,0,1528.216906243853,,,,,,8403,8974.05,2.305137964298961,-9.712471120481036,7.289348642037254,23.013210694213154,16.166327713703478,56.57004219482525,55.11381226312441,50,70,30,,
1759399200,1583.3,1597.55,1564.3,1568.85,,,,,,,1528.6110376160675,1433.636531391279,0,0,1529.8422299940987,,,,,,13724,9104.3,0.9194199797052298,-3.2732846530805086,-0.40761647447213534,30.944886609247032,23.442764526710956,52.7041477106302,53.78072248501635,50,70,30,,
1759413600,1568.7,1575.25,1525.05,1560.8,,1525.05,,,,,1529.8733498664178,1434.9018395366395,0,0,1531.0805407943349,,,,,,23020,9571.05,-8.203056294362074,-1.6594994501192943,-6.794629449923178,29.732864118186757,27.896987140548998,50.62149649115363,53.85963511376217,50,70,30,,
1759428000,1560.95,1573.65,1560,1573.5,,,,,,,1531.5841988912641,1436.2809257104043,0,0,1532.7773191625615,,,,,,2616,8927.5,-0.7409758511387103,-2.6748707219318515,-4.893828102783772,32.60071955295607,31.092823426796638,53.72807170287167,53.90318588336512,50,70,30,,
1759442400,1570.05,1575.4,1560,1569.6,,,,,,,1533.0750146210185,1437.6074836635346,0,0,1534.2502263960591,,,,,,3494,8545.05,0.15053269620246745,-2.931166483099439,-7.218626784814489,32.34846072440909,31.56068146518399,52.632987436349204,53.74685802953852,50,70,30,,
1759456800,1569.4,1569.9,1556.25,1563.1,,,,,,,1534.2524650280372,1438.8561654181262,0,0,1535.4042173402167,,,,,,3712,8635.1,-8.46627703731303,-3.0189067307497575,-11.66619465449763,32.73182485154653,32.560335042970586,50.77546681766679,53.37228063627061,50,70,30,,
1759471200,1563.2,1584.7,1559.55,1582.45,,,,,,,1536.1425644387025,1440.2849597920751,0,0,1537.2860486466082,,,,,,6565,8782.45,9.997677429635495,0.5606443628416441,-4.760646617249037,44.37626585152444,36.48551714249337,55.77878982862296,53.046898904743955,50,70,30,,
1759485600,1582.5,1609.65,1572.9,1599.9,,,,,,,1538.6428560293416,1441.873169147378,0,0,1539.7906067007439,,,,,,12556,9178.2,31.834096946229337,11.121832446183936,-5.529275072049998,66.08399065020515,47.73069378442539,59.75182386417347,53.477484657553084,50,70,30,,
1759500000,1599.7,1614.3,1588.55,1596.45,,,,,,,1540.9098028517203,1443.4112470663094,0,0,1542.0569824327142,,,,,,15769,9060.9,41.276270179604154,27.70268151848966,-2.2254687057223492,89.70515547272372,66.72180399148445,58.630265521446766,53.5504810488516,50,70,30,,
1759514400,1596.55,1606.1,1594.3,1595.7,,,,,,,1543.0584380340058,1444.9265580407741,0,0,1544.2027031354057,,,,,,3304,8607.05,45.713267508806396,39.60787821154663,-4.902111417130953,92.67465252227703,82.82126621506865,58.37374911754207,53.89187760780784,50,70,30,,
1759701600,1598.85,1622.05,1595.35,1620.4,,,,,,,1546.0914404640448,1446.6725624383785,0,0,1547.2505950099894,,,,,,8422,8455.85,58.707442478386966,48.565660055599174,-3.6612102406176916,92.67465252227703,91.68482017242593,63.965325463874564,55.00214222263461,50,70,30,,
1759716000,1620.3,1627.55,1606.3,1611.35,,,,,,,1548.6505996615333,1448.3111439066533,0,0,1549.8145712095898,,,,,,6261,8661.4,60.590192683785816,55.00363422365972,-0.24888592057885717,87.99180220986453,91.11370241813955,60.74560524723673,55.62950966966754,50,70,30,,
1759730400,1612.4,1621.9,1595.35,1611.7,,,,,,,1551.1231251650026,1449.9369036687763,0,0,1552.2899883612063,,,,,,9620,8904.95,60.42670516491812,59.90811344236363,-6.720494428742782,84.26588513030994,88.31077995415052,60.827726666284136,56.32236280087907,50,70,30,,
1759744800,1611.9,1643.85,1597.15,1643.2,,,,,,,1554.7339830016692,1451.859919552669,0,0,1555.926388826758,,,,,,14324,9177.1,70.38239621569431,63.79976468813274,-5.65562825882138,84.26588513030994,85.50785749016148,67.43151202511265,57.324072149127865,50,70,30,,
1759759200,1642.85,1646,1625.05,1630.8,1646,,,,,,1557.7169640604272,1453.6404178655778,0,0,1558.9213332736877,,,,,,10854,9138.6,69.66490631892185,66.82466923317808,-3.5946664333822866,83.43788308767625,83.98988444943207,62.933777790647184,57.778624691686574,50,70,30,,
1759773600,1630.9,1632.75,1621.1,1621.1,,,,,,,1560.2025733129594,1455.3066823644278,0,0,1561.40847994274,,,,,,1666,8576.35,63.40591912409721,67.81774055290445,-7.012508132807994,75.7897774453274,81.16451522110457,59.58561146021989,58.27015781665727,50,70,30,,
1759788000,1621.25,1628.1,1600.25,1618.35,,,,,,,1562.4828645555885,1456.929003932941,0,0,1563.6861407450306,,,,,,6439,8149.2,56.27676993986688,63.11586512762864,-12.410527771639437,58.339311352756766,72.52232396192016,58.63322621899804,58.84242422578901,50,70,30,,
1759802400,1618.55,1634.75,1617.1,1629.25,,,,,,,1565.1011835926242,1458.6436407097276,0,0,1566.3086951152293,,,,,,5116,8281.15,56.387063180565846,58.68991741484331,-6.626915333786215,54.9588697668519,63.029319521645384,61.27525936299553,59.381509058655,50,70,30,,
1759816800,1629.1,1629.5,1601.95,1614.7,,,,,,,1567.046235216443,1460.1964403046557,0,0,1568.24434731062,,,,,,11296,8575.65,45.5747795619974,52.74620422747671,-5.439983053753451,47.86200691586813,53.72006267849229,56.122446356147655,59.63075612435489,50,70,30,,
1759831200,1613.45,1635.4,1608.85,1626.75,,,,,,,1569.387559325602,1461.853689654858,0,0,1570.5845734181953,,,,,,11643,8940.2,46.05547331265436,49.33910535173919,-5.124767259714005,41.79881024508523,48.20656230926844,59.183714946363295,60.23134527640464,50,70,30,,
1759845600,1625.75,1640.1,1603.25,1613.95,,,,,,,1571.1351060187158,1463.3670857776954,0,0,1572.3191904814676,,,,,,14864,9263.25,34.51462733049035,42.048293401714034,-10.411439715914938,20.642977620992536,36.767931593981984,54.80929146992202,60.162095393640286,50,70,30,,
1759860000,1614.15,1624.6,1609.8,1623.95,,,,,,,1573.2062783317074,1464.9649257202059,0,0,1574.3844228622088,,,,,,1778,8665.95,35.03367374203092,38.534591461725206,-8.769354892390396,16.858613649659134,26.433467171912323,57.454999114393864,59.99803648294174,50,70,30,,
1759874400,1620.85,1656.15,1613.4,1644.65,,,,,,,1576.0079929069345,1466.7528369070694,0,0,1577.1950459477205,,,,,,6316,7830.75,49.014741300266174,39.52101412426248,-8.15796083056351,27.065212859303802,21.522268043318515,62.36658117296082,60.26491617233561,50,70,30,,
1759888800,1643.95,1660.1,1642.25,1649.1,,,,,,,1578.8743461262704,1468.567236539835,0,0,1580.0712441098117,,,,,,7663,8083.1,57.636884580170296,47.228433207489125,-0.19107238553617378,49.67031448834435,31.198046999102456,63.34621998975231,60.620092663207764,50,70,30,,
1759903200,1648.65,1651.6,1633.55,1647,,,,,,,1581.5459403958284,1470.3426869225232,0,0,1582.7483943454192,,,,,,8335,8325.15,60.045429696006735,55.565685192147726,0.9279421675017971,63.06406590831173,46.59986441865332,62.51913669191531,60.51679346521068,50,70,30,,
1759917600,1647.4,1672,1642.9,1668.65,,,,,,,1584.961785870502,1472.3158940178214,0,0,1586.1844585716024,,,,,,8971,8588.1,69.10921250125246,62.26384225914315,0.45489250307745976,75.93585744898759,62.89007928188125,67.26451284705234,60.98242972234037,50,70,30,,
1759932000,1668.85,1675.65,1645.45,1662.55,,,,,,,1588.0044609344038,1474.208770694261,0,0,1589.2390802287382,,,,,,10159,8767.8,69.72599726691031,66.29354648805649,2.768566979923307,79.73714497339606,72.91235611023181,64.77604461337938,61.26445243284717,50,70,30,,
1759946400,1662.25,1673.3,1651.05,1652.15,,,,,,,1590.5199722703096,1475.9793301898403,0,0,1591.7555170195888,,,,,,5223,8401.15,63.3667354162853,67.40064839481602,-0.3977307456265464,75.08370557632016,76.91890266623462,60.655945492147005,60.780483394778194,50,70,30,,
1759960800,1638,1659,1630.45,1650.55,,,,,,,1592.8740910048073,1477.716351779991,0,0,1594.107296338805,,,,,,10670,8146.2,56.65552740229387,63.249420028496495,-1.2158866351367692,56.270353683710916,70.36373474447574,60.02340952275807,60.57259994707183,50,70,30,,
1759975200,1650.2,1660.55,1645.15,1659.7,,,,,,,1595.4947148869717,1479.5271343493444,0,0,1596.731004485253,,,,,,8628,8412.4,56.79053758950477,58.937600136027974,-1.8650614169049788,50.396841999902485,60.583633753311204,62.435926229915445,60.77619385919295,50,70,30,,
1759989600,1659.55,1673.65,1642.55,1669.1,,,,,,,1598.38119665611,1481.4134315199976,0,0,1599.6257643058427,,,,,,8602,8421.4,60.81556154094693,58.08720884424852,5.027581020294946,61.41903558731633,56.0287437569766,64.78696342005566,61.21574651641135,50,70,30,,
1760004000,1669.2,1686.65,1660.45,1664.95,1686.65,,,,,,1600.9917379637136,1483.2396660322365,0,0,1602.238733733609,,,,,,12422,8729.45,59.39479394571511,59.0002976920556,13.55983351418243,69.15583919966133,60.32390559562674,62.91479662660739,61.33285632095505,50,70,30,,
1760018400,1665.05,1672.9,1606.95,1611.45,,,,,,,1601.4018658867053,1484.5153907483336,0,0,1602.6071843842647,,,,,,26905,9593.7,28.42441209724946,49.54492252797049,3.1045289302311545,48.622961730020755,59.732612172332836,44.90105802851398,60.53132858326694,50,70,30,,
1760032800,1611.5,1622.55,1606.35,1615.9,,,,,,,1601.970420165658,1485.8227002931262,0,0,1603.138897008894,,,,,,9083,9331.65,10.140587384822108,32.653264475928886,-1.009621926380504,23.913037726919853,47.23061288553401,46.2788612058206,59.609553316085325,50,70,30,,
1760047200,1624.75,1633.65,1606.05,1615.5,,,,,,,1602.5009919238676,1487.1130216832444,0,0,1603.6333411285382,,,,,,9199,9248.9,-2.50058920226801,12.021470093267853,0.258382907348377,4.01287865168687,25.516292702875855,46.16710767499313,58.9922544735904,50,70,30,,
1760061600,1614.3,1620.55,1580.6,1598.45,,1580.6,,,,,1602.3421294954805,1488.2208523132617,0,0,1603.4260074833967,,,,,,13597,9845.45,-16.743428005064697,-3.0344766075035317,-5.9832352413273355,4.012878651686868,10.646265010097892,41.56024024804942,57.8569145545658,50,70,30,,
1760076000,1598.3,1655.35,1583.5,1630.55,,,,,,,1603.4483204956578,1489.6370627380054,0,0,1604.5109671840607,,,,,,15253,10286.15,-13.0360582278045,-10.76002514504573,2.130229692655078,14.838412501479729,7.621389934951185,51.39416325386069,57.07317041748722,50,70,30,,
1760090400,1630.2,1644.25,1616.85,1626.5,,,,,,,1604.3523079272006,1490.998883009269,0,0,1605.3905284966984,,,,,,19335,10997.1,-12.301224381114308,-14.026903537994498,13.741209159638814,24.334024112832623,14.395105088666407,50.24535130753049,56.13739408304281,50,70,30,,
1760104800,1626.15,1635.5,1590.9,1601.5,,,,,,,1604.2404527143692,1492.098396611167,0,0,1605.2349073568305,,,,,,23739,11619.25,-24.583605930254016,-16.640296179724274,5.525785868341217,27.192013930268583,22.121483514860312,43.745046852279785,54.796387665925984,50,70,30,,
1760119200,1601.8,1607.5,1584.3,1591,,,,,,,1603.72121927459,1493.0824921672747,0,0,1604.6655110625572,,,,,,8274,11450.8,-35.76771889033364,-24.21751640056732,4.148652452388362,14.274955393591947,21.933664478897715,41.32678457535676,52.94369278937631,50,70,30,,
1760306400,1618.5,1639.55,1612.35,1627.55,,,,,,,1604.6556812638219,1494.4204773198392,0,0,1605.580890620055,,,,,,14276,11421.4,-24.51425990044313,-28.288528240343595,8.447306408648316,17.301780601360893,19.589583308407143,51.3985673838161,51.988158701550354,50,70,30,,
1760320800,1627.45,1639.05,1624.45,1636.75,,,,,,,1605.9142819985739,1495.8366914758606,0,0,1606.8276549952527,,,,,,8810,11773,-11.189145662905034,-23.823708151227265,9.032493233191062,31.940533371864515,21.172423122272452,53.559534491601674,51.4812722015114,50,70,30,,
1760335200,1636.65,1661.2,1633.35,1653.3,,,,,,,1607.77254544961,1497.403490565653,0,0,1608.6865487954426,,,,,,11689,12041.65,5.185001953655156,-10.172801203231,9.005723322114648,54.60825878251725,34.61685758524755,57.242567087861914,51.28264059901882,50,70,30,,
1760349600,1653.4,1657.85,1637.1,1652.2,,,,,,,1609.5147985692333,1498.9437543411193,0,0,1610.427086843625,,,,,,13372,12327.1,15.38637849252216,3.1274115944240966,1.677890406165318,62.38023859371028,49.64301024936401,56.919458036023734,50.88860715659798,50,70,30,,
1760364000,1652.1,1665.6,1633.35,1636.15,,,,,,,1610.5593162724006,1500.308990616332,0,0,1611.45600336988,,,,,,13801,12600.4,14.646422923758271,11.739267789978532,-1.2519177969684563,61.89571976323277,59.628072379820104,52.28230151288189,49.995417020371285,50,70,30,,
1760378400,1636.25,1638.15,1614.85,1625.65,,,,,,,1611.15110779113,1501.556164839055,0,0,1612.0237632350847,,,,,,4422,12372.95,7.2217525167076655,12.418184644329367,-4.363093823756117,56.36542077614257,60.21379304436187,49.44433982999307,49.03324153489883,50,70,30,,
1760392800,1628.55,1664.95,1627.7,1650.05,,,,,,,1612.676554544419,1503.0337154376714,0,0,1613.5448127056814,,,,,,9343,12332.15,17.17007595445088,13.012750464972273,-3.533183554531746,63.853555432213454,60.70489865719626,55.49062389840294,49.78963909703375,50,70,30,,
1760407200,1649.95,1679.1,1637.95,1640.35,,,1679.1,,,,1613.7617876995398,1504.4000466273462,0,0,1614.6170201974542,,,,,,13340,12738,17.84700674011261,14.079611737090387,2.024304772024678,70.94113450628453,63.72003690488018,52.78779310181521,50.25456280389051,50,70,30,,
1760421600,1640.05,1669.15,1617.85,1646.8,,,,,,,1615.0574038681852,1505.816961586278,0,0,1615.904339389556,,,,,,20659,13237.45,22.871492576782362,19.296191757115285,-6.49497225337457,81.2036173471629,71.99943576188696,54.379035625707374,50.84112908608438,50,70,30,,
1760436000,1647.9,1655.7,1605.05,1617.65,,1605.05,,,,,1615.159074304727,1506.9297281376582,0,0,1615.9741658139737,,,,,,22116,13911.85,4.851332456467329,15.189943924454104,-14.286061386398174,62.86681291134525,71.67052158826424,46.71584223784159,51.20938637106955,50,70,30,,
1760450400,1617.55,1657.45,1615.65,1638.85,,,,,,,1616.0881302143455,1508.2423676586766,0,0,1616.8891991814148,,,,,,21303,14546.9,7.597697257173323,11.773507430141004,-8.725881078319645,61.22880798670612,68.43307941507142,52.012351525345714,51.253542676175606,50,70,30,,
1760464800,1638.75,1644.4,1626.15,1630.45,,,,,,,1616.651340794175,1509.4583640003814,0,0,1617.4316312141582,,,,,,5375,14194.55,1.9309337623951421,4.793321158678598,-8.520482179756442,51.867516152049575,58.65437901670032,49.89601090770025,51.22858979047345,50,70,30,,
1760479200,1630.9,1654.25,1622.95,1650.2,,,,,,,1617.9669744885211,1510.858778288935,0,0,1618.742365965592,,,,,,8784,13288.5,15.004437441797743,8.177689487122068,-7.638305046922355,68.27786277993293,60.45806230622954,54.57592291606772,52.002223795029735,50,70,30,,
1760493600,1650.35,1659.75,1640.5,1650.45,,,,,,,1619.2408186262262,1512.2477456691445,0,0,1620.0106713269683,,,,,,8757,13272.2,23.46704427086565,13.46747182501951,-3.138037790237192,70.8998826209099,63.681753850964135,54.63368681003692,52.952716811792605,50,70,30,,
1760508000,1650.4,1671.4,1642.65,1660,,,,,,,1620.8392178957859,1513.7179173540287,0,0,1621.6102444738897,,,,,,12759,13450.2,34.622168064276174,24.364549925646525,-2.786363975692268,85.01363678653752,74.73046072912679,56.88899819006597,53.34489044081045,50,70,30,,
1760522400,1659.9,1669.5,1642.7,1650.9,,,,,,,1622.018072095951,1515.0829132012523,0,0,1622.781834694934,,,,,,15254,13533.05,34.91730704730362,31.002173127481814,-3.0117464922809347,80.7317566826263,78.88175869669124,54.12768793763388,53.38547282981275,50,70,30,,
1760536800,1651.15,1666.9,1644.85,1653.65,,,,,,,1623.2585398568942,1516.4616901843244,0,0,1624.0165613071367,,,,,,17571,13648.95,36.81053435933261,35.4500031569708,0.3466629566838151,82.18802801547616,82.64447382821334,54.84104471331941,53.21393551734543,50,70,30,,
1760551200,1653.75,1662.65,1650.95,1661.2,,,,,,,1624.7464402546632,1517.901872371545,0,0,1625.5038988548513,,,,,,5307,12947.55,43.13132059922966,38.28638733528863,0.18973027384448926,83.17027423313674,82.0300196437464,56.826116500808794,53.207268264830084,50,70,30,,
1760565600,1659.5,1677,1654.75,1672.95,,,,,,,1626.636775930951,1519.4446398106343,0,0,1627.4017429006572,,,,,,6784,12099.8,53.059666002050506,44.33384032020425,0.06828240497924298,93.00804022712668,86.12211415857986,59.788607514691726,53.74343297924508,50,70,30,,
1760580000,1673.05,1678.35,1644,1653,,,,,,,1627.6706278552274,1520.773548867245,0,0,1628.4256731846308,,,,,,10906,12231.4,43.56090093973347,46.58396251367122,-0.5915072565188382,82.92226884687585,86.36686110237979,53.123429579592056,54.006225104216426,50,70,30,,
1760594400,1652.75,1669.45,1651.15,1667.25,,,,,,,1629.222760096199,1522.231025992944,0,0,1629.9786462572456,,,,,,9310,11983.1,48.017221536124666,48.21259615930288,-0.4634666081381198,75.6504982562869,83.8602691100965,56.825755939093185,54.10159167855145,50,70,30,,
1760608800,1666.95,1698.85,1660.65,1696.55,,,,,,,1631.863044013995,1523.9655431472431,0,0,1632.6415004069559,,,,,,16238,12354.5,63.87648735599357,51.81820327728391,0.8843900697079192,75.6504982562869,78.07442178648323,63.25241311548489,54.84906453667071,50,70,30,,
1760623200,1696.35,1730.55,1691.35,1701.3,1730.55,,,,,,1634.586061895799,1525.730065105977,0,0,1635.3878403906776,,,,,,22298,12884.95,71.61677821689803,61.170162369672084,6.467002878270719,92.52951388915024,81.27683680057469,64.18321585646208,55.549363124581724,50,70,30,,
1760637600,1701.4,1717.4,1688.6,1715.5,,,,,,,1637.7591575077286,1527.618323164624,0,0,1638.5923267750504,,,,,,8850,12658.85,77.89725347525952,71.13017301605036,6.836527693101132,100,89.39333738181239,66.88374842568973,56.98992785228516,50,70,30,,
1760652000,1703.8,1724.25,1689.35,1695.3,,,,,,,1640.0156611348764,1529.2867975609959,0,0,1640.8606337040485,,,,,,16392,12788.4,72.25708021428727,73.92370396881493,1.3755893683918714,86.60966020965706,93.04639136626912,59.958129175107004,57.55748339869668,50,70,30,,
1760666400,1695.2,1712.05,1691.9,1705.55,,,,,,,1642.5856352080184,1531.0406602718317,0,0,1643.4482083558867,,,,,,11839,13159.25,70.8222670829986,73.6588669241818,2.073163256877649,75.20863907026305,87.27276642664005,62.1025273762498,58.429377432164515,50,70,30,,
1760680800,1705.6,1710.15,1649.5,1663.1,,,,,,,1643.3901201018216,1532.354683552709,0,0,1644.234280021651,,,,,,22655,13824.85,49.05452426346477,64.04462385358354,-5.159543235183264,41.87530573692971,67.89786833894995,50.12907753020973,58.11174561888894,50,70,30,,
1760695200,1663,1672,1612.7,1617.95,,,,,,,1642.3924683331227,1533.206378243727,0,0,1643.182908820785,,,,,,31325,14724.1,20.540395507383934,46.805728951282425,-6.1821821440262426,21.93231219393931,46.338752333710694,41.06118701481119,57.14228134780139,50,70,30,,
1760709600,1617.65,1632.2,1602.35,1616,,,,,,,1641.357469574961,1534.0301953756302,0,0,1642.0955924679538,,,,,,34189,15400.6,2.1066804907781815,23.900533420542292,-10.899635097843685,-9.473903143468002e-15,21.26920597695634,40.71859997269653,55.98725290370357,50,70,30,,
1760724000,1615.95,1619.4,1600.35,1602.9,,,,,,,1639.8493335131977,1534.715467063435,0,0,1640.5277687692355,,,,,,8231,14706.35,-12.555249479373131,3.3639421729296615,-14.074804148719991,-9.473903143468002e-15,7.3107707313131,38.40067357089671,54.86389473465091,50,70,30,,
1760911200,1610.9,1624.9,1574.75,1594.6,,,,,,,1638.0748498460134,1535.3113330628037,0,0,1638.6906580184661,,,,,,14491,14365.75,-23.379206995778794,-11.27592532812458,-14.274029342179645,-9.473903143468002e-15,-6.710681393289834e-15,36.96489406173378,53.587026830966224,50,70,30,,
1760925600,1594.7,1605.65,1575.9,1577.5,,,,,,,1635.6993655383267,1535.731120793522,0,0,1636.2430316977275,,,,,,10949,14644.45,-33.031721219428015,-22.988725898193312,-19.1010192821481,-9.473903143468002e-15,-6.710681393289834e-15,34.13330665228882,51.96611184178623,50,70,30,,
1760940000,1578.4,1612.65,1557.3,1607.4,,,,1557.3,,,1634.589586497608,1536.444243969706,0,0,1635.0893104298184,,,,,,13033,14856.9,-32.478395492740106,-29.62977456931564,-20.414312061672874,8.744053994379874,2.914684664793285,42.436538584243415,50.72667834675421,50,70,30,,
1760954400,1608.6,1636.8,1596.3,1620.3,,,,,,,1634.0292105565254,1537.278629601848,0,0,1634.4977380126256,,,,,,18641,15351.1,-27.93401490379611,-31.14804387198808,-12.60629571548347,20.77980336438656,9.841285786255474,45.62155238366157,50.190829975616325,50,70,30,,
1760968800,1620,1646.3,1617.25,1642.05,,,,,,,1634.3437513190147,1538.3211307998397,0,0,1634.7998284921207,,,,,,15707,15498.5,-16.67544872562091,-25.695953040719044,-8.056895632467786,37.88449210950811,22.46944982275818,50.58597642004816,49.745131438541684,50,70,30,,
1760983200,1642.25,1646.6,1627.95,1627.95,,,,,,,1634.093015973171,1539.21296034412,0,0,1634.525835352436,,,,,,5637,15017.65,-13.125822418542958,-19.245095349319993,-11.835954599193755,43.14792390291408,33.937406458936245,47.554998507894545,48.62388753799951,50,70,30,,
1760997600,1624.4,1652.1,1617.8,1635.7,,,1652.1,,,,1634.1560349546153,1540.1730303904471,0,0,1634.5728019383384,,,,,,13864,14832.3,-6.55163230964839,-12.117634484604089,-10.784450298396337,46.952258167044995,42.6615580598224,49.35133586930241,47.564467538916674,50,70,30,,
1761012000,1635.8,1637.5,1608.65,1608.65,,,,,,,1633.1557982897284,1540.8543932721343,0,0,1633.535889860805,,,,,,16381,15386,-14.873706740765458,-11.517053822985604,-15.995135114537163,41.54429248592833,43.88149151862913,43.72226515276618,45.91007587656499,50,70,30,,
1761026400,1608.55,1613.15,1560.3,1585.15,,,,,,,1631.273217964641,1541.295145577884,0,0,1631.6004542663727,,,,,,26634,16378.5,-28.70459399081573,-16.70997768040986,-18.11678097977959,34.125924999331346,40.87415855076822,39.50636655176318,44.44923568918329,50,70,30,,
1761040800,1585.25,1589.4,1526.2,1529.6,,,,,,,1627.2860329464197,1541.178775970144,0,0,1627.5204360957177,,,,,,28539,17260.15,-48.212481925080965,-30.596927552220716,-20.256739232619452,18.285841365193743,31.31868628348447,31.72019114518538,42.27906881553583,50,70,30,,
1761055200,1529.25,1552.8,1514.9,1545.3,,,,,,,1624.0708943995012,1541.219783174421,0,0,1624.231618651889,,,,,,33971,18493.2,-54.3960145355979,-43.7710301504982,-24.081736871245496,13.619279879548841,22.010348748024644,35.584297860496335,41.24015598198487,50,70,30,,
1761069600,1545.2,1554.6,1539.65,1543.4,,,,,,,1620.9073299132463,1541.241476874178,0,0,1620.9983539058135,,,,,,6935,18028.05,-57.149687841988445,-53.2527281008891,-24.67192970915204,13.593006461029447,15.166042568590678,35.32376504397354,40.83034012692504,50,70,30,,
1761084000,1542.85,1544.55,1485.25,1526.25,,,,1485.25,,,1617.1952777597855,1541.092307950057,0,0,1617.208419749581,,,,,,17522,17789.25,-60.80624119552758,-57.450647857704645,-29.619341367218382,15.935420303761875,14.382568881446725,32.97679430142253,40.27735400754832,50,70,30,,
1761098400,1526.6,1540.3,1520.85,1539,,,,,,,1614.1287962790097,1541.0714889654791,0,0,1614.0800829595978,,,,,,9616,17827.55,-58.89467713279771,-58.950202056771246,-24.968229102220363,17.379768400388624,15.636065055059985,36.36202139692283,40.131735995121616,50,70,30,,
1761112800,1538.9,1562.35,1514.05,1548.85,,,,,,,1611.5688434837546,1541.1488870852256,0,0,1611.470879641214,,,,,,19111,17963.5,-53.847467709489855,-57.849462012605045,-18.142274479270142,23.887814678439543,19.067667794196684,38.92835414274728,40.27198314376544,50,70,30,,
1761127200,1548.8,1561.15,1528.1,1548.95,,,,,,,1609.113202562823,1541.226510099303,0,0,1608.9700444555654,,,,,,23877,18565.4,-49.2543424792293,-53.99882910717228,-17.814213555098803,34.66426797940863,25.310617019412266,38.95526907096607,40.61640903081381,50,70,30,,
1761141600,1547.95,1626.65,1536.65,1626.3,,,,,,,1609.7871946191829,1542.0730124863746,0,0,1609.6632426773429,,,,,,22227,18544,-23.263070957867075,-42.121627048862074,-12.906369449643563,59.523091637755236,39.35839143186781,55.34767445054929,41.53863302126423,50,70,30,,
1761156000,1626.25,1636.7,1618,1626.95,,,,,,,1610.4602458105874,1542.9175596258137,0,0,1610.3547129702492,,,,,,10815,17518.5,-6.017565728932119,-26.178326388676158,-12.527544811392957,79.78553381036818,57.99096447584402,55.45592302550221,42.24108806711,50,70,30,,
1761170400,1624.55,1633.75,1578.55,1594.8,,,,,,,1609.8461185238978,1543.4338028136167,0,0,1609.7325244514393,,,,,,15063,16562.2,-1.5817534727289528,-10.287463386509382,-16.40425166099351,91.31408588082978,76.87423710965108,49.11380925477984,42.135933269590836,50,70,30,,
1761184800,1594.85,1626.4,1583.6,1603.5,,,,,,,1609.5972511308037,1544.0314764174614,0,0,1609.4832234733817,,,,,,13286,16814.95,4.531900031812645,-1.0224730566161433,-16.338500884673408,84.88196719975082,85.32719563031627,50.75504436686612,42.364507973803086,50,70,30,,
1761199200,1603.8,1662,1593.15,1657.3,1662,,,,,,1611.46794716489,1545.1585264033572,0,0,1611.3958945344464,,,,,,17183,16949.55,21.6166929507027,8.18894650326213,-10.905880466270702,84.88196719975082,87.02600676011048,59.462240153635996,43.08671542268406,50,70,30,,
1761213600,1657.2,1657.95,1631.5,1641.9,,,,,,,1612.6613610015609,1546.1211281306869,0,0,1612.6160587530685,,,,,,19087,17356.45,28.52894411657354,18.225845699696293,-10.737102118299234,90.01573715196169,86.59322385048777,56.388747789986944,43.99146418248555,50,70,30,,
1761228000,1641.8,1645.05,1616.9,1634.3,,,,,,,1613.509935079931,1546.9985298408294,0,0,1613.4834164029457,,,,,,17393,17574.45,30.890513205274075,27.012050090850106,-14.359412970320918,91.1376588241251,88.67845439194586,54.881129263379336,45.08966151902956,50,70,30,,
1761242400,1634.4,1635.1,1623.2,1625.2,,,,,,,1613.9683689983651,1547.7766539220152,0,0,1613.9520797468278,,,,,,4688,16876.8,29.45682121701326,29.62542617962029,-16.264101668164543,83.30270298802513,88.1520329880373,53.052126770504934,46.61337120655238,50,70,30,,
1761256800,1624.2,1651.95,1618.8,1645.6,,,,,,,1615.2088251160762,1548.7500205496567,0,0,1615.2179965569546,,,,,,9419,16562.4,34.45914673447267,31.602160385586668,-12.951870003491521,83.30487879664551,85.9150802029319,56.548140156448994,48.11078851340614,50,70,30,,
1761271200,1645.15,1660,1617.75,1620.05,,,,,,,1615.3986751115242,1549.4594730815008,0,0,1615.4112766946764,,,,,,12023,16881.7,28.02101977400087,30.645662575162266,-16.41084814923343,78.70254345675528,81.77004174714197,51.38688989821999,49.25815457442375,50,70,30,,
1761285600,1620.6,1623.2,1583.2,1584.35,,,,,,,1614.1810800091114,1549.8066425035754,0,0,1614.1688256268894,,,,,,13894,16883.2,9.632111412093717,24.037425973522417,-21.396474732018632,66.10681356608085,76.03807860649387,45.181623648029884,50.12992809918142,50,70,30,,
1761300000,1584.4,1619.5,1576.2,1585.5,,,,,,,1613.05633177346,1550.1618002896096,0,0,1613.0220726018138,,,,,,18930,17010.65,-2.564228318965357,11.696300955709743,-28.227156734508142,46.94833801580808,63.91923167954806,45.410306211988726,50.7762341574004,50,70,30,,
1761314400,1585.75,1621.2,1580.75,1608,,,,,,,1612.8580442529321,1550.7373047643398,0,0,1612.8211896977411,,,,,,15957,16476.8,-2.5566830586264695,1.503733344833963,-23.91233730975408,41.354025389601304,51.4697256571634,49.82091915568447,51.55427451546735,50,70,30,,
1761328800,1608.05,1614.75,1599.4,1599.6,,,,,,,1612.3381209488955,1551.223500736834,0,0,1612.2923421098315,,,,,,7171,15408.4,-6.8588232916778455,-3.9932448897565593,-20.287234858974927,35.72492742744192,41.34243027761709,48.25345312207413,52.21843051911793,50,70,30,,
1761516000,1614.1,1617.9,1591.95,1609,,,,,,,1612.2072142450172,1551.798391276766,0,0,1612.1606484254382,,,,,,11005,14260.1,-4.458939329073214,-4.6248152264591775,-20.506232240823167,36.81887346591612,37.965942094319765,50.14378877504257,51.84672439943888,50,70,30,,
1761530400,1608.95,1622.7,1598.65,1617.95,,,,,,,1612.4324215295264,1552.4566162391864,0,0,1612.3922224884207,,,,,,10381,14432.4,3.435109595118166,-2.6275510085442995,-15.152842009359617,34.9200609632141,35.82128728552403,51.94384646119164,51.59586178770241,50,70,30,,
1761544800,1618.05,1622.95,1580.95,1587.15,,,,,,,1611.4409540185645,1552.8018240378015,0,0,1611.382533588884,,,,,,10764,14094.5,-10.864765135931716,-3.9628649566289234,-11.905409345742541,29.103710752804208,33.614215060644796,45.81364979325737,51.360136111879385,50,70,30,,
1761559200,1587.05,1604.05,1573.9,1594.45,,,,,,,1610.7746420962678,1553.216233748868,0,0,1610.7052322453285,,,,,,15014,14364.4,-16.210273292381608,-7.879976277731721,-8.559916847677101,22.59993044443837,28.87456738681888,47.398170708276496,51.120359421980126,50,70,30,,
1761573600,1595.05,1601.35,1574.55,1594.05,,,,,,,1610.118773778767,1553.62253988072,0,0,1610.0390229555153,,,,,,19342,14375.95,-20.14544221535448,-15.740160214555937,-10.5223341965075,12.952335833688224,21.551992343643587,47.316523241097826,50.252808213941684,50,70,30,,
1761588000,1593.85,1596.95,1580.35,1584.75,,,,,,,1609.12391990509,1553.9322658520562,0,0,1609.0274620372948,,,,,,3889,13376.55,-28.596357320977475,-21.65069094290452,-8.74100944369279,11.957888738277637,15.836718338801397,45.360100143976226,49.46504766779806,50,70,30,,
1761602400,1583.95,1588.35,1564.35,1571.5,,,,,,,1607.6484720656747,1554.1070691769114,0,0,1607.526363555803,,,,,,7764,12653.4,-40.19385164647274,-29.645217060934897,-8.223377489581836,6.742833583447665,10.55101938513783,42.654096858540335,48.591688210309556,50,70,30,,
1761616800,1571.65,1588.7,1561.05,1567.05,,,,,,,1606.0563751219227,1554.2358545582356,0,0,1605.907309013571,,,,,,11119,12668.6,-48.07300597313919,-38.95440498019647,-12.56315793344774,0.4627523385790724,6.3878248867681116,41.7532044181341,47.784622327997354,50,70,30,,
1761631200,1567.3,1577.15,1516.7,1542.1,,1516.7,,,,,1603.5482819798865,1554.1150997865118,0,0,1603.355016653028,,,,,,15578,12694.35,-60.09542342795281,-49.45409368252158,-18.79028540200946,-1.0362081563168128e-15,2.401861974008898,37.03072928881003,46.39052155173743,50,70,30,,
1761645600,1542.15,1592,1540.5,1584.5,,,,,,,1602.8012905296948,1554.4174371020688,0,0,1602.600815986907,,,,,,18574,12958.75,-47.776346874540906,-51.98159209187764,-18.25090599900041,24.262895991184973,8.241882776588016,47.829717067744525,46.13643777813204,50,70,30,,
1761660000,1584.6,1594.95,1578.85,1591.15,,,,,,,1602.3443771755892,1554.7829352403567,0,0,1602.1427833474308,,,,,,20160,13107.6,-34.07032977521681,-47.314033359236845,-13.35189745225135,51.76143300937636,25.341443000187112,49.29836212295426,46.430490526340925,50,70,30,,
1761674400,1591.05,1591.5,1581.15,1584.55,,,,,,,1601.646558462821,1555.0791249394576,0,0,1601.4390720135336,,,,,,4096,12358.05,-27.079202239521816,-36.30862629642651,-16.743595277004303,76.07914061620336,50.701156538921566,47.858375100145786,46.605352589780715,50,70,30,,
1761688800,1585.65,1600.5,1573.55,1594.55,,,,,,,1601.3682620525144,1555.4718699649356,0,0,1601.1635091329922,,,,,,8454,11911.1,-14.500992697474048,-25.216841570737554,-12.348754374468399,81.35385936283156,69.73147766280375,50.23046121627709,46.634605594108756,50,70,30,,
1761703200,1594.35,1595.35,1564.45,1578.05,,,,,,,1600.453820403396,1555.6965279752349,0,0,1600.2389687676725,,,,,,9742,12163.8,-17.578545397058075,-19.719580111351306,-9.45086925658805,75.09023009716431,77.50774335873308,46.47363455981265,46.50747569680437,50,70,30,,
1761717600,1578.25,1619.35,1577.55,1609.6,,,,,,,1600.8124941130668,1556.232880930705,0,0,1600.6134100169656,,,,,,10770,12231.35,2.1144827088977074,-9.988351795211466,-2.056703932075081,84.10585582367064,80.1833150945555,53.61714339030448,46.755572455037374,50,70,30,,
1761732000,1609.7,1620.4,1599.65,1600.75,,,1620.4,,,,1600.8100433635348,1556.6758373393548,0,0,1600.618873616287,,,,,,12967,12278.55,10.007794303784003,-1.8187561281254485,7.276947981192521,83.80478249851252,81.00028947311581,51.539308617638156,46.72667689478355,50,70,30,,
1761746400,1600.5,1605,1589.45,1591.5,,,,,,,1600.4449436237883,1557.022346420555,0,0,1600.2541186716355,,,,,,12192,12193.45,8.78392231198729,6.968733108223006,3.267620324886522,87.53321047818055,85.14794960012124,49.385106359405185,46.98178093522268,50,70,30,,
1761760800,1591.7,1602.1,1577.05,1591.55,,,,,,,1600.0961223052084,1557.3659051626391,0,0,1599.90595392477,,,,,,16664,12080.15,7.7987598974710535,8.863492171080788,3.3837989532527644,79.18765905148655,83.50855067605987,49.397418498591904,47.12458434881664,50,70,30,,
1761775200,1594.8,1607.05,1584.75,1593.8,,,,,,,1599.8492155481413,1557.7284334694787,0,0,1599.6617157677792,,,,,,7992,11681.9,9.725260337149685,8.769314182202676,3.2241977867788876,76.1086657782914,80.94317843598617,49.986988518188596,47.31533186860884,50,70,30,,
1761789600,1593.7,1610.5,1580.05,1595.35,,,,,,,1599.672775722724,1558.102777415056,0,0,1599.489247137068,,,,,,13328,11989.75,13.21449870386448,10.246172979495073,2.4225399359793442,78.1522388328212,77.81618788753305,50.415578320732536,47.67643745266286,50,70,30,,
1761804000,1595.05,1617.5,1584.35,1604.95,,,,,,,1599.879725694382,1558.568918933314,0,0,1599.7076772515854,,,,,,12687,12073.85,26.444971615525446,16.461576885513203,0.5828601470869756,85.46724091851452,79.90938184320903,53.09652435490674,48.42232513097475,50,70,30,,
1761818400,1605,1607.25,1577.25,1600.5,,,,,,,1599.9040501769553,1558.9861436205447,0,0,1599.739370161522,,,,,,17079,12408.75,29.629891149806067,23.096453823065332,-7.69930815240248,88.85538415654618,84.15828796929397,51.70106944628829,49.132886918700045,50,70,30,,
1761832800,1600.8,1613.85,1590.3,1608.3,,,,,,,1600.2333031111923,1559.4768287586487,0,0,1600.081795355061,,,,,,13821,12561.6,39.49791724527765,31.857593336869723,-6.990949199940587,95.18180870315756,89.83481125940608,53.98392564500876,50.343829515571386,50,70,30,,
1761847200,1608.15,1614.6,1596.85,1597.85,,,,,,,1600.1398402440868,1559.8586513580651,0,0,1599.9925235408587,,,,,,4316,12026.7,32.43723480991941,33.85501440166771,-4.758305921329111,80.9463673835309,88.32785341441155,50.537557552652956,50.537246693064844,50,70,30,,
1761861600,1595.85,1627.15,1595.4,1622.6,1627.15,,,,,,1601.02063082275,1560.4829433843531,0,0,1600.8968225992244,,,,,,8204,11469.8,51.075934746007746,41.003695600401606,-5.770814762416194,84.73400933937266,86.95406180868703,57.46382460433452,51.120494013163444,50,70,30,,
1761876000,1621.35,1625.55,1601.5,1618.15,,,,,,,1601.6923707904853,1561.0567449427178,0,0,1601.5869496952555,,,,,,10369,11793.8,56.65039603528029,46.721188530402486,-7.396056327010257,80.17172080395117,81.95069917561824,55.94688232571153,51.69824452927528,50,70,30,,
1761890400,1618.25,1623.9,1587.15,1598.55,,,,,,,1601.5691405634075,1561.429812157218,0,0,1601.4654717074452,,,,,,9066,11858.9,40.54659394925971,49.42430824351592,-13.930974054184645,71.98896243578898,78.96489752637093,49.72107365915178,51.66185970376633,50,70,30,,
1761904800,1598.6,1604.35,1574.15,1591.3,,,,,,,1601.1664291687641,1561.7270279566487,0,0,1601.0588528391474,,,,,,10858,11845.85,22.043681696258272,39.74689056026609,-12.553538969376163,38.65562910245564,63.60543744739858,47.61055245903617,51.74306812513944,50,70,30,,
1761919200,1591.45,1595.6,1569.1,1573.65,,,,,,,1600.0873535150872,1561.8456644943935,0,0,1599.9624987255816,,,,,,18011,11967.5,-1.2339235368494172,20.45211736955619,-15.407581237136355,9.884584304543798,40.17639194759612,42.84275302497575,50.97346881333025,50,70,30,,
1761933600,1574.3,1580.2,1565.95,1570.55,,,,,,,1598.9290259262602,1561.932274797932,0,0,1598.7859987765582,,,,,,5856,11331.6,-16.732688157432648,1.3590233339920725,-18.966770841836876,2.1316282072803006e-14,16.180071135666473,42.046328719236264,50.29539882058725,50,70,30,,
1762124400,1570.75,1595.65,1562.05,1591.15,,,,,,,1598.6239660860147,1562.2229984317835,0,0,1598.480558825496,,,,,,9338,10790.5,-14.180304817568103,-10.715638837283384,-14.141336017442072,14.841080023120597,8.241888109221458,48.85082496423747,50.25723586378956,50,70,30,,
1762138800,1591.3,1602.55,1588.25,1599.5,,,,,,,1598.6583203571513,1562.5939138702731,0,0,1598.5213364724762,,,,,,6026,10887,-5.143754321802845,-12.018915765601193,-9.677806130259071,35.06573347395385,16.635604499024808,51.34456033593633,50.396317423599875,50,70,30,,
1762153200,1599.35,1610.5,1588.3,1592.3,,,,,,,1598.4089744607925,1562.8894968168377,0,0,1598.2724830135771,,,,,,8671,10897.85,-4.9005330722877485,-8.074864070552893,-3.344179441776191,50.48460427527283,33.463805924115746,49.1207025748384,50.33443985621771,50,70,30,,
1762167600,1592.2,1596.2,1572.95,1580.65,,,,,,,1597.712544089781,1563.0662182415458,0,0,1597.567583693034,,,,,,11172,10969.35,-15.97416808260247,-8.672818492231015,-9.821700362648912,43.57124649415683,43.040528081127825,45.67358733265699,49.99572621421232,50,70,30,,
1762182000,1580.45,1585.9,1556.35,1564.35,,,,,,,1596.4042090274365,1563.078992189391,0,0,1596.2388803453127,,,,,,14698,11165.75,-33.13571251032369,-18.003471221737964,-14.917929024414505,23.346593043323576,39.134147937584395,41.305916886510175,49.1535399664697,50,70,30,,
1762196400,1564.3,1566.9,1557.45,1565.8,,,,,,,1595.204043967537,1563.1060668939742,0,0,1595.0213251315001,,,,,,4273,10731.05,-41.49761687842207,-30.20249915711607,-18.62238124381861,9.045060176918154,25.320966571466172,41.838740693160645,48.44908791267488,50,70,30,,
1762210800,1564.15,1572.25,1557.25,1564.25,,,,,,,1593.9901598903787,1563.1174493129397,0,0,1593.79047212624,,,,,,8480,10545.45,-46.60435638821487,-40.41256192565354,-19.239493243928777,1.3287135400071322,11.240122253416269,41.40602640843576,47.55066653863395,50,70,30,,
1762225200,1564.2,1570.1,1547.75,1556.4,,,,,,,1592.516035973109,1563.0506090212687,0,0,1592.2948532411904,,,,,,7529,10088.7,-52.823985196823706,-46.97531948782021,-18.53877776346438,1.3287135400071322,3.9008290856441206,39.19508670076225,46.740490049213186,50,70,30,,
1762239600,1556.25,1566.9,1543.95,1554.25,,,,,,,1591.0154071114184,1562.9630407723007,0,0,1590.7730591115428,,,,,,5494,9963.8,-56.342499003293675,-51.92361352944408,-16.453278515540006,0.21137560509356992,0.9562675617025923,38.587355067450254,45.392170796578604,50,70,30,,
1762254000,1554.3,1564.55,1528.4,1540.8,,,,,,,1589.0461754599903,1562.7425130034221,0,0,1588.774136747081,,,,,,11424,9868.6,-62.9626945520793,-57.37639291739888,-14.608237873884846,1.9761969838327786e-14,0.5133630483668882,34.937766869601745,43.89151969257075,50,70,30,,
1762268400,1540.75,1559.4,1534.75,1540.05,,,,,,,1587.1247568145004,1562.5167168541343,0,0,1586.8251712771978,,,,,,9495,9709,-65.34546895197938,-61.55022083578411,-11.259615506407101,1.9687954970019444e-14,0.07045853503118406,34.74045282923609,42.821475347576786,50,70,30,,
1762282800,1540.15,1542.15,1530.7,1537.4,,,,,,,1585.1747663511867,1562.2667992734962,0,0,1584.8481644261099,,,,,,4485,9079.3,-66.13145362197521,-64.81320570867796,-10.4386582591507,1.9687954970019444e-14,6.414621920056464e-16,34.00959385082653,41.84997830413324,50,70,30,,
1762297200,1535.55,1538.95,1515.3,1533.3,,,,1515.3,,,1583.140461788395,1561.9785724150533,0,0,1582.7862378490654,,,,,,9317,8854.1,-66.57726978858624,-66.01806412084694,-9.947901090211047,1.9687954970019444e-14,6.167905692361987e-16,32.857839704850846,41.13677020983861,50,70,30,,
1762311600,1533.2,1548.85,1532.95,1545.75,,,,,,,1581.6741691692423,1561.8170940825653,0,0,1581.3047883351028,,,,,,7829,9029.75,-59.10803985048539,-63.93892108701561,-4.106763531811197,12.243682940389187,4.08122764679639,39.55219907638984,40.95861809249243,50,70,30,,
1762326000,1545.65,1554.85,1530.45,1532.45,,,,,,,1579.7438095939779,1561.5248841911964,0,0,1579.3505968016987,,,,,,6063,8922.7,-60.054520078543725,-61.91327657253844,-10.443717241270917,17.090955184351348,9.778212708246832,35.48222594458802,40.00371816251747,50,70,30,,
1762340400,1532.35,1559.9,1530.15,1547.65,,,,,,,1578.4852288255865,1561.3868256420303,0,0,1578.0825729296307,,,,,,8683,8838.4,-49.72263506032854,-56.295064996452545,-13.7247077377112,37.53886716973615,22.29116843149221,42.73474289481112,39.3887312024371,50,70,30,,
1762354800,1543.7,1560.4,1538.75,1558.65,,,,,,,1577.7073767147792,1561.3595935460896,0,0,1577.3052700124456,,,,,,7486,8759.4,-33.03615737698668,-47.60443750528631,-10.515988081270734,58.628517562680315,37.75277997225592,47.347515313853194,39.262074969509584,50,70,30,,
1762369200,1558.8,1561.6,1552.95,1559.3,,,,,,,1576.9855188043957,1561.3391000779693,0,0,1576.5850592119477,,,,,,2164,8324.7,-19.840583411162413,-34.19979194949254,-12.320714059597023,87.11457865205148,61.093987794822645,47.616034018792114,39.40082116137638,50,70,30,,
1762383600,1554.5,1560.5,1542.95,1558.25,,,,,,,1576.2507925767723,1561.3083627637607,0,0,1575.8516568434698,,,,,,5833,7715.8,-10.558184292446603,-21.144975026865232,-11.274035191410405,99.06578324006534,81.60295981826572,47.197304578924,39.82163456797736,50,70,30,,
1762398000,1558.15,1568.8,1552.95,1561.55,,,,,,,1575.674290907095,1561.31076711437,0,0,1575.279590569731,,,,,,4998,7672.9,-0.7373596616299132,-10.378709121746313,-13.025759709433046,99.06578324006534,95.08204837739406,48.7234925878727,40.313402560456794,50,70,30,,
1762412400,1562.3,1580.6,1556.8,1562.05,,,1580.6,,,,1575.1400049891697,1561.3181226654708,0,0,1574.7504069469417,,,,,,6465,7529.25,6.856205669554049,-1.4797794281741588,-15.09147789428701,99.06578324006534,99.06578324006534,48.96418794978879,40.85327124198201,50,70,30,,
1762426800,1562.3,1570.05,1550.35,1551.75,,,,,,,1574.2227498915552,1561.2229174648194,0,0,1573.830390669064,,,,,,8638,7659.85,1.3627931216009026,2.4938797098416763,-14.092556144672912,90.54181824372615,96.22446157461894,44.346153726016595,41.22120460092875,50,70,30,,
1762441200,1551.65,1551.9,1516.5,1535.65,,1516.5,,,,,1572.7100930330628,1560.9684605746222,0,0,1572.3031750423013,,,,,,15406,7996.6,-16.301664692154038,-2.6942219669996987,-13.637753239076218,68.56749566378285,86.05836571585813,38.27022173607875,41.1985522201165,50,70,30,,
1762455600,1535.75,1543,1526.85,1526.95,,,,,,,1570.9155795807858,1560.6299684296011,0,0,1570.4890480406093,,,,,,2545,7565.25,-31.59553847179514,-15.511470014116094,-16.925635763578995,40.74583005116303,66.61838131955736,35.44417175643797,41.234723997747665,50,70,30,,
1762470000,1525.5,1545.85,1519.5,1542.75,,,,,,,1569.8110470482059,1560.4520582959733,0,0,1569.379486118985,,,,,,5047,7082.7,-29.798950835113526,-25.898717999687573,-19.826765251563685,39.20601808311796,49.506447932687955,43.59101996211731,41.86690736438204,50,70,30,,
1762484400,1542.85,1554.65,1537.75,1551.8,,,,,,,1569.104731477688,1560.365968163675,0,0,1568.6763066742255,,,,,,4785,7108.3,-19.268413857924372,-26.887634388277686,-22.763285950759112,58.50549431614661,46.152447483475875,47.665031980057314,42.84229580218424,50,70,30,,
1762498800,1552.1,1566.65,1544.95,1556.6,,,,,,,1568.614349851112,1560.3284958436384,0,0,1568.1932544072565,,,,,,5366,6952.6,-6.787971397808326,-18.61844536361541,-15.926175727000043,86.32715992876642,61.34622410934367,49.738451875982015,44.048053814407886,50,70,30,,
1762513200,1556.7,1559.2,1535.05,1543.5,,,,,,,1567.6294733863624,1560.1610481238013,0,0,1567.2055242309661,,,,,,13966,7274.45,-11.454831077764295,-12.503738777832337,-25.188773684909137,85.29691351520789,76.70985592004031,44.55085646252951,44.405100770560715,50,70,30,,
1762527600,1543.6,1561.15,1532.35,1539.2,,,,,,,1566.5145920770933,1559.9524804807784,0,0,1566.0853032617274,,,,,,12636,7631.55,-19.10215839504873,-12.448320290207121,-27.304119706936902,72.25279692979008,81.29229012458813,42.966736574027045,44.939708672663514,50,70,30,,
1762542000,1539.25,1546.95,1537.6,1538.9,,,,,,,1565.4316668975994,1559.7430030630592,0,0,1564.9978911312583,,,,,,2676,7194.15,-24.40763730225971,-18.321542258357585,-31.349808614713936,56.2668087936837,71.27217307956056,42.8522530124061,44.94810225249172,50,70,30,,
1762729200,1551.7,1572.25,1549.75,1562.35,,,,,,,1565.3108172153406,1559.7689433310884,0,0,1564.8919754860078,,,,,,7696,7104.2,-3.533303942695852,-15.68103321333477,-32.57274609629742,68.29504893156114,65.60488488501164,53.321863966623916,45.37484144197534,50,70,30,,
1762743600,1562,1573.95,1558.9,1569.7,,,,,,,1565.4829420304254,1559.867759815356,0,0,1565.0842964665676,,,,,,4678,7113.85,14.253529169702585,-4.562470691750999,-28.279694119901322,84.01401186389361,69.52528986304615,56.040277644541995,45.97657312952891,50,70,30,,
1762758000,1569.8,1583.45,1564.3,1571.5,,,,,,,1565.7189050880559,1559.9835034987855,0,0,1565.340924607905,,,,,,5495,6922.75,25.947274171096936,12.222499799367881,-23.007797619080165,100,84.10302026515159,56.70525533229108,46.655712469055125,50,70,30,,
1762772400,1571.6,1587.9,1562.05,1564.95,,,,,,,1565.6887519473478,1560.0329213744194,0,0,1565.3252876235888,,,,,,9589,7010.75,28.81284158972227,23.00454831017392,-20.541472709331956,95.08652207100157,93.03351131163174,53.531903003503686,46.999170355885916,50,70,30,,
1762786800,1564.85,1591.15,1562.95,1588.75,,,,,,,1566.5931146160792,1560.3186634502958,0,0,1566.2622761186453,,,,,,8999,7157.55,43.446103181402606,32.735406314073934,-15.096233813157127,95.08652207100157,96.72434804733439,61.879696120731076,47.92170665381036,50,70,30,,
1762801200,1588.9,1589.5,1566.25,1573,,,,,,,1566.8443650232919,1560.4448459035268,0,0,1566.5317850738995,,,,,,2005,6823.65,42.81117917205619,38.356707981060346,-19.452538322695517,86.35492129694761,92.17598847965026,54.85652331823746,48.672447338969,50,70,30,,
1762815600,1573.9,1589.05,1572.8,1579.8,,,,,,,1567.3524291400256,1560.6374345015017,0,0,1567.0625136709436,,,,,,7085,6803.6,45.85741296704205,44.03823177350028,-18.997586580293742,85.35988219281269,88.93377518692063,57.11939102294729,50.018816573745326,50,70,30,,
1762830000,1579.65,1593.05,1576.95,1584.65,,,,,,,1568.0307652521815,1560.8763655014868,0,0,1567.766013124106,,,,,,6824,7036.6,49.7013406266513,46.123310921916506,-19.73100076803371,79.86909538319973,83.86129962432001,58.709164832378846,51.68060179345539,50,70,30,,
1762844400,1584.75,1598.3,1580.65,1592.05,,,,,,,1568.9726960266057,1561.1865509193824,0,0,1568.7373725991417,,,,,,6519,7070.9,54.94542120978012,50.168058267824485,-13.314547906864249,87.2199117846972,84.14962978690322,61.08010563590148,52.92982219872569,50,70,30,,
1762858800,1592.15,1600.65,1572.1,1581.65,1600.65,,,,,,1569.469845202033,1561.3901673281448,0,0,1569.253877695176,,,,,,9238,7282.9,50.695949594403125,51.780903810278176,-11.500448665069115,83.27154713338449,83.45351810042716,56.19627209432426,53.539196492601896,50,70,30,,
1762873200,1582.6,1591.2,1570.55,1587,,,,,,,1570.1573022529337,1561.6449915338349,0,0,1569.963722587369,,,,,,7867,7353,50.632392298894416,52.09125436769255,-12.707114804026673,82.13727368454238,84.20957753420804,58.05430579236745,54.133186058058,50,70,30,,
1762887600,1586.85,1591.1,1577.65,1578.6,,,,,,,1570.4883884390931,1561.813698085737,0,0,1570.3091736838742,,,,,,2247,7033.45,42.405587379828866,47.911309757708786,-16.93521410489643,70.12052124850472,78.50978068881055,54.16918102217108,54.82020924088954,50,70,30,,
1762902000,1580.95,1593.45,1580.75,1584.65,,,,,,,1571.043745755207,1562.0409249704562,0,0,1570.8828067365191,,,,,,8435,6684.9,41.93348454971665,44.99048807614664,-10.716303133472891,70.5233376639115,74.26037753231954,56.430757684421316,55.78192503448913,50,70,30,,
1762916400,1584.25,1587.65,1572,1582.85,,,,,,,1571.506736117748,1562.247980443387,0,0,1571.3614944670583,,,,,,5879,6851.6,38.896399295737716,41.07849040842774,-10.947948443212866,52.531197843084406,64.39168558516688,55.55242602036137,56.68908024934308,50,70,30,,
1762930800,1591.5,1595.3,1574.21,1583,,,,,,,1571.9574523484246,1562.4544682001692,0,0,1571.827034688376,,,,,,2241,6711.3,36.317197300325645,39.04902704859333,-5.7739180746087015,40.94675143839462,54.66709564846352,55.614425485216096,56.85283464352823,50,70,30,,
1762945200,1582.95,1595.1,1573.45,1593.35,,,,,,,1572.7963757857412,1562.7618864270332,0,0,1572.687953300841,,,,,,7307,6837.4,46.19823341894415,40.4706100050025,-6.459530816416361,42.068904490506476,45.18228459066185,59.78296308673795,57.1201693179708,50,70,30,,
1762959600,1592.75,1620.85,1592.25,1611.9,,,,,,,1574.329851245124,1563.2508228804957,0,0,1574.2564351688072,,,,,,13080,7223.1,63.00067113458185,48.5053672846172,0.4201450476406592,66.68610456978867,49.90058683289661,65.95445802785241,57.78082665336799,50,70,30,,
1762974000,1612,1620.25,1607.45,1615.5,,,,,,,1575.9443668825702,1563.7707151901425,0,0,1575.906177762055,,,,,,5366,6793.1,71.29656132224036,60.16515529192211,6.172101738949351,91.66808778307261,66.80769894778926,67.01242938648093,58.743721395009224,50,70,30,,
1762988400,1613.25,1624.45,1604.35,1616.95,,,,,,,1577.552430926391,1564.2998623026783,0,0,1577.5479306515729,,,,,,7749,6548.75,74.31322109979061,69.53681785220427,6.279780653199879,100,86.11806411762045,67.45116141482913,59.14168320173051,50,70,30,,
1763002800,1617.2,1621.05,1609.35,1617.9,,,,,,,1579.1346885371208,1564.8331970061342,0,0,1579.16201342551,,,,,,7561,6793,74.32033151863479,73.31003798022192,11.447252540960264,100,97.22269592769089,67.75376102326915,60.062914466375624,50,70,30,,
1763017200,1617.8,1630.1,1607.2,1611.5,1630.1,,,,,,1580.4039164376259,1565.2975433045806,0,0,1580.4555328884896,,,,,,6671,6741.75,68.73622716665984,72.45659326169509,10.837436213724004,89.59469723839568,96.5315657461319,63.472612533215106,60.51671600282333,50,70,30,,
1763031600,1611.85,1619,1579.95,1588.85,,,,,,,1580.7351354008563,1565.53189610752,0,0,1580.79131157295,,,,,,10150,7015.35,47.722467979571775,63.59300888828881,3.779834174126421,56.26136390506235,81.9520203811527,51.15359759324363,59.97703262859938,50,70,30,,
1763046000,1588.8,1601.9,1564.55,1572.75,,,,,,,1580.4219928361167,1565.6037180367985,0,0,1580.469659110032,,,,,,15708,7526,24.09974266534488,46.85281260385884,-3.380674585352594,22.92803057172902,56.26136390506238,44.53675860874513,58.79536498380251,50,70,30,,
1763060400,1572.85,1585.05,1563.95,1584.65,,,,,,,1580.587797038622,1565.7932332802134,0,0,1580.6368727456306,,,,,,4836,7288.35,13.605660065541356,28.475956903486004,-3.008423689278814,7.516054680228403,28.901816385673285,49.714311599643494,58.33236780561102,50,70,30,,
1763074800,1586.5,1609,1584.8,1606.55,,,,,,,1581.6059226449506,1566.1987732475745,0,0,1581.6733978358054,,,,,,6977,7187.25,19.949415562202148,19.218272764362794,-2.2296247995936653,26.318854718615768,18.92097999019106,57.565268615712526,58.2974365787071,50,70,30,,
1763089200,1606.2,1611.5,1584.2,1589.8,,,,,,,1581.9272590118153,1566.4336113247132,0,0,1581.9984619223733,,,,,,7293,7451.65,12.283048658815169,15.279374762186222,-7.263712489284359,35.68516384915677,23.17335774933365,51.006007632763946,58.071495622320874,50,70,30,,
1763103600,1590.15,1596.7,1548.85,1558.7,,,,,,,1581.016386109391,1566.3566599682483,0,0,1581.0665234454784,,,,,,9909,7592.85,-9.720058746710784,7.504135158102177,-7.80477546093455,28.169109168928358,30.05770924556697,41.54134407337588,57.00796607867478,50,70,30,,
1763118000,1558.55,1565.3,1518.6,1563.7,,1518.6,,,,,1580.337312144317,1566.3302255407036,0,0,1580.3718625076592,,,,,,17349,8119.1,-20.784008632026485,-6.0736729066407,-8.416433132937556,11.726572287186771,25.193615101757302,43.36101805885595,56.137151224281524,50,70,30,,
1763132400,1563.8,1567.45,1544.85,1546.45,,,,,,,1579.008397942579,1566.1324123512438,0,0,1579.014988007353,,,,,,12242,8405.25,-33.88562394736942,-21.463230442035563,-3.4728991530342626,2.3602631566457695,14.085314870920302,38.86612111848716,54.940843769515176,50,70,30,,
1763146800,1546.65,1549.55,1535.6,1536.65,,,,,,,1577.347284297772,1565.8390550144156,0,0,1577.3203884870588,,,,,,4210,8153.85,-43.96455375216206,-32.878062110519316,-6.5977345840958606,2.3602631566457695,5.482366200159439,36.5481534821688,53.28121451204595,50,70,30,,
1763334000,1534.85,1560.3,1525.95,1559.4,,,,,,,1576.643469227271,1565.7749848152673,0,0,1576.6035729475766,,,,,,8540,8187.5,-41.00640320234249,-39.618860300624654,-5.298059983471575,8.970897609128263,4.5638079741399356,44.78124243418127,51.76884196964087,50,70,30,,
1763348400,1560,1562.9,1537.25,1553.95,,,,,,,1575.7535292575742,1565.657323274817,0,0,1575.6974300296736,,,,,,8465,8498.4,-40.7836542323026,-41.918203728935715,-4.360175470915905,16.372297361775978,9.234486042516671,43.33075301977511,50.077293657733314,50,70,30,,
1763362800,1553.65,1562.6,1542.7,1547.1,,,,,,,1574.6298614435516,1565.472673291983,0,0,1574.5535328284866,,,,,,7075,8430.4,-43.14057817159907,-41.643545202081384,-2.0350936414323115,21.798572940844206,15.713922637249484,41.51080761349709,48.22441124335245,50,70,30,,
1763377200,1547.05,1554.95,1534.55,1542.05,,,,,,,1573.3522198183143,1565.2396118661923,0,0,1573.2533915153472,,,,,,10229,8647.9,-46.17606725941244,-43.36676655443804,-1.254461671363373,17.411064347219703,18.52731154994663,40.17124533540672,46.254231551362274,50,70,30,,
1763391600,1542.15,1549.1,1524.7,1531.65,,,,,,,1571.7168386489686,1564.9053868724989,0,0,1571.5892558547332,,,,,,11044,9088.05,-51.58044658601433,-46.965697339008614,-4.254629230462555,11.5439915806031,16.91787628955567,37.488229124753545,44.398204165043595,50,70,30,,
1763406000,1531.6,1534.55,1517.55,1534.45,,,,,,,1570.2553939960678,1564.6023481971506,0,0,1570.103685620544,,,,,,6922,9068.8,-52.538894841671144,-50.09846956236597,-9.035696061317182,9.57066355533084,12.841906494384551,38.67577245053916,43.5069309405647,50,70,30,,
1763420400,1533.15,1545.3,1522.1,1539.6,,,,,,,1569.0532216824965,1564.3535686130992,0,0,1568.8835381957222,,,,,,7357,8782.65,-49.48138105596118,-51.200240827882226,-8.125994628160186,12.019604696878618,11.044753277604187,40.89965357523485,43.247137723885395,50,70,30,,
1763434800,1539.5,1541.8,1510.55,1513.9,,,,,,,1566.8903502439673,1563.85154305476,0,0,1566.6841966678933,,,,,,6983,8863.5,-58.08719935739046,-53.36915841834093,-12.247989113091748,10.485277710847505,10.691848654352322,34.22879581242434,42.14102945336975,50,70,30,,
1763449200,1514,1547.25,1507.6,1544.15,,,,1507.6,,,1565.9985718030275,1563.6555078004837,0,0,1565.7828288011776,,,,,,7845,8868.3,-46.68681073527647,-51.418463716209374,-6.46786780036426,29.57857262140759,17.361151676377904,45.49710083527059,41.27901746905246,50,70,30,,
1763463600,1543.75,1546.1,1520.4,1521.7,,,,,,,1564.2613729087911,1563.2380400611755,0,0,1564.0195156491304,,,,,,11121,9046.3,-50.590822980448,-51.78827769103831,-13.164245603899843,39.755332261139245,26.606394197798114,40.01750575688339,40.494124477918135,50,70,30,,
1763478000,1521.65,1549.4,1517.5,1545.15,,,,,,,1563.5119073045248,1563.0580595630545,0,0,1563.2647350231653,,,,,,13452,9385.35,-37.50792503760899,-44.928519584444494,-7.98476910725617,73.08866559447257,47.47419015900647,47.17433857168658,40.89648122779747,50,70,30,,
1763492400,1545.35,1551.4,1530.35,1530.35,,,,,,,1562.2114403514063,1562.732606234069,0,0,1561.9481456222386,,,,,,3851,9070.4,-37.68185969733005,-41.92686923846235,-9.115259860766571,74.8383734262727,62.56079042729484,43.635657469287565,40.91609832854258,50,70,30,,
1763506800,1529.85,1541.6,1523.9,1535.75,,,,,,,1561.1737368082138,1562.4641225899488,0,0,1560.900219797349,,,,,,7562,8663.1,-32.95805355842491,-36.04927943112132,-13.646436937043575,86.04964091334108,77.99222664469545,45.24942516738824,41.3720486177498,50,70,30,,
1763521200,1535.6,1550.5,1530.8,1546.4,,,,,,,1560.5943745804407,1562.3042805741284,0,0,1560.3202110054551,,,,,,7608,8801.7,-19.083952230118417,-29.90795516195779,-13.2813984356564,86.04964091334108,82.31255175098495,48.38796801310227,42.217749655673614,50,70,30,,
1763535600,1545.8,1577.8,1536.35,1569.85,,,1577.8,,,,1560.9573402831684,1562.3793623594604,0,0,1560.701402565237,,,,,,8709,8888.3,4.823560391109353,-15.739481799144656,-7.43456528633628,95.08702395051824,89.06210192573347,54.56409834385873,42.91652507779343,50,70,30,,
1763550000,1569.95,1577.7,1547.45,1565.05,,,,,,,1561.117836742652,1562.4059358683214,0,0,1560.8753464626275,,,,,,10418,9044.55,16.813485094947104,0.8510310853126816,-1.6802687551134738,97.74575977737565,92.960808213745,53.16177538568438,43.61874096107266,50,70,30,,
1763564400,1564.9,1572.15,1538.55,1545.4,,,,,,,1560.5014509880382,1562.2367225760993,0,0,1560.2563326041225,,,,,,14781,9288.15,11.582997238761752,11.073347574939405,-5.806457190912312,86.72011094071887,93.18429822287094,47.75133540856472,44.06449294643463,50,70,30,,
1763578800,1545.35,1553.1,1536.6,1545.45,,,,,,,1559.9111980081152,1562.0696905106654,0,0,1559.6640792999576,,,,,,7386,8790,7.329192305292457,11.90855821300044,-10.589577001430243,75.71819009527547,86.72802027112334,47.76590271760644,44.606968473734604,50,70,30,,
1763593200,1547.75,1568.5,1545.75,1554.85,,,,,,,1559.7127196548558,1561.9978527941414,0,0,1559.4715161279594,,,,,,8922,8624,13.122041743548131,10.67807709586745,-5.982909639777688,71.50266749629274,77.98032284409568,50.556857116399314,45.5404419017093,50,70,30,,
1763607600,1554.75,1565.15,1548.75,1553.95,,,,,,,1559.4867306487831,1561.9177746568862,0,0,1559.250655482841,,,,,,8167,8821.85,16.3431939368978,12.264809328579465,-9.16724600784606,75.60912249055258,74.2766600273736,50.2798493445363,46.36930453699482,50,70,30,,
1763622000,1553.8,1557.95,1536.05,1542.6,,,,,,,1558.8245059174583,1561.7255579936336,0,0,1558.5846292635274,,,,,,8237,8806.7,5.387821084176734,11.617685588207557,-13.848058620853294,74.02000972382645,73.71059990355725,46.7974982269071,46.790579154971404,50,70,30,,
1763636400,1542.5,1559.25,1538.65,1547,,,,,,,1558.3607998030482,1561.5790350285229,0,0,1558.1212440929862,,,,,,11424,8954.65,2.4223685568593947,8.051127859311313,-14.431594675046654,66.20430504356192,71.94447908598032,48.29260680119066,47.795137082740425,50,70,30,,
1763650800,1547.4,1554.5,1506.75,1510.15,,,,,,,1556.4701802029285,1561.0673033366968,0,0,1556.2023943292668,,,,,,15614,9381.6,-26.50972500713071,-6.23317845536486,-20.354882983552002,39.790165552625524,60.00482677333796,38.52742810429129,47.2973033162419,50,70,30,,
1763665200,1509.95,1519.35,1506.4,1517.15,,,,,,,1554.9282123518333,1560.6303152437943,0,0,1554.640298556096,,,,,,5968,9168.55,-37.8280596012727,-20.63847201718134,-24.413952782959797,24.202144075318348,43.3988715571686,40.96929910386253,47.36528855531184,50,70,30,,
1763679600,1517.75,1529.15,1514.25,1516.45,,,,,,,1553.4192628478397,1560.1907101169904,0,0,1553.1126866138522,,,,,,6745,8953.6,-44.18619755001211,-36.17466071947184,-24.91367297870778,9.941645133826569,24.644651587256806,40.79478494637075,46.90960615350357,50,70,30,,
1763694000,1516.35,1516.65,1500.95,1502.95,,,,,,,1551.440076069493,1559.6211508123438,0,0,1551.1061791492982,,,,,,8980,9056.5,-53.13303950385124,-45.049098885045346,-29.436736932310225,9.941645133826569,14.695144780990494,37.479040810556945,46.469847820737094,50,70,30,,
1763708400,1502.85,1522.45,1490.35,1502.45,,,,1490.35,,,1549.5188966157873,1559.0522836400817,0,0,1549.1599319833263,,,,,,12876,9332.45,-57.201975919024385,-51.507070990962575,-29.98918469874613,4.787366889969925,8.223552385874353,37.35793078535378,45.90616965059178,50,70,30,,
1763722800,1502.4,1522.5,1493.25,1511.45,,,,,,,1548.025998709286,1558.5786290764988,0,0,1547.6515347039933,,,,,,15392,9752.9,-54.13103724701127,-54.822017556628964,-20.960721921445923,7.268747540537742,7.332586521444743,41.05050237326224,45.38206496203178,50,70,30,,
1763737200,1512.05,1534.8,1510.2,1519.95,,,,,,,1546.924979152059,1558.1942646080759,0,0,1546.5434733158336,,,,,,17119,10216.6,-45.45968467541812,-52.26423261381793,-14.254521149496767,22.248306259960486,11.434806896822716,44.384894658725116,44.65497898452223,50,70,30,,
1763751600,1520.05,1525,1508.65,1516.55,,,,,,,1545.733803499037,1557.7798938159558,0,0,1545.3437343832002,,,,,,4768,9898.95,-41.007135328339025,-46.8659524169228,-17.67601645221005,37.467048471456515,22.32803409065158,43.32914398321322,43.95264817006,50,70,30,,
1763938800,1524.6,1534.4,1520.5,1529.05,,,,,,,1545.0795366951534,1557.4940242257474,0,0,1544.691985007872,,,,,,6272,9539.95,-25.88822087274093,-37.451680292166024,-13.794833321987838,57.70521961819356,39.14019144987019,48.20683621924802,43.98518394225167,50,70,30,,
1763953200,1529.15,1541.25,1528.95,1533.1,,,,,,,1544.6097509424023,1557.251297616536,0,0,1544.228305607557,,,,,,4987,9596.75,-11.388210177966531,-26.09452212634883,-9.571427594340946,74.01284961534371,56.39503923499793,49.71693736515074,44.1245435599334,50,70,30,,
1763967600,1533.15,1543,1513.85,1518.25,,,,,,,1543.576035219171,1556.8632250034361,0,0,1543.189173383255,,,,,,6765,9556.9,-14.675287871653644,-17.31723964078704,-6.575527644153453,77.55049642955207,69.7561885543631,44.583970582878905,43.697908807539086,50,70,30,,
1763982000,1518.05,1548.15,1515.45,1535.05,,,,,,,1543.2416808968505,1556.6461779884767,0,0,1542.8636064479247,,,,,,7853,9569.15,-0.5160888750339634,-8.85986230821805,-7.81382415880843,83.37691107561061,78.3134190401688,50.77568958219792,43.73332596737206,50,70,30,,
1763996400,1535.45,1551.4,1534.5,1547.65,,,,,,,1543.4145561557975,1556.5566637796362,0,0,1543.0550621900077,,,,,,8979,9582.65,17.115912047972188,0.6415117670948595,-3.8195860754110242,85.42305569237105,82.11682106584458,54.8502187450189,44.308520290094336,50,70,30,,
1764010800,1547.75,1552.9,1544.3,1552.85,,,,,,,1543.7845735614526,1556.5197815529732,0,0,1543.4468597024074,,,,,,2908,9207.15,30.154728554670548,15.58485057586959,-5.419308777226192,100,89.59998892266056,56.45228560777461,44.891354490564616,50,70,30,,
1764025200,1548.75,1568.2,1544.2,1559.3,,,1568.2,,,,1544.3930216570818,1556.5474454181178,0,0,1544.0809853143112,,,,,,6558,8796,40.45128311052222,29.24064123772165,-5.925275594756599,100,95.14101856412367,58.422980515505344,46.3124653770799,50,70,30,,
1764039600,1559.4,1560.3,1548.1,1551.7,,,,,,,1544.6795698273922,1556.4992121303753,0,0,1544.3857459017388,,,,,,4371,8645.25,42.098490796525695,37.568167487239485,-5.164897963253708,95.0600319503694,98.35334398345645,55.25029386159231,47.33253643120347,50,70,30,,
1764054000,1551.6,1557.8,1536.35,1547.25,,,,,,,1544.7803710106318,1556.407180168879,0,0,1544.5003160656693,,,,,,5848,8491.55,39.65466297600522,40.734812294351045,-3.8721288167519248,87.25801197411234,94.1060146414939,53.420987330301344,48.234408030055654,50,70,30,,
1764068400,1547.15,1564.95,1534.3,1548.65,,,,,,,1544.9321211670776,1556.3299942965518,0,0,1544.6663034230426,,,,,,8478,8507.1,38.35637729065231,40.03651035439441,2.2793078694217144,80.26413458678667,87.52739283708945,53.93770130577423,49.41002663685689,50,70,30,,
1764082800,1548.7,1557.6,1535.65,1547.75,,,,,,,1545.0426262193491,1556.244621218974,0,0,1544.789651286121,,,,,,8482,8519.35,36.06295558524255,38.02466528396669,1.6223232234139289,75.90576267954923,81.14263641348273,53.52661889216629,50.56493293020064,50,70,30,,
1764097200,1547.65,1556.05,1547.45,1551.75,,,,,,,1545.305660485257,1556.1998986197802,0,0,1545.0680652346762,,,,,,2578,8077.05,37.70953851184708,37.37629046258065,0.2923439104150276,76.57073365243723,77.5802103062577,55.16223938441674,51.5729141452831,50,70,30,,
1764111600,1551.25,1553.85,1530.35,1545.75,,1530.35,,,,,1545.3230855642666,1556.095919529036,0,0,1545.095342625289,,,,,,5999,7596.3,31.432316377586908,35.06827015822551,0.5238542433681204,69.89921496579431,74.12523709926025,52.194802607189914,52.13076471303059,50,70,30,,
1764126000,1545.95,1561.9,1543.1,1554.3,,,,,,,1545.6751214244914,1556.0780496829761,0,0,1545.4635289202774,,,,,,4568,7526.3,37.011024113088375,35.384293000840785,-0.3702774864159295,73.02215215125857,73.16403358983003,55.840365570482064,53.024423397835506,50,70,30,,
1764140400,1554.15,1574.85,1548.6,1559.4,,,,,,,1546.2133519568642,1556.1111039149864,0,0,1546.0209877634663,,,,,,5469,7462.5,44.89209176265271,37.778477417775996,5.16523954483165,78.9103159143231,73.943894343792,57.90257950819365,53.71697648990305,50,70,30,,
1764154800,1559.5,1570.55,1554.1,1558.9,,,,,,,1546.710867566399,1556.1388541247875,0,0,1546.5361482529277,,,,,,8952,7461.1,48.26081977269387,43.387978549478326,3.821382817300943,90.64893335185745,80.86046713914637,57.618490366118536,54.28137313282931,50,70,30,,
1764169200,1558.5,1577.95,1554.4,1577.55,,,,,,,1547.920245308893,1556.3519003524016,0,0,1547.7767023228105,,,,,,8284,7231.5,62.4338840101419,51.86226518182949,5.213323989844298,96.82433612326123,88.79452846314727,64.59602853517873,55.710805843707874,50,70,30,,
1764183600,1577.4,1593.7,1576.55,1586.5,,,,,,,1549.4331768654072,1556.6518814434226,0,0,1549.325634229898,,,,,,2792,6601.5,72.14379740588893,60.94616706290824,8.84747077576047,98.07322136356579,95.18216361289483,67.37217753560336,56.89626926895112,50,70,30,,
1764198000,1584.4,1649.1,1580.55,1612.35,,,,,,,1551.9005032628422,1557.2060915783138,0,0,1551.8466088607022,,,,,,9275,6209.3,83.65577322832648,72.74448488145244,9.490882381561022,100,98.29918582894233,73.76975238303768,58.24766452880961,50,70,30,,
1764212400,1612.65,1633.35,1607.35,1627.05,,,,,,,1554.8475423505738,1557.9010558412162,0,0,1554.854744506274,,,,,,7935,6367.65,90.1092372975234,81.96960264391295,9.41443838420696,100,99.3577404545219,76.58179766457953,59.685486818581396,50,70,30,,
1764226800,1627.25,1639.4,1596.65,1606.05,,,,,,,1556.8554818662376,1558.3801498129455,0,0,1556.902554726023,,,,,,9983,6553.2,84.60020455326055,86.12173835970349,2.445338624608155,85.4202795321831,95.14009317739436,65.73925069237833,60.20807754550089,50,70,30,,
1764241200,1605.95,1606.7,1586.5,1599.4,,,,,,,1558.5238943420713,1558.7883075262496,0,0,1558.6024525369821,,,,,,7278,6667.75,76.35364433048676,83.6876953937569,5.08268160540689,66.71128383198815,84.04385445472374,62.71136787553726,60.741011403639824,50,70,30,,
1764255600,1599.3,1611.8,1599.05,1609.15,,,,,,,1560.5092318188529,1559.2894188941475,0,0,1560.624354435503,,,,,,4322,6545.6,72.91587202999857,77.9565736379153,9.27680036045794,51.44688390582465,67.85948242333195,65.23932752281931,61.585178560248245,50,70,30,,
1764270000,1609.25,1611.95,1606.05,1606.15,,,,,,,1562.2990658651725,1559.7556933330118,0,0,1562.4453802580829,,,,,,190,6162.45,67.584842815651,72.28478639204543,6.715588377269697,48.80974993716374,55.65597255832551,63.80596421363571,62.29005448223835,50,70,30,,
1764284400,1608.8,1650.9,1604.9,1633.8,,,,,,,1565.1030240665382,1560.49245260333,0,0,1565.2995650477596,,,,,,4805,5953.75,72.97167230220025,71.1574623826166,11.634693998564074,59.09786318591093,53.118165676299775,70.28586631777233,63.48714358406735,50,70,30,,
1764327600,1624.1,1649.65,1623.5,1649.65,,,,,,,1568.4185917502034,1561.3795923784214,0,0,1568.6735824458492,,,,,,1677,5892.2,78.17505080422056,72.91052197402392,15.757153345377517,69.93604243522311,59.28121851943259,73.24310244685752,64.77863380281312,50,70,30,,
1764342000,1649.75,1677,1636.9,1665,,,,,,,1572.2060979560779,1562.410641210477,0,0,1572.5266391480152,,,,,,5711,5849.85,82.18455305769355,77.77709205470478,14.290589737580433,85.9348905724169,71.6562653978503,75.75923254319687,66.46180736967077,50,70,30,,
1764356400,1664.85,1670.5,1660.35,1662,,,,,,,1575.7274274479964,1563.4015801039052,0,0,1576.1055735820946,,,,,,504,5656.5,81.07265192223915,80.47741859471775,21.917688983036854,90.50405707703646,82.12499669489215,74.28888920020438,67.77955905750808,50,70,30,,
1764543600,1664.35,1702.9,1657.65,1693.15,1702.9,,,,,,1580.3322342147417,1564.6926091575976,0,0,1580.787350638811,,,,,,11297,5928.95,84.56999009108137,82.60906502367135,28.212752519454938,94.93027775388776,90.45640846778038,78.87375809187282,69.27750038491374,50,70,30,,
1764558000,1693.25,1700.1,1663,1681.05,,,,,,,1584.281950520046,1565.850394141104,0,0,1584.7978566132585,,,,,,12174,6113.75,81.33050116810786,82.32438106047611,19.724470509433033,85.10335311865704,90.17922931652708,73.39849210636267,70.40464336635975,50,70,30,,
1764572400,1681.25,1702.45,1667.45,1699,,,,,,,1588.7806975584756,1567.1752658411926,0,0,1589.3659423487281,,,,,,11692,6274.25,80.79315334688032,82.23121486868983,27.32868908295272,83.32826879337345,87.78729988863942,76.05412018613237,71.22307848428501,50,70,30,,
1764586800,1699.15,1699.15,1667.1,1684.2,,,,,,,1592.522630987555,1568.3396910567033,0,0,1593.159304654779,,,,,,15230,6906.85,74.7936758374576,78.97244345081525,25.19885026822989,65.12101834337489,77.85088008513513,69.8614161081332,71.4008812394657,50,70,30,,
1764601200,1674.1,1675.3,1651.95,1657.8,,,,,,,1595.0825278115724,1569.2298433844971,0,0,1595.7449324685876,,,,,,14581,7335.95,60.825895485694936,72.13757489001092,13.848715085757831,42.8326159445563,63.760634360434885,60.411948904110865,70.44675241954236,50,70,30,,
1764615600,1657.7,1662.45,1651.1,1661.9,,,,,,,1597.7028208385696,1570.151934495099,0,0,1598.3911351698441,,,,,,4604,7337.75,50.68528870959852,62.101620010917,6.623154933556464,16.726302904265385,41.55997906406552,61.287705591994765,69.35431727150059,50,70,30,,
1764630000,1659.25,1671.75,1652.05,1658.05,,,,,,,1600.0693768841159,1571.0265421120632,0,0,1600.7774897630504,,,,,,9048,7516.7,40.31481899420551,50.60866772983297,11.602382106995222,1.600220020930621,20.386379623250765,59.94665291884316,68.94056028767665,50,70,30,,
1764644400,1658.85,1660.65,1634.3,1648.3,,,,,,,1601.9607738690524,1571.7954322403014,0,0,1602.6783901725285,,,,,,7465,7442.35,26.92191335500797,39.30734035293731,6.145621181177546,1.6002200209306163,6.642247648708875,56.57072777267273,68.50194313747204,50,70,30,,
1764658800,1648.95,1656.6,1603.85,1617,,1603.85,,,,,1602.550547442815,1572.2452289344278,0,0,1603.2512545656273,,,,,,8229,7439.6,5.020194099813171,24.085642149675532,0.9070035310706714,4.440892098500626e-15,1.0668133472870822,47.351651557750515,67.22425199710997,50,70,30,,
1764673200,1617.05,1643.8,1615.95,1625.5,,,,,,,1603.4505259744694,1572.7751271539857,0,0,1604.141204383002,,,,,,9865,7793.25,-6.3300060682465915,8.537367128858165,7.020004158524429,2.5905906983363107,1.3969369064223123,49.746727346717265,66.22002079233009,50,70,30,,
1764687600,1625.35,1641.25,1611.75,1634.85,,,,,,,1604.6818778970392,1573.3927875803142,0,0,1605.369556207682,,,,,,11692,7914.1,-10.518047137413099,-3.942619701948862,8.50896093430211,7.943951962065306,3.5115142201338734,52.31641746357002,64.93648873131563,50,70,30,,
1764702000,1635,1644.05,1634.95,1639.7,,,,,,,1606.0551375873513,1574.0525608382216,0,0,1606.7427739593747,,,,,,2786,7656.65,-11.138285769727315,-9.328779658462357,6.7298373392501105,14.714753638215575,8.416432099539064,53.640662745780716,63.53631446695301,50,70,30,,
1764716400,1639.2,1648.05,1628.95,1643.35,,,,,,,1607.5176812113766,1574.7420875960502,0,0,1608.2070630009998,,,,,,8850,7600,-9.126611278405072,-10.260981395181851,8.777768816448628,19.984593369693147,14.214432989991343,54.661146051816075,62.02930828899724,50,70,30,,
1764730800,1643.2,1658.35,1624.5,1653.7,,,,,,,1609.3287525364208,1575.5277384657413,0,0,1610.0267804809598,,,,,,8665,7669.35,0.1086781570949853,-6.718739630345823,9.631868245843535,25.529851547628663,20.07639951851246,57.51687700807894,60.83130741813114,50,70,30,,
1764745200,1653.75,1655.15,1631.1,1633.1,,,,,,,1610.2609583193062,1576.1005967894653,0,0,1610.9497092617214,,,,,,6571,7781.8,-8.981420788255187,-5.99978463652178,8.499265131339826,22.631722350643653,22.71538908932182,50.67532201360309,58.81713341254045,50,70,30,,
1764759600,1632.85,1651.5,1623.8,1632.15,,,,,,,1611.119352110706,1576.6583022940476,0,0,1611.7977208912525,,,,,,12118,8378.2,-15.945431294207683,-8.272724641789317,5.615654562901781,18.291284923218004,22.150952940496776,50.377717795293634,57.17279239032123,50,70,30,,
1764774000,1629.75,1658.4,1629.15,1649.55,,,,,,,1612.6264363416585,1577.3835928184849,0,0,1613.3078120556024,,,,,,13217,8798.8,-5.979243210531598,-10.302031764331511,7.358870153059215,19.488375142037317,20.137127471966323,55.5291535483349,55.70672334476427,50,70,30,,
1764788400,1649.6,1674.2,1649.35,1671.4,,,1674.2,,,,1614.931281975319,1578.319079457107,0,0,1615.6314995733783,,,,,,2913,8860.6,14.060833128891092,-2.621280458616086,11.57380751276854,47.850166732196186,28.5432755991505,61.00385130197357,55.07404014432429,50,70,30,,
1764802800,1665.95,1673.65,1655.55,1662.95,,,,,,,1616.8143689566791,1579.1611781689764,0,0,1617.5242395904431,,,,,,6964,8923.25,21.723682757011165,9.935090891790196,7.829681885640824,69.56439971578337,45.63431386333895,58.02864469171737,54.903804129153336,50,70,30,,
1764817200,1662.85,1663.4,1638.7,1649.4,,,,,,,1618.092236840731,1579.8600719185388,0,0,1618.7992700068255,,,,,,7631,9279.6,16.961952943317108,17.582156276406433,6.911254004243759,72.50611995468647,63.30689546755534,53.52098382858172,54.34903828890955,50,70,30,,
1764831600,1649.5,1654.2,1624.95,1642.8,,,,,,,1619.0611687293297,1580.4863398596478,0,0,1619.7592992065524,,,,,,6619,9045.7,7.356548304262489,15.347394668196898,2.929883369927822,50.13348913613928,64.06800293553637,51.425535513123144,53.740387045643836,50,70,30,,
1764846000,1642.95,1649.5,1627.75,1642.8,,,,,,,1619.9921032889638,1581.106376278955,0,0,1620.6809272382905,,,,,,11048,8989.4,0.06870583865711488,8.129069028745548,-2.773186256911501,34.76109640094085,52.466901830588874,51.425535513123144,53.37287331281886,50,70,30,,
1764860400,1642.6,1659.75,1640.55,1646.15,,,,,,,1621.0179031599848,1581.7535765149853,0,0,1621.699690148759,,,,,,11637,8986.65,-1.9863192439687216,1.812978299650271,-1.623213168305469,27.77168296322182,37.55542283343399,52.519832850974275,53.7420291194777,50,70,30,,
1764874800,1645.95,1655.95,1642.25,1642.35,,,,,,,1621.8544559772404,1582.3565260023984,0,0,1622.5257025428086,,,,,,3341,8392.2,-8.243862762080262,-3.3871587224639783,-5.4108606243231065,20.090466267505498,27.54108187722272,51.113190197696596,53.83963360883337,50,70,30,,
1764889200,1643,1648.4,1638.05,1647.85,,,,,,,1622.8738890761722,1583.0082023605835,0,0,1623.5386744410962,,,,,,5497,7938,-4.97158454279218,-5.067255516280411,-8.120274401272354,18.59716199849221,22.15310374307317,53.072277114704754,53.89362358391442,50,70,30,,
1764903600,1648,1665.7,1639.9,1663.45,,,,,,,1624.4651091124008,1583.8086182574932,0,0,1625.1351274634524,,,,,,6432,8029.4,15.295088384672194,0.6932136932665843,-8.944874841995627,34.99472659840939,24.56078495480236,58.19012599476036,54.21858524455582,50,70,30,,
1764918000,1664.5,1670.3,1655.35,1657.75,,,1670.3,,,,1625.7703989511301,1584.5443533992097,0,0,1626.4397223649144,,,,,,4847,7819.35,22.1087345865565,10.810746142812173,-10.034684427875078,49.73024015485583,34.44070958391914,55.79574107953638,54.29962774653585,50,70,30,,
1764932400,1657.55,1658.95,1634.85,1648.25,,,,,,,1626.6519519334388,1585.1782404300634,0,0,1627.3121334703178,,,,,,9746,7933.4,14.066867964429559,17.15689697855275,-10.146283711889737,46.14603719122372,43.62366798149631,51.958371453960794,53.9025916355274,50,70,30,,
1764946800,1648.35,1654.95,1633.95,1642.05,,1633.95,,,,,1627.255796955657,1585.7441285849882,0,0,1627.901648131505,,,,,,14654,8254.65,0.16151739918165653,12.112373316722573,-12.771393920337616,21.70045612963865,39.19224449190606,49.56263133075776,53.82311372960988,50,70,30,,
1764961200,1641.95,1649.05,1634.75,1635.25,,,,,,,1627.5692951142587,1586.236724320461,0,0,1628.1955822062448,,,,,,3782,7950.5,-15.709695230884963,-0.4937699557579152,-15.4839007217455,4.784326018131591,24.21027311299798,47.0028085952612,53.58204878675042,50,70,30,,
1765148400,1640.55,1658.25,1637.2,1652.8,,,,,,,1628.5587345215426,1586.8990454715013,0,0,1629.179758917995,,,,,,9211,7826.45,-5.562929421218373,-7.0370357509738914,-12.17080539738869,15.84978128422285,14.111521143997692,53.655623916422954,53.448225241613855,50,70,30,,
1765162800,1652.7,1664.85,1647.1,1653.65,,,,,,,1629.5427057167763,1587.563234073775,0,0,1630.1585685612752,,,,,,7533,8063.8,2.9583533581243664,-6.10475709799299,-11.12529708841285,36.567849398570125,19.067318900308184,53.957092349264464,52.94488531642035,50,70,30,,
1765177200,1653.4,1665.6,1646.4,1656.4,,,,,,,1630.5959329435693,1588.2481770183144,0,0,1631.208225818824,,,,,,7327,7987.65,12.278560310797387,3.2246614159011275,-9.162105250939064,60.306802843488754,37.574811175427236,54.97749805993494,52.72694627129302,50,70,30,,
1765191600,1656.3,1668.25,1647.8,1659.65,,,1668.25,,,,1631.735308122253,1588.9586429186297,0,0,1632.345896786071,,,,,,10558,8082.3,22.025343467410025,12.42075237877726,-7.489779015844491,71.84706250090714,56.24057158098867,56.21257744054999,52.91920295786219,50,70,30,,
1765206000,1659.35,1659.65,1634.15,1647,,,,,,,1632.3339234900077,1589.536168859738,0,0,1632.9320609146282,,,,,,11378,8322.65,11.561697641427546,15.288533806544988,-11.157395341638818,61.284054809229325,64.47930671787508,50.41535549400965,52.847047242211225,50,70,30,,
1765220400,1646.75,1652.55,1644.65,1651.5,,,,,,,1633.0855343335368,1590.1527243934718,0,0,1633.674778478043,,,,,,2478,7840.65,10.308640430126552,14.631893846321375,-14.045053547768191,53.303817555902924,62.144978288679795,52.29992501138832,52.90950363494445,50,70,30,,
1765234800,1652.4,1658.25,1641.75,1643.3,,,,,,,1633.4861016145746,1590.681553006472,0,0,1634.0597873389213,,,,,,4289,7394.25,-3.8305009185391174,6.013279051004996,-11.709631725612113,30.836923284524534,48.47493188321892,48.66988586867269,52.63450742192292,50,70,30,,
1765249200,1643.2,1652.85,1629.25,1639.55,,,,1629.25,,,1633.723901551258,1591.1678062103879,0,0,1634.2793958453644,,,,,,5853,7541.25,-17.60695885301405,-3.7096064471422046,-17.65558572975236,20.785878069094974,34.97553963650747,47.06118534820032,52.34507850410176,50,70,30,,
1765263600,1639.1,1656.4,1635,1641.4,,,,,,,1634.024925019836,1591.6676290341652,0,0,1634.5642200115499,,,,,,6415,7513.8,-24.009230770925008,-15.148896847492724,-10.558538015751466,7.862949260816948,19.828583538145484,47.97478081743873,51.98097162572561,50,70,30,,
1765278000,1641.5,1661,1640.9,1653.4,,,,,,,1634.7847318818033,1592.2818814815864,0,0,1635.3176512110879,,,,,,9061,7585.3,-10.071842723933358,-17.22934411595747,-2.3843012216679114,26.673069456113726,18.44063226200855,53.571788229206675,51.651090356757486,50,70,30,,
1765292400,1653.6,1695.25,1649.15,1692.3,,,,,,,1637.0402325923208,1593.2770866409737,0,0,1637.5969451626443,,,,,,13431,7925.9,22.923483642319205,-3.7191966175130537,3.6828543008171266,59.902387582207176,31.479468766379284,66.24810669939558,52.397687901033144,50,70,30,,
1765306800,1692.4,1698.2,1687.1,1688.9,1698.2,,,,,,1639.0739489612495,1594.2285584156905,0,0,1639.6490673561384,,,,,,2754,7511.2,37.69241366726452,16.84801819521679,1.736215518771857,87.56317698315034,58.04621134049042,64.58821979557277,53.29981992543401,50,70,30,,
1765321200,1690.25,1697.55,1658.25,1675.35,,,,,,,1640.4965391980631,1595.0357369389174,0,0,1641.077104661893,,,,,,7359,7297.3,39.312634417677714,33.30951057575381,1.629669421857031,83.53179018128712,76.99911824888154,58.31708812248994,53.925138267700596,50,70,30,,
1765335600,1674.65,1677.3,1663.9,1669.3,,,,,,,1641.626086680492,1595.7746848300724,0,0,1642.2060204754173,,,,,,5416,7401.05,35.94285132139886,37.649299802113696,2.5371688934711187,65.35426118684747,78.81640945042831,55.715895674640734,54.547501630513416,50,70,30,,
1765350000,1670,1677.15,1661.4,1667.9,,,,,,,1642.6564362224335,1596.492349657634,0,0,1643.2337796564007,,,,,,5916,7422,31.794075160039142,35.683186966371906,-2.872922224313342,48.946009955937654,65.94402044135741,55.10338693241067,54.65091327451254,50,70,30,,
1765364400,1668.05,1671.6,1640.9,1642.9,,,,,,,1642.6659877431223,1596.9541173227321,0,0,1643.2204284701447,,,,,,9735,7587.15,9.66325941725352,25.800061966230505,-10.419520129779187,29.244129892241233,47.848133678342116,45.48690501250188,54.04589989331521,50,70,30,,
1765378800,1643,1647.75,1626.75,1629.2,,,,1626.75,,,1642.1379097924116,1597.2749718767348,0,0,1642.659611331339,,,,,,10795,7884.55,-10.62149478262533,10.278613264889112,-15.02186871570946,14.088325553347552,30.759488467175476,41.23956309956867,53.06461882471763,50,70,30,,
1765393200,1630.45,1662.1,1628.65,1653.5,,,,,,,1642.5834819574152,1597.8344248928865,0,0,1643.0932268780855,,,,,,7017,7748.1,-10.285070077675403,-3.7477684810157377,-15.57751851877832,11.98823605760947,18.44023050106608,50.1337792649962,52.63041895503522,50,70,30,,
1765407600,1654.95,1672.8,1647.2,1663.5,,,,,,,1643.4037375669284,1598.4878136999225,0,0,1643.909497802962,,,,,,7021,7366.45,-2.1901793885420755,-7.6989147496142705,-16.067555550711973,28.153447702678097,18.0766697712117,53.26858075656639,52.834220759503545,50,70,30,,
1765422000,1663.4,1668.7,1654.3,1666.55,,,,,,,1644.3114341329313,1599.1650493845004,0,0,1644.8151178908436,,,,,,6917,7523.2,6.110210931927627,-2.1216795114299507,-11.3277523064924,45.5738618732887,28.57184854452542,54.21399227567087,52.97093984980945,50,70,30,,
1765436400,1667.05,1677.2,1660,1665.2,,,,,,,1645.1305935786986,1599.8221135697293,0,0,1645.63051317521,,,,,,6000,7362.65,11.018527850100716,4.979519797828756,-5.170455452821258,50.318005291500555,41.34843828915578,53.69617813424149,53.32996072592151,50,70,30,,
1765450800,1665.1,1678.25,1659.4,1668.85,,,,,,,1646.060766379534,1600.5089582108264,0,0,1646.5592926482016,,,,,,10092,7490.6,17.640588379898215,11.589775720642185,-6.0643936076742335,52.54718983398669,49.47968566625864,54.94906008515382,53.893380349989606,50,70,30,,
1765465200,1668.55,1702.5,1667.25,1693.55,,,,,,,1647.9230892666112,1601.4347397211666,0,0,1648.4389209422734,,,,,,14355,7842,36.49512348541272,21.718079905137216,-1.9315409119497104,63.309729408808664,55.39164151143196,62.36939185301968,54.9215668525311,50,70,30,,
1765479600,1693.35,1700.3,1687.3,1695.8,,,,,,,1649.8006151777245,1602.3736975348863,0,0,1650.3333641045824,,,,,,4219,7525.05,46.98424596007653,33.706652608462484,2.0366154205344458,75.54569192856279,63.80087039045271,62.96776166914067,55.59270781252639,50,70,30,,
1765494000,1695.25,1703.6,1679.8,1698.45,,,,,,,1651.7084341903628,1603.3296806439919,0,0,1652.258029540399,,,,,,7640,7338.15,53.09570958317664,45.52502634288862,2.007066556540323,89.16308995933555,76.00617043223566,63.69988538710547,55.41069200450566,50,70,30,,
1765508400,1698.35,1707.7,1687.15,1701.3,,,,,,,1653.6532014770153,1604.3045096923104,0,0,1654.2197083587832,,,,,,5710,7499.75,56.684956449542724,52.254970664265294,6.321719329478583,94.31346954723631,86.34075047837821,64.51246151562958,55.40528069879544,50,70,30,,
1765522800,1699.85,1734.35,1690.25,1729.3,,,,,,,1656.6197425955636,1605.5482459142775,0,0,1657.222920024432,,,,,,7982,7684.4,66.84802892665951,58.87623165312629,13.162237814107016,98.6784608849942,94.05167346385535,71.30788442103423,56.333194720120034,50,70,30,,
1765537200,1729.4,1776.95,1724.3,1766.35,,,,,,,1660.9228899447571,1607.1482633678668,0,0,1661.5880032234547,,,,,,16067,8195.1,78.33462122058485,67.28920219892903,14.680466061437969,99.99999999999999,97.66397681074348,77.45871925930251,57.88625354759587,50,70,30,,
1765551600,1765.85,1768,1713.7,1745.15,,,,,,,1664.2259138684922,1608.5214149761466,0,0,1664.9304830945166,,,,,,22434,8996.05,77.26344460479758,74.14869825068064,6.577602452168634,91.92436845889576,96.86760978129665,68.42036770169605,58.83746645968768,50,70,30,,
1765566000,1745.3,1748.95,1736.35,1739.2,,,,,,,1667.1660741089433,1609.8216994042446,0,0,1667.901263770736,,,,,,5810,8833.5,72.90974357558376,76.16926980032206,6.287530175622862,81.73832343257182,91.22089729715584,66.0895023418427,60.309080554640595,50,70,30,,
1765753200,1756.55,1769.65,1726.85,1755.45,,,,,,,1670.628188849769,1611.2707372211178,0,0,1671.4032132199065,,,,,,9740,8648.95,72.56381474999158,74.24566764345764,7.379026102125167,71.8849290916812,81.84920699438293,69.1777828645042,62.304667680707425,50,70,30,,
1765767600,1756.05,1799.15,1754.35,1794.7,,,,,,,1675.4937500713468,1613.0959040149376,0,0,1676.3350846911103,,,,,,10365,9029.5,78.5515617085273,74.67504001136754,9.058079855853308,76.84506527363074,76.8227725992946,75.08094956227171,64.0866084162271,50,70,30,,
1765782000,1794.5,1796.05,1759.25,1762.4,,,,,,,1678.901838303843,1614.5815169103114,0,0,1679.777681303466,,,,,,9988,9160.95,72.587930494328,74.5677689842823,8.622887688799551,68.80900939317947,72.51300125283048,64.18634733798633,64.86644888632851,50,70,30,,
1765796400,1762.6,1797.75,1758.55,1791.1,,,,,,,1683.3017662134962,1616.3379197271242,0,0,1684.2305740513273,,,,,,14212,9600.75,73.67275522393864,74.9374158089313,17.736761880750493,66.50513898531447,70.71973788404158,68.55279034135626,65.8906487481632,50,70,30,,
1765810800,1791.05,1814.05,1779.7,1781.2,,,,,,,1687.1409126364963,1617.978338436307,0,0,1688.1093510892742,,,,,,18852,10247.55,69.9788904767069,72.07985873165784,23.315359907378905,52.426667093738985,62.58027182407765,65.58245927354952,66.73966882954234,50,70,30,,
1765825200,1781.1,1788.3,1776.4,1787.6,,,,,,,1691.080484689967,1619.666116163309,0,0,1692.0889770457034,,,,,,5227,10022.15,67.50535453030545,70.38566674365032,19.353392812183685,47.12824206046724,55.353349379840246,66.59027714800227,67.57118433403151,50,70,30,,
1765839600,1783.05,1831.2,1773.9,1807.65,,,,,,,1695.651838231537,1621.5366025696442,0,0,1696.7114179638752,,,,,,13079,10136.35,69.13058787264252,68.87161095988495,20.79907241815671,41.62776002404497,47.06088972608374,69.59413055412483,68.08723709839616,50,70,30,,
1765854000,1807.55,1817.05,1793.35,1796.65,,,,,,,1699.6125504577512,1623.279024434623,0,0,1700.70896124532,,,,,,14164,10493.7,65.51174913547035,67.38256384613943,13.691597937343488,31.806683693197712,40.18756192590332,66.08367837039934,68.3098025770575,50,70,30,,
1765868400,1796.25,1806.7,1791.95,1803.75,,,,,,,1703.6963720084277,1625.074755534776,0,0,1704.8306027955073,,,,,,8105,10547.9,63.60426435452621,66.08220045421302,8.404195294596505,29.74267952544072,34.39237441422782,67.23258050501775,68.56213794262266,50,70,30,,
1765882800,1803.85,1856,1799.7,1838,,,,,,,1708.9631809492737,1627.1934146836836,0,0,1710.157378683687,,,,,,12570,10830.55,69.15309445355447,66.08970264785034,15.358800023939523,34.180705816560966,31.91002301173315,72.13605389869929,69.10668025569906,50,70,30,,
1765897200,1838.25,1858.25,1829.5,1846.2,,,,,,,1714.3450169904786,1629.372584686831,0,0,1715.5990835363395,,,,,,16089,11335,71.95175394257095,68.23637091688387,18.552797108252165,50.57705842410877,38.16681458870351,73.17119802442724,69.23977408451285,50,70,30,,
1765911600,1846.1,1849.1,1837.9,1843.4,,,,,,,1719.405996716342,1631.5022107098475,0,0,1720.711120194886,,,,,,4717,11066.25,70.95322087622024,70.68602309078189,18.17462125400162,67.35865060600348,50.70547161555776,72.18506743784562,68.8630846686945,50,70,30,,
1765926000,1838.9,1897.4,1835.95,1888.75,,,,,,,1726.0469380215836,1634.061890205272,0,0,1727.4326753870905,,,,,,10320,10864.5,76.755113077061,73.22002929861738,22.351312201785788,80.57837110006113,66.17136004339115,77.47907375692878,69.51013510121112,50,70,30,,
1765940400,1889.15,1925,1867.45,1925,,,,,,,1733.8490188834824,1636.9567967703936,0,0,1735.3353683716068,,,,,,12266,11266.85,82.47871690924174,76.72901695417431,23.739721505842226,91.19706207409075,79.71136126005182,80.64947731881848,70.55013331385224,50,70,30,,
1765954800,1925.5,1931.45,1897.4,1917.4,,,,,,,1741.0470965743261,1639.747276404519,0,0,1742.6179536367426,,,,,,11785,11474.1,81.88045119251916,80.37142705960729,24.44341542680874,95.13772319124678,88.97105212179957,78.16502295628898,71.19207903469402,50,70,30,,
1765969200,1917.5,1922.6,1882.75,1899.7,,,,,,,1747.2687790616076,1642.3338706691507,0,0,1748.901235491273,,,,,,15793,11978.25,76.41507769910883,80.25808193362325,16.076741437625486,79.16312436222348,88.49930320918702,72.55887728895969,71.01193101517173,50,70,30,,
1765983600,1900.15,1906.25,1871.05,1884.6,,,,,,,1752.654317137623,1644.7444789211988,0,0,1754.329186071622,,,,,,20703,12614.3,68.05444451028225,75.44999113397007,8.540595691985772,51.812444894755316,75.37109748274189,68.07331218152437,71.28957136113874,50,70,30,,
1765998000,1884.45,1900.4,1883.35,1897.4,,,,,,,1758.3306184263436,1647.258464205565,0,0,1760.0520186287572,,,,,,6852,12153.55,63.63043273062746,69.36665164667285,12.154474266960932,33.07045747146237,54.68200890948041,69.77882750596123,71.37714544432481,50,70,30,,
1766012400,1895.1,1966.75,1891.15,1964.6,,,,,,,1766.4196137821732,1650.4160914274,0,0,1768.2339378836068,,,,,,11126,11588.15,71.12300761213814,67.60262828434928,16.11711575717277,40.47829046323454,41.787064276484095,76.78913505928114,72.17762228616279,50,70,30,,
1766026800,1964.1,1978.8,1945.85,1964.65,1978.8,,,,,,1774.1933544181663,1653.5427969853363,0,0,1776.0905803682626,,,,,,10308,11813.05,73.11380311452224,69.28908115242928,19.94282926078445,59.271931118542284,44.27355968441308,76.79344847966043,72.90642023842408,50,70,30,,
1766041200,1965.25,1968,1904.95,1916.3,,,,,,,1779.7661640488266,1656.1572965178204,0,0,1781.698957153532,,,,,,10717,11861.9,63.580109717252384,69.27230681463759,19.077417469800196,49.542862017255125,49.76436119967733,64.34160845811027,72.53124008870876,50,70,30,,
1766055600,1916.7,1926.85,1887.45,1901.5,,,,,,,1784.5400399684804,1658.5985174479913,0,0,1786.4909988673908,,,,,,12939,11990.6,51.49457985409276,62.72949756195578,17.795928118772736,24.77629452117289,44.53036255232345,61.07695805743412,72.17361720921124,50,70,30,,
1766070000,1901.65,1938.6,1896.15,1925.3,,,,,,,1790.060038401089,1661.2522635430362,0,0,1792.043358912695,,,,,,16579,12320.15,48.63647996549868,54.57038984561459,19.8303445010297,5.412254709923361,26.577137082783807,64.22089725200163,71.95849697685296,50,70,30,,
1766084400,1925.2,1928.5,1917.1,1923,,,,,,,1795.2733702284972,1663.8567186321602,0,0,1797.2816245561874,,,,,,5168,11867.95,45.03734594070222,48.389468586764536,19.634037972568336,9.89431201743107,13.360953749509108,63.68553991242778,71.35488883497642,50,70,30,,
1766098800,1916.05,1947.3,1890.7,1916.4,,,,,,,1800.023434141105,1666.369587103482,0,0,1802.0463595739398,,,,,,9364,11393.55,39.112178603384294,44.262001503195044,15.48665569548892,11.588126905084527,8.964897877479652,62.08611929481805,70.56309749714718,50,70,30,,
1766113200,1916.2,1945.7,1910.2,1938.7,,,,,,,1805.461730841454,1669.0793424556862,0,0,1807.5125051909822,,,,,,10074,11635.9,43.36713821607609,42.505554253387515,16.46949097823469,13.321974773290634,11.601471231935411,65.26071444514574,70.06850085481149,50,70,30,,
1766127600,1938.75,1945.7,1917.9,1925.2,,,,,,,1810.1573492398284,1671.6278067098585,0,0,1812.220004983343,,,,,,8424,11403.15,39.624176207293466,40.70116434225127,12.155078125777194,10.11695947574678,11.675687051373982,61.88261555065863,68.95446812579219,50,70,30,,
1766142000,1925.15,1960.1,1918.4,1951.15,,,,,,,1815.6864727990508,1674.4091220659793,0,0,1817.7772047840092,,,,,,13363,11363.1,47.47859230992803,43.489968911099176,12.432902038936916,17.11413542798159,13.51768989233967,65.57174445499773,67.87748720694785,50,70,30,,
1766156400,1951.05,1979,1947.85,1972.75,,,,,,,1821.8458268069312,1677.3776880155715,0,0,1823.9761165926489,,,,,,16588,11787.25,57.53540073496071,48.21272308406072,15.066116572451861,25.213080631215405,17.48139184498126,68.32017393880534,67.17428370569903,50,70,30,,
1766170800,1972.65,1976.85,1961.1,1961.1,,,,,,,1827.3067747752868,1680.2007955975062,0,0,1829.4610719289428,,,,,,4524,11384.95,58.32775028280328,54.447247775897324,15.641557136442145,32.74519534653137,25.024137135242785,65.29262902636728,66.6552659726567,50,70,30,,
1766358000,1965,2051,1964.8,2045.1,,,,,,,1835.8476855684128,1683.8316334522574,0,0,1838.0866290517852,,,,,,12740,11217.5,74.61225646586712,63.49180249454369,17.215638195194572,51.58461195853539,36.51429597876072,74.17790847558521,67.09130856508962,50,70,30,,
1766372400,2045.25,2072.1,2034.55,2048.85,,,,,,,1844.2007175069064,1687.4636569999961,0,0,1846.5171638897139,,,,,,11413,11552.3,80.55904617201155,71.16635097356063,18.140066908712726,64.52722771616077,49.61901167374251,74.49186159551108,67.42795385720032,50,70,30,,
1766386800,2048.75,2066.55,2040.7,2062.7,,,,,,,1852.769316820361,1691.19735195522,0,0,1855.1644773341252,,,,,,9529,11512.75,83.00839746284662,79.39323336690842,17.39191207160293,86.36795580696388,67.49326516055335,75.66850630639023,67.34790894627953,50,70,30,,
1766401200,2062.8,2091.6,2056.35,2077.65,,,,,,,1861.5881671411312,1695.0426519357652,0,0,1864.0638982407602,,,,,,12275,11513.2,83.65085456552755,82.40609940012855,25.87792340595118,92.17088168840492,81.02202173717653,76.90680849871303,67.35600609049757,50,70,30,,
1766415600,2077.15,2080.9,2054.05,2079.1,,,,,,,1870.118042939518,1698.864118085658,0,0,1872.6653423111297,,,,,,13397,11593.8,81.59955464987273,82.75293555941562,23.011547089041102,97.3165514827496,91.95179632603947,77.0289183799652,68.26224251348722,50,70,30,,
1766430000,2079.2,2128.2,2076.8,2128.2,,,,,,,1880.2389040007135,1703.1361169106763,0,0,1882.8867286186846,,,,,,4953,11051.8,83.8170253627068,83.02247819270235,22.43286527494074,100,96.49581105705151,80.74229898652388,69.66690972270791,50,70,30,,
1766444400,2124.1,2189.55,2105.8,2184.9,,,,,,,1892.18639796147,1707.929787389177,0,0,1894.9672594739372,,,,,,14229,10728.1,87.71776103561568,84.37811368273172,23.457684525501392,100,99.10551716091653,83.96576140908512,71.07725716249959,50,70,30,,
1766458800,2185.25,2189.55,2148.55,2181.25,,,,,,,1903.5222254923926,1712.639441246001,0,0,1906.4185690949798,,,,,,13464,11058.7,86.55877889581555,86.03118843137933,28.497670114270107,98.61955356891936,99.5398511896398,83.00258841543032,72.45704634128549,50,70,30,,
1766473200,2181.1,2191.35,2158.3,2179.45,,,,,,,1914.3429225319067,1717.2843224276328,0,0,1917.3398263311806,,,,,,9814,10993.1,83.01738283716024,85.7646409228638,28.14153514258058,96.5167519611676,98.37876851002898,82.49999095326767,73.91518003117474,50,70,30,,
1766487600,2179.65,2222.3,2161.45,2215.2,,,,,,,1926.1412392953612,1722.2387072790991,0,0,1929.2542332779333,,,,,,16096,11282.5,81.83279256128716,83.8029847647543,28.307010854570336,96.5167519611676,97.21768583041819,84.50660346574436,75.28988638978895,50,70,30,,
1766502000,2214,2281,2198.2,2274.35,,,,,,,1939.79648481319,1727.7323519827896,0,0,1943.058063946816,,,,,,14555,11474.4,83.58131462061944,82.81049667302227,32.1801942681999,97.89719839224824,96.97690077152781,87.1350378599647,77.09363084045366,50,70,30,,
1766516400,2274.05,2288.15,2254.85,2283.45,,,,,,,1953.2730932518884,1733.2618808187817,0,0,1956.6737413889434,,,,,,5994,11127.15,82.61936203089353,82.67782307093336,31.493725345571733,100,98.13798345113861,87.48675361891131,78.65898863787606,50,70,30,,
1766530800,2369.3,2374.1,2321.95,2338.75,,,,,,,1968.389834692991,1739.28663822357,0,0,1971.9567917333857,,,,,,7007,10648.55,83.56757671800511,83.256084456506,36.90168761254239,100,99.29906613074941,89.38581273130939,80.16367712305491,50,70,30,,
1766545200,2339.05,2359.2,2315.15,2341.55,,,,,,,1983.0235666658148,1745.2793084900022,0,0,1986.7405200640503,,,,,,16186,11199.45,81.69074451039847,82.62589441976569,32.99470183040833,99.99999999999999,99.99999999999999,89.47292787741692,81.89084132670132,50,70,30,,
1766559600,2342.4,2343.2,2238.5,2280.55,,,,,,,1994.691269933822,1750.60538502244,0,0,1998.4928992614882,,,,,,15378,11500.15,73.0908971712384,79.44973946654731,25.743399280252092,69.43068853824413,89.81022951274804,75.02600840455587,81.95141989305637,50,70,30,,
1766574000,2282.35,2326.8,2187.6,2190.15,,,,,,,2002.3563181717113,1754.9789632809232,0,0,2006.1591832910287,,,,,,17962,11894.55,55.343241531086214,70.04162773757434,17.455705813728898,36.09735520491079,68.50934791438496,59.653554255584766,80.89154079734736,50,70,30,,
1766588400,2191.1,2262,2141.05,2251.1,,2141.05,,,,,2012.110972361056,1759.9154910094712,0,0,2015.9568159593875,,,,,,21171,12531.9,48.658873560916284,59.03100408774694,12.343945609783361,8.669212307777624,38.065752016977505,64.87863194463009,80.12083548579305,50,70,30,,
1766703600,2328.45,2397.65,2298.25,2397.35,,,,,,,2027.218385209642,1766.2581229397254,0,0,2031.212543321012,,,,,,15526,12640.05,58.48174931669692,54.16128813623312,13.815689073653246,21.539795158665438,22.10212089045127,73.68501306433501,79.89070724048034,50,70,30,,
1766718000,2397.3,2458.9,2360.75,2429.5,,,,,,,2042.9941348092639,1772.8575446020166,0,0,2047.1440415881714,,,,,,17640,12692.65,64.74819819969778,57.296273692436976,15.378126368819679,38.77987549855899,22.996294321667335,75.15954885193108,79.75718084562075,50,70,30,,
1766732400,2428.8,2443.15,2334.85,2344.65,,,,,,,2054.8237765814497,1778.5470217701557,0,0,2059.0442799246443,,,,,,13073,13120.1,59.35516910956333,60.86170554198599,9.67050695333812,38.6416775090765,32.987116055433624,64.83405368334954,78.62087760967974,50,70,30,,
1766746800,2344.55,2421.7,2327.25,2398.8,,,,,,,2068.3130402449224,1784.7186931953283,0,0,2072.6345087276586,,,,,,20113,13488.75,59.95833617146921,61.353901160243424,17.159948755319277,32.13354176257919,36.51836492340488,67.86792268242527,77.4710319863469,50,70,30,,
1766761200,2399.25,2470.85,2386.05,2418.4,,,,,,,2082.0419406274746,1791.0239798302007,0,0,2086.4651283785524,,,,,,27541,14295.15,60.761362654290444,60.02495597844097,26.763920433733304,25.168300980426988,31.98117341736088,68.91334275381053,76.4646572962312,50,70,30,,
1766775600,2418.15,2449.75,2386.8,2443,,,,,,,2096.197158642083,1797.5113034139797,0,0,2100.72652324341,,,,,,14879,14562.65,62.08315342661354,60.934284084124386,28.170148760985057,31.109321838958294,29.470388193988143,70.22282392678913,75.58771679433987,50,70,30,,
1766962800,2469.31,2479.25,2242.74,2433.55,2479.25,,,,,,2109.4266818325896,1803.840046663592,0,0,2114.0394623136735,,,,,,25781,15237.95,60.446818195257116,61.09711142538702,19.1843528879364,32.36150594948336,29.54637625628953,69.02005576195992,74.48153481549812,50,70,30,,
1766977200,2433.87,2446.64,2271.6,2298.35,,,,,,,2116.835439407782,1808.7605437117154,0,0,2121.4118838211266,,,,,,20154,15575.8,41.48849860108382,54.67282340765147,12.497620834486739,22.086666391742014,28.519164726727876,54.60895730803493,72.15824334750313,50,70,30,,
1766991600,2298.4,2325.9,2233.55,2310.1,,,,,,,2124.4144417839475,1813.7489960130913,0,0,2128.9594084682817,,,,,,17607,16208.5,28.251465490867496,43.39559409573612,10.463103879137563,11.22840550617705,21.89219261580079,55.478984250870575,69.87197410692879,50,70,30,,
1767006000,2310.9,2322.5,2146.05,2146.7,,,,,,,2125.2883852434006,1817.061941326394,0,0,2129.6690321295505,,,,,,22266,16610.35,3.7646252098821584,24.501529767277802,7.942872671558021,0.8497524196840113,11.388274772534343,43.10545375833084,66.56623418028747,50,70,30,,
1767020400,2146.5,2151.05,2064.7,2091,,,,,,,2123.943742684836,1819.787693153992,0,0,2128.1222708443684,,,,,,24564,17165.35,-14.480076940809301,5.845337919980095,0.6501498969322768,0.8497524196840125,4.309303448515011,39.8432733918691,63.02125885989119,50,70,30,,
1767034800,2090.75,2128.6,2083.1,2097.4,,,,,,,2122.902811599156,1822.5500046648976,0,0,2126.893380010594,,,,,,8433,17096.3,-25.03375497188936,-11.916402234272189,1.2572623352904628,0.5693956239441337,0.7563001544373739,40.401385410622304,60.548071503181646,50,70,30,,
1767049200,2092,2145.6,2043.3,2111.25,,,,,,,2122.4458385952676,1825.4226414344012,0,0,2126.26764481017,,,,,,16421,17112.55,-30.562284771490415,-23.35870556139638,-0.1777567786860601,2.416630086615304,1.27859271008115,41.662741412761825,59.26301344298001,50,70,30,,
1767063600,2111.3,2201.6,2102.9,2160.3,,,,,,,2123.9303155131,1828.7547544549543,0,0,2127.6289390177635,,,,,,12603,17014.95,-30.141470429745382,-28.57917005770841,0.4268283332986442,8.589352816811653,3.8584595091236964,46.019953407457656,57.91596497603912,50,70,30,,
1767078000,2160.35,2194.15,2128.6,2174.05,,,,,,,2125.8957933361157,1832.1905280424671,0,0,2129.485781457053,,,,,,11701,17300.3,-28.131286984986197,-29.61168072874069,3.742859843546043,15.351639783320556,8.785874228915837,47.21026463084657,56.02491151650423,50,70,30,,
1767092400,2174.25,2235.5,2171.85,2195.95,,,,,,,2128.643017126856,1835.8100252758754,0,0,2132.1443501987706,,,,,,18404,17870.15,-23.574813481500996,-27.282523632077545,4.809374786874372,24.091425222438307,16.010805940856837,49.13415208234164,54.1659546043907,50,70,30,,
1767106800,2197.35,2247.1,2181.4,2215.05,,,2247.1,,,,2132.031526259136,1839.5835573626825,0,0,2135.4605761908197,,,,,,18163,17969,-16.82194834209186,-22.84268293619304,5.371955033544467,30.35629486414801,23.26645328996896,50.81765301862043,53.16478312833862,50,70,30,,
1767121200,2215.15,2220.5,2152.1,2172.9,,,,,,,2133.634211503876,1842.9001388814618,0,0,2136.958153143187,,,,,,8755,17637.85,-18.710704095498034,-19.702488639696984,4.436052187219133,31.29454626342412,28.58075545000348,47.111978176910654,51.682215663659,50,70,30,,
1767135600,2181.74,2188.34,1992.6,2059.52,,,,,,,2130.7277718370574,1845.0555603851287,0,0,2133.860627017459,,,,,,15315,17505.5,-34.40649420800336,-23.313048881864443,-0.15925619726333196,20.707526361635193,27.45278916306911,38.89565752005396,49.53809528981924,50,70,30,,
1767150000,2060.11,2080.25,1935.2,1940.15,,,,,,,2123.2541337258003,1846.00177371463,0,0,2126.112201936761,,,,,,13578,17125.85,-51.350047917010755,-34.8224154068374,-4.138675170822793,8.269933989729145,20.090668871596154,32.4742702216833,46.84177002516883,50,70,30,,
1767164400,1940.25,2033.45,1922.98,2016.11,,,,1922.98,,,2119.0524029914554,1847.6943928816486,0,0,2121.71211385929,,,,,,12526,16975.85,-53.76817317404103,-46.5082384330184,-3.7041683817139415,10.32290909167684,13.100123147680392,39.33741422101248,44.721581343672575,50,70,30,,
1767178800,2016.7,2086.25,1991.4,2075.55,,,,,,,2117.346426403555,1849.9616128529756,0,0,2119.8656293049185,,,,,,15283,16858,-48.362662121137255,-51.16029440406303,-3.2257135285781686,27.508281736088083,15.367041605831355,44.123307842986584,43.97260638188341,50,70,30,,
1767193200,2069.4,2077.9,2006.17,2025.26,,,,,,,2113.7351939955724,1851.7058754116524,0,0,2116.0814041327217,,,,,,18026,17105.65,-49.38633483292882,-50.50572337603572,-4.004464653580214,43.6952003005645,27.175463709443147,41.164272925912606,42.95012700152927,50,70,30,,
1767207600,2025.67,2063.3,1997.5,2051.65,,,,,,,2111.30048050555,1853.6953691886508,0,0,2113.504147967413,,,,,,8727,16536.35,-45.91023679280404,-47.886411248956726,-3.442525084137884,53.4047784924353,41.536086843029295,43.31265052726975,42.96492677073918,50,70,30,,
1767308400,2072.41,2105.45,2059.1,2098.3,,,,,,,2110.790657740626,1856.1292461121468,0,0,2112.895982048716,,,,,,9519,15635.25,-35.162486082767884,-43.48635256950027,-4.220379392702938,62.70789108101847,53.269289958006084,46.997048118594456,43.475910679791,50,70,30,,
1767322800,2097.7,2126.92,2085.35,2100.3,,,,,,,2110.3792593978565,1858.5588058523244,0,0,2112.3921427667674,,,,,,8165,15299.55,-25.96744883575367,-35.68005723710856,-5.108510542417989,73.28358436620904,63.13208464655427,47.155625823676026,43.958356423580554,50,70,30,,
1767337200,2102.9,2150.6,2092.5,2144.45,,,,,,,2111.7153668724504,1861.4034943513063,0,0,2113.674457056097,,,,,,8165,14418.75,-10.930695081715916,-24.020210000079185,-5.3879434984066705,86.0123545889383,74.00127667872194,50.66464487010916,44.601349527676796,50,70,30,,
1767351600,2144.4,2169.55,2103.15,2148.7,,,,,,,2113.165744642158,1864.2621660493032,0,0,2115.075478773853,,,,,,12994,14060.75,0.4839456649031817,-12.138066084188827,-5.935745026728441,92.85512119270102,84.05035338261612,51.00193898691468,44.957205640495154,50,70,30,,
1767366000,2148.67,2164.63,2109.32,2122.65,,,,,,,2113.537676224819,1866.8331892726933,0,0,2115.378459622899,,,,,,22103,14285.55,3.864025088025867,-2.19424144292898,-12.206815817134895,95.63690539851343,91.50146039338425,48.799667522635,45.070734418480036,50,70,30,,
1767380400,2123.9,2142.75,2114.85,2127.65,,,,,,,2114.091100686591,1869.4283814192336,0,0,2115.869321237983,,,,,,6524,13498.45,7.661723406193078,4.0032313863740425,-14.313311943601207,93.1936327166707,93.89521976929505,49.252611844070486,45.0791958300321,50,70,30,,
1767567600,2160.5,2255.85,2148.4,2171.35,,,,,,,2116.3365477184893,1872.4325766289924,0,0,2118.0885483884636,,,,,,14305,12985.5,19.734097954093226,10.419948816104057,-13.039242087598637,93.19571421324689,94.00875077614369,53.15334913453897,45.24603126688343,50,70,30,,
1767582000,2172.05,2225.8,2166.5,2213.25,,,,,,,2120.1370752589405,1875.8237947719874,0,0,2121.895006452925,,,,,,9004,13014.05,33.60793057364947,20.334583977978593,-8.651615929085708,96.98465149110082,94.45799947367281,56.59810882186122,45.923612027237034,50,70,30,,
1767596400,2213.35,2232.8,2207.2,2215.5,,,,,,,2123.8767977978055,1879.2036575105747,0,0,2125.639206194808,,,,,,7695,12577.75,41.45649040263797,31.599506310126888,-4.561562041540569,100,96.72678856811591,56.78188928362416,47.20120001034919,50,70,30,,
1767610800,2217,2285.05,2182.65,2272.55,,,,,,,2129.7071194527934,1883.1175514656934,0,0,2131.515637947016,,,,,,14324,12663.8,52.22655574315702,42.43032557314815,1.2165892020963156,100,98.99488383036693,61.2610472107806,49.25739836671328,50,70,30,,
1767625200,2272.45,2306.05,2262.8,2276,,,,,,,2135.444095160527,1887.0268295605622,0,0,2137.295012429135,,,,,,14269,12792.2,57.399308071383544,50.36078473905951,7.710796132831817,100,100,61.52076705471565,50.84192356912065,50,70,30,,
1767639600,2275.9,2277.95,2242.35,2270,,,,,,,2140.7207973110944,1890.8375078733925,0,0,2142.60321193197,,,,,,7163,12230.15,58.40622493840736,56.01069625098264,3.6048532370027004,98.80710283656857,99.60236761218952,60.75785144116509,52.030105254704836,50,70,30,,
1767654000,2261.12,2338.45,2215.35,2317.75,,,,,,,2147.663118985169,1895.0853933671897,0,0,2149.609083454691,,,,,,12672,11955.6,62.83035921115814,59.54529740698302,2.6251738058456624,98.80710283656856,99.20473522437904,64.52791197726117,53.69893661551544,50,70,30,,
1767668400,2318,2339.25,2304.05,2319.6,,,,,,,2154.4057417700647,1899.3094193038346,0,0,2156.408720116503,,,,,,10490,12042.35,63.980349795565395,61.7389779817103,7.286659692512885,98.80710283656856,98.80710283656856,64.66953307589525,55.22442822613154,50,70,30,,
1767682800,2319.65,2324.1,2284.35,2301.65,,,,,,,2160.1800264065328,1903.312808166483,0,0,2162.218371311843,,,,,,8584,11705.8,61.033901226029,62.61487007758418,1.8329949202402673,95.23405233907586,97.616086004071,62.07972032218735,56.30176195495961,50,70,30,,
1767697200,2301.85,2395.1,2301.45,2393.2,,,,,,,2169.3180645866687,1908.187307587712,0,0,2171.457636459369,,,,,,13305,11692.15,67.33631462842018,64.11685521667152,-0.9725076124817207,95.23405233907586,96.42506917157341,68.91682969056639,57.8561336597375,50,70,30,,
1767711600,2393.15,2453.85,2382.3,2441.8,,,,,,,2180.003630681309,1913.49688661669,0,0,2182.2713310009945,,,,,,17017,11916.7,72.82156115857542,67.06392567100819,-0.525303019117132,95.23405233907586,95.23405233907586,71.82140677733048,59.36733093882474,50,70,30,,
1767726000,2441.85,2442.2,2396.2,2432.95,,,,,,,2189.923096144787,1918.6655743120464,0,0,2192.2984777609545,,,,,,7212,11513.15,73.04710410142074,71.06832662947211,3.719329185785881,98.23450735280471,96.2342040103188,70.52894803040263,60.762117299073886,50,70,30,,
1767740400,2438.35,2467.53,2322.82,2368.05,2467.53,,,,,,2196.908464923423,1923.137061134812,0,0,2199.3285386505163,,,,,,15664,11395.05,64.92699862752953,70.2652212958419,4.6647649692914115,83.8666908016442,92.4450834978416,61.75277158065002,61.687339017503525,50,70,30,,
1767754800,2368.1,2379.4,2242,2268.25,,,,,,,2199.706172181328,1926.5710207255104,0,0,2202.0853971044958,,,,,,14317,11674.55,45.53029450162862,61.16813241019296,5.392610709924327,50.53335746831084,77.54485187425324,51.20177494834108,61.826564953522855,50,70,30,,
1767769200,2268.5,2340.1,2267.35,2336.9,,,,,,,2205.0863222918642,1930.653896141177,0,0,2207.477981220316,,,,,,10112,11704.2,39.38162278796615,49.9463053057081,12.647932955279245,28.069289934917617,54.15644606829087,56.68425995243743,62.078772869087025,50,70,30,,
1767783600,2337,2350.7,2273.7,2280.9,,,,,,,2208.0594076921834,1934.138932000469,0,0,2210.4148619715033,,,,,,15672,12079.55,25.343594508242912,36.751837265945895,14.42320673704171,9.67029365231943,29.424313685182614,51.59224124694116,61.721210899449886,50,70,30,,
1767798000,2280.2,2311.42,2254.9,2284.8,,,,,,,2211.068842684647,1937.6280968561857,0,0,2213.390267492643,,,,,,14649,12403.75,15.114274976962745,26.613164091057268,9.236360749855692,10.78106101020488,16.173548199147294,51.91619839668724,61.37366155038297,50,70,30,,
1767812400,2284.7,2303.5,2275.65,2292.4,,,,,,,2214.2582998342687,1941.158165544184,0,0,2216.5506567929374,,,,,,5691,12038.6,8.47287308558961,16.31024752359842,14.240866974664286,3.9042852594656394,8.118546640663308,52.58215824441032,60.75374090992795,50,70,30,,
1767826800,2285.91,2328.1,2242.55,2281.95,,,,,,,2216.9128763113563,1944.5491290711075,0,0,2219.1666305212198,,,,,,14971,11682,1.1169811602081428,8.234709740920161,8.095240511334666,3.7728607646853853,6.152735678118627,51.525442065340556,60.03978912497258,50,70,30,,
1767841200,2280.5,2302.3,2190.19,2201.6,,,,,,,2216.31237135797,1947.1068491798526,0,0,2218.463965300371,,,,,,14585,12085.05,-17.01301897515578,-2.4743882431193427,2.369901949116553,2.662093406799944,3.4464131436503145,44.17445841640052,58.855261051775116,50,70,30,,
1767855600,2201.7,2235.35,2182.75,2214.1,,,,,,,2216.225611696873,1949.7634974467198,0,0,2218.289406688356,,,,,,9751,11857.35,-26.1387175599995,-14.01158512498238,-3.4978838991828383,2.0917235434674164,2.84222590498424,45.477646616076406,57.49452781169049,50,70,30,,
1767870000,2214.15,2229.9,2168.9,2219.9,,2168.9,,,,,2216.369705355819,1952.45142284526,0,0,2218.353830420822,,,,,,13166,12065.45,-30.849024656728538,-24.666920397294604,-10.286278233490435,4.108485518156513,2.9541008228079577,46.10630515192063,56.16858295997802,50,70,30,,
1767884400,2219.65,2259.9,2217.1,2237.2,,,,,,,2217.186579655591,1955.284742020929,0,0,2219.107677203989,,,,,,14508,12406.1,-30.624389633704226,-29.204043950144086,-5.1571130607779025,8.980799667289803,5.060336242971244,48.03110894584853,55.165110718810965,50,70,30,,
1767898800,2237.1,2268.15,2233.35,2267.05,,,,,,,2219.142007904391,1958.3868838913675,0,0,2221.0253701158294,,,,,,5866,11983.2,-23.16911020839953,-28.2141748329441,-0.6168626529927934,16.218311595614168,9.769198927020161,51.26532827089509,53.90428918883443,50,70,30,,
1767913200,2265.55,2280,2193.5,2266.7,,,,,,,2221.007027202258,1961.4546760914534,0,0,2222.8523553111963,,,,,,11438,11841.65,-17.09307345891352,-23.62885776700576,-0.5284430473596586,23.013188412648066,16.070766558517345,51.2250735332189,52.43312252854075,50,70,30,,
1767927600,2265.95,2304.23,2220.45,2277.35,,,,,,,2223.2165555472675,1964.5979131452698,0,0,2225.0322610987487,,,,,,10048,11985.9,-8.904171555297694,-16.388785074203582,-0.6992366381745541,33.998885577537365,24.410128528599866,52.448625940890615,51.141670950718456,50,70,30,,
1767942000,2277.05,2310.3,2271.45,2305.55,,,,,,,2226.4453180748255,1967.9904712234263,0,0,2228.252970654799,,,,,,7353,11719.95,4.976385440218838,-7.006953191330791,-2.053582009975571,55.48081953162656,37.49763117393733,55.62306804037613,50.70383498355604,50,70,30,,
1767956400,2305.6,2319,2262.05,2289.7,,,,,,,2228.925893836597,1971.1915610619992,0,0,2230.710851828607,,,,,,12781,11834.5,10.116185496674808,2.062799793865317,-1.3062460952390893,70.94267960232247,53.47412823716214,53.4627366964375,50.865332251277216,50,70,30,,
1767970800,2289.55,2318.6,2270.15,2275.2,,,,,,,2230.7405646665343,1974.216520653422,0,0,2232.4904177554627,,,,,,14548,12132.7,8.559338145883357,7.883969694259,-6.61172503952649,76.48341922277467,67.63563945224125,51.492436991837685,50.494487754091516,50,70,30,,
1767985200,2275.5,2281.55,2261.4,2266.15,,,,,,,2232.129169973729,1977.121331393189,0,0,2233.836801045244,,,,,,4944,11714.65,3.014357566044456,7.2299604028675395,-9.800850972739354,63.87532259564174,70.4338071402463,50.24774207016467,50.398452098607486,50,70,30,,
1768172400,2282.67,2378.5,2268.75,2358.95,,,2378.5,,,,2237.1025358571123,1980.9206216280825,0,0,2238.841329003434,,,,,,13985,11563.05,27.857069036517746,13.143588249481851,-8.144044814216443,72.5000610617618,70.95293429339274,60.73018310375427,51.02802243482655,50,70,30,,
1768186800,2358.9,2373.25,2337.75,2354.4,,,,,,,2241.7024364117356,1984.636834348201,0,0,2243.4636758432966,,,,,,10007,11702.8,39.74489406822288,23.53877355692836,-7.58019050032253,83.12153458029324,73.1656394125656,60.06199690091035,51.562296624576554,50,70,30,,
1768201200,2354.5,2378.45,2337.75,2356.65,,,,,,,2246.210184003432,1988.338457887025,0,0,2247.991128809565,,,,,,8587,11348.95,46.33311312147054,37.978358742070384,-8.302492144428456,97.83159002783624,84.4843952232971,60.29464409092801,52.1886681978328,50,70,30,,
1768215600,2356.8,2375.2,2310.65,2328.1,,,,,,,2249.421549336631,1991.7191697488456,0,0,2251.195483657182,,,,,,13825,11324.35,43.09413355427242,43.05738024798861,-6.91048950605699,87.30785748960125,89.42032736591027,55.84899570367009,53.02256371835205,50,70,30,,
1768230000,2328.6,2373.2,2322.4,2349.35,,,,,,,2253.3403121077436,1995.2776854727376,0,0,2255.121664310895,,,,,,14569,11547.2,45.65190264865208,45.026383108131675,-2.0329392011484373,83.18685784118883,89.4421017862088,58.312748565303835,53.93935671472544,50,70,30,,
1768244400,2349.5,2364.2,2328.75,2333,,,,,,,2256.464221436852,1998.6381065128098,0,0,2258.2367977384592,,,,,,6785,11102.85,41.83615212721583,43.52739611004677,-6.79656034384648,71.01872900147659,80.50448144408891,55.735638077985136,54.62716620944434,50,70,30,,
1768258800,2340.12,2353.85,2271.1,2323.35,,,,,,,2259.0871931452107,2001.8690706271102,0,0,2260.841325828921,,,,,,13678,11054.3,34.63124719671672,40.70643399086155,-12.088842353533465,60.88862908858377,71.69807197708307,54.21275949295821,55.068712677095036,50,70,30,,
1768273200,2323.25,2339.55,2286.75,2292.9,,,,,,,2260.413185570889,2004.764900770124,0,0,2262.1236727957644,,,,,,11047,11322.1,16.956475738256625,31.141291687396393,-16.38646961805584,32.989404283989956,54.965587458016785,49.606818752046905,54.95024771146302,50,70,30,,
1768287600,2289.95,2342.25,2289.95,2339.35,,,,,,,2263.50874692105,2008.0941057375856,0,0,2265.2127258839337,,,,,,8430,10995.05,22.774488944472868,24.787403959815403,-17.694091248010068,31.231842884766518,41.7032920857801,55.778873112053034,55.275519109951176,50,70,30,,
1768302000,2339.32,2399.05,2329.2,2368.35,,,,,,,2267.6201686104205,2011.6787415013907,0,0,2269.3382168485764,,,,,,15164,11024,35.17553735185554,24.968834011528344,-17.16684026477074,47.09040784950597,37.1038850060875,59.14335096411742,55.75371375446737,50,70,30,,
1768316400,2368.6,2374.7,2322.8,2352.6,,,,,,,2270.952711017855,2015.0709928297351,0,0,2272.668688174633,,,,,,18219,11447.4,37.45915760417342,31.803061300167276,-19.66410889769689,68.15244314107889,48.82489795845046,56.62362794504763,55.825182319086764,50,70,30,,
1768330800,2352.9,2358.75,2311.25,2328.55,,,,,,,2273.211428232841,2018.1901869309318,0,0,2274.9039406476477,,,,,,8477,11212.95,28.49074741433528,33.70848079012141,-24.644038875630784,59.54313118227429,58.26199405761971,52.91634349867711,55.78615423353245,50,70,30,,
1768345200,2332.95,2424.5,2332.1,2411.3,,,,,,,2278.626666341357,2022.1017273594798,0,0,2280.359783021742,,,,,,11171,11046.1,47.078497107845166,37.67613404211795,-24.250872722509996,64.33839866866265,64.01132433067194,62.108844263055346,56.54446903861943,50,70,30,,
1768359600,2411.15,2451.6,2371.5,2388.65,2451.6,,,,,,2282.94130687699,2025.7489738534152,0,0,2284.691391700872,,,,,,13151,11410.35,51.14318469583991,42.23747640600678,-19.17365933057529,67.71964834160832,63.86705939751508,58.728968385844205,57.150270918310824,50,70,30,,
1768374000,2390.3,2412.5,2372.05,2395.2,,,,,,,2287.3436085680883,2029.425103466814,0,0,2289.111736032837,,,,,,9264,11301.65,54.082126846269595,50.76793621665155,-24.43211206402357,84.0399207493256,72.03265591986552,59.4167520899037,57.0564544173215,50,70,30,,
1768388400,2395.65,2430.15,2373.1,2379,,,,,,,2290.937976859536,2032.9034606462487,0,0,2292.707266591524,,,,,,14007,11499.6,50.306890606193974,51.844067382767825,-25.449273867583486,70.26978497716334,74.00978468936574,56.891457685378896,56.82998733049782,50,70,30,,
1768402800,2380.3,2414.8,2349.8,2385.9,,,,,,,2294.661977767005,2036.415864022903,0,0,2296.434975927863,,,,,,16570,11960.45,49.010585910653745,51.1332011210391,-26.9958776704579,67.58090023457582,73.96353532035492,57.71578583686496,56.64578316949331,50,70,30,,
1768417200,2385.7,2416.25,2381.15,2394,,,,,,,2298.5575864820244,2039.9739151271526,0,0,2300.3375768907486,,,,,,8669,11754.85,49.88519681552249,49.73422444412339,-21.56076943632293,65.71970328575624,67.8567961658318,58.71385747117702,56.850416152886666,50,70,30,,
1768431600,2391.05,2394.85,2241.65,2311.87,,2241.65,,,,,2299.079641914102,2042.6793488074795,0,0,2300.7988738151184,,,,,,16607,11857.8,23.294023205708662,40.72993531062829,-22.16835568834746,46.156505724585166,59.8190364149724,46.681962288297925,56.019645704529104,50,70,30,,
1768446000,2311.25,2333.6,2276.15,2331.9,,,,,,,2300.3667147802157,2045.5571662322807,0,0,2302.0429188625135,,,,,,14119,12316.55,10.296286590843893,27.825168870691673,-27.29823961903527,30.386516795573822,47.420908601971725,49.40506651790918,55.567462021666536,50,70,30,,
1768460400,2331.87,2361.6,2324.35,2350.7,,,,,,,2302.34056910256,2048.593413334447,0,0,2303.989202108013,,,,,,10605,12147.55,6.474805225380521,13.35503834064435,-21.493701374858958,17.381952649594346,31.308325056584426,51.88876132336856,55.40146215241013,50,70,30,,
1768474800,2350.81,2387.3,2323.05,2376.95,,,,,,,2305.2664291377537,2051.8606430525124,0,0,2306.9076340236925,,,,,,16843,12489.35,13.544592804823388,10.105228207015925,-14.149921411232896,35.92723738840036,27.898568944522825,55.19599001456771,55.800688671161616,50,70,30,,
1768489200,2376.35,2429.9,2352.8,2425.2,,,,,,,2309.969706426469,2055.575462524627,0,0,2311.639328662745,,,,,,15376,12828.8,30.754455811279588,16.924617947161153,-11.598117995575436,59.95610254857218,37.755097528855615,60.56236748543812,56.14236684068912,50,70,30,,
1768503600,2425.25,2434.9,2387.49,2406.1,,,2434.9,,,,2313.7395218607253,2059.0632688676656,0,0,2315.417755516235,,,,,,6153,12445.2,35.902124362960365,26.733724326354434,-7.037658978744531,72.31650787938285,56.06661593878511,57.62024875988505,56.03357382610109,50,70,30,,
1768518000,2401.39,2413.55,2339.5,2345,,,,,,,2314.965422964226,2061.9084104709723,0,0,2316.6010452955857,,,,,,13735,12403.5,20.06870840823259,28.908429527490835,-7.152015361535362,59.608371521472556,63.96032731647585,49.35948021416155,55.514706131037805,50,70,30,,
1768532400,2345.15,2363.35,2314,2338.8,,,,,,,2315.9001122597465,2064.663550665291,0,0,2317.489003483762,,,,,,10395,12584,6.854242934820046,20.941691902004322,-7.5049851556804015,33.753851950257946,55.22624378370443,48.59810312177363,55.206260389830405,50,70,30,,
1768546800,2340.95,2364.45,2325.55,2327.75,,,,,,,2316.3648137397563,2067.2813262805616,0,0,2317.899443344412,,,,,,7434,12271.8,-5.3546379110084,7.189437810681401,-3.0493540433347732,11.18157582031448,34.84793309734831,47.20066490284515,54.14139043552968,50,70,30,,
1768561200,2327.7,2344.15,2289.05,2302.9,,,,,,,2315.836781828393,2069.6257906956803,0,0,2317.2994656106353,,,,,,15133,12476.1,-19.040340792912883,-5.846911923033759,-9.727948021460165,5.344427439418761,16.759951736663712,44.127595553915874,53.098435233249084,50,70,30,,
1768575600,2304.3,2324.55,2260.95,2302.25,,2260.95,,,,,2315.303966854731,2071.940459444977,0,0,2316.6974869862097,,,,,,18546,12981.9,-27.549590714581406,-17.314856472834247,-15.040431285239336,1.1856705575418254,5.903891272425009,44.046814336267985,52.00058253656083,50,70,30,,
1768590000,2301.55,2329.1,2294.65,2328.9,,,,,,,2315.8371446251335,2074.497270793783,0,0,2317.1855875067613,,,,,,6927,12570.05,-26.111142154933507,-24.23369122080928,-11.073619768580556,8.607266796206622,5.04578826438907,48.23124514182441,51.381995926306935,50,70,30,,
1768777200,2339.37,2375.9,2336.8,2354.05,,,,,,,2317.3356879731673,2077.278889989865,0,0,2318.660164006491,,,,,,14158,12367,-16.20443853173621,-23.28839046708372,-9.920864063726995,24.645164262108068,11.479367205285504,51.88795771200551,50.96572248881697,50,70,30,,
1768791600,2354.1,2360.45,2340.2,2354.15,,,,,,,2318.7793864840237,2080.0338264078764,0,0,2320.0797574462313,,,,,,6538,12270.05,-8.39512919118194,-16.9035699592839,-12.907681127641368,40.712462298302626,24.65496445220577,51.90250534225558,50.47919733675115,50,70,30,,
1768806000,2354.3,2374.1,2340.75,2360.5,,,,,,,2320.415488974846,2082.824534602823,0,0,2321.696567148382,,,,,,5693,11996.15,0.021920382600381316,-8.192549113439272,-8.858509581225192,50.13925300927786,38.49895985656285,52.87689083165624,50.92169223270532,50,70,30,,
1768820400,2360.6,2383.3,2348.7,2377,,,,,,,2322.634489407205,2085.751653661501,0,0,2323.908704462447,,,,,,6642,11670.7,11.862571342454437,1.1631208446242773,-4.051462194171464,57.217074918481096,49.35626340868719,55.40496474140487,51.35025639152644,50,70,30,,
1768834800,2376.9,2383.45,2356.5,2370.85,,,,,,,2324.5252937441774,2088.588453127556,0,0,2325.7863562839493,,,,,,6501,11532.55,17.60604168988334,9.830177804979371,-1.5322525421257325,61.91736507755986,56.424564335106275,54.23700628868056,51.51798817476301,50,70,30,,
1768849200,2371,2372.05,2368.1,2370.5,,,,,,,2326.3282234012686,2091.3935431461873,0,0,2327.574902032591,,,,,,524,10858.4,21.35560639977681,16.941406477371515,-4.754046296649406,64.50996782944982,61.21480260849692,54.1670234918762,51.44449056599934,50,70,30,,
1768863600,2367.37,2379.5,2310.65,2322.75,,,,,,,2326.1879009149443,2093.6955974432403,0,0,2327.3819059512875,,,,,,9712,10515.5,3.504780775385548,14.155476288348552,-9.486457743840361,45.102801440082715,57.1767114490308,45.534693775944476,50.37108530103551,50,70,30,,
1768878000,2322.73,2384.9,2309.15,2378.55,,2309.15,,,,,2328.241316565339,2096.529969607984,0,0,2329.428629713236,,,,,,11302,10647.15,13.630376557260018,12.83025457747411,-8.72811160986214,55.36259734836646,54.991788872633,54.6333152656509,50.157732908590205,50,70,30,,
1768892400,2379.09,2412.7,2378.55,2396.45,,,,,,,2330.9161668961096,2099.5142485173574,0,0,2332.1094845247067,,,,,,10020,10317.8,25.696463085154647,14.277206805933389,-2.9831871123986815,68.06927042262798,56.178223070359046,57.10862275448707,50.711243090042025,50,70,30,,
1768906800,2396.6,2449.05,2387.5,2448.3,,,,,,,2335.519454468811,2102.9847535072345,0,0,2336.7571051437185,,,,,,16100,10416.85,43.40193959413442,27.576259745516342,-2.385199822882541,97.69405077022374,73.70863951373939,63.347127890224904,51.76474485921711,50,70,30,,
1768921200,2447.98,2456.15,2396.1,2440.35,,,,,,,2339.630456254348,2106.3416216315404,0,0,2340.90082093797,,,,,,18893,10831.25,50.62853816747701,39.90898028225534,3.3196206171139266,97.501775247216,87.75503214668925,61.861419827710975,52.81194163956468,50,70,30,,
1768935600,2440.45,2481.15,2434.65,2473.7,,,,,,,2344.888085420844,2109.996928878988,0,0,2346.2127881004512,,,,,,8570,10417.6,59.08420593825941,51.03822789995693,8.680534792519168,97.501775247216,97.56586708821858,65.5152398684136,54.339630519171656,50,70,30,,
1768950000,2461.8,2513.15,2440.35,2453.85,,,,,,,2349.16110167885,2113.418352472232,0,0,2350.518276576433,,,,,,13686,10333.1,59.2043785645058,56.30570755674739,14.19583546115308,91.33923684936018,95.44759578126406,61.72478298918921,55.60234256580889,50,70,30,,
1768964400,2458.42,2476.52,2407.6,2426,,,,,,,2352.1743918090915,2116.528617621762,0,0,2353.537545513376,,,,,,12977,10674.3,52.011203369332485,56.76659595736587,8.901491239003704,79.49334432158237,89.44478547271952,56.762725023047295,56.21173398589623,50,70,30,,
1768978800,2425.92,2481.15,2423.15,2474.65,,,,,,,2356.977356836186,2120.0920144613465,0,0,2358.382043692841,,,,,,9514,10463.25,56.82941172915348,56.0149978876639,7.977298000906373,74.51570651772036,81.78276256288764,62.44261514730393,56.96563808841755,50,70,30,,
1768993200,2474.75,2531.69,2461.75,2516.58,,,,,,,2363.236284019081,2124.0371685463083,0,0,2364.7099619451274,,,,,,17395,10813.25,64.93099258900989,57.923869229165284,16.506417164921046,80.67824491557619,78.22909858495966,66.52428758774883,58.0100511059528,50,70,30,,
1769007600,2516.71,2549.15,2481.29,2518.25,,,,,,,2369.3152532732347,2127.959684282166,0,0,2370.851563467322,,,,,,25949,11739,67.85222635562255,63.20421022459531,23.523881202293083,95.02236219613798,83.40543787647819,66.67960823645971,58.99595949201018,50,70,30,,
1769022000,2516.6,2521,2441.61,2477.1,,,,,,,2373.542106086049,2131.4337172743835,0,0,2375.1015009286293,,,,,,14986,11731.65,60.655838800065304,64.47968591489924,17.211912010310982,88.75662263508919,88.15240991560113,59.369844639768694,59.27916519903617,50,70,30,,
1769036400,2474.88,2477.8,2360.15,2427.55,,2360.15,,,,,2375.6600627101257,2134.3801479482704,0,0,2377.1994408914843,,,,,,16723,11640.5,42.89922279973777,57.135762651808534,10.299255487735834,65.86350159466677,83.21416214196465,51.98045046824205,59.117982640433425,50,70,30,,
1769050800,2427.89,2466.65,2423.7,2466.65,,,,,,,2379.228295545023,2137.686315630377,0,0,2380.777463255825,,,,,,11179,11853.1,38.73585246062195,47.43030468680834,14.784631074644594,50.214066440318426,68.27806355669148,56.57363775346213,59.28988365911813,50,70,30,,
1769065200,2467.75,2505.4,2453.25,2503.1,,,,,,,2384.0860094452178,2141.322272688781,0,0,2385.6703647255918,,,,,,9855,11637.95,44.157194084025875,41.930756448128534,14.217618500280338,47.30553432566336,54.4610341202162,60.37844809209034,60.35015182455713,50,70,30,,
1769079600,2504.55,2525.2,2490.45,2507.05,,,,,,,2388.9081267218758,2144.9613545525744,0,0,2390.525550136568,,,,,,13633,11992.7,47.52075751448425,43.47126801971069,21.18010149935951,56.951844750055706,51.49048183867918,60.77947837990318,60.789163475575144,50,70,30,,
1769094000,2503.5,2603.9,2503.21,2599.45,,,,,,,2397.1646707719983,2149.4836296316535,0,0,2398.8825281311056,,,,,,20648,12740.45,62.77141967451885,51.48312375767633,23.283968645683686,72.60127990440405,58.95288632670773,68.74807765118874,61.62055311105384,50,70,30,,
1769108400,2599.35,2647.1,2592.75,2625.95,,,,,,,2406.136644467214,2154.224588540791,0,0,2407.9652270058614,,,,,,9085,12862.6,71.47900546288287,60.59039421729532,29.34040483101589,86.75318938396993,72.10210467947658,70.59339912328471,62.138143913415256,50,70,30,,
1769122800,2629.82,2687.85,2620.55,2666.1,,,,,,,2416.3312858606564,2159.317876217002,0,0,2418.290617925627,,,,,,16218,13348.45,77.61048790496231,70.62030434745468,35.78049554402995,100,86.45148976279135,73.177551278514,62.946439017044035,50,70,30,,
1769137200,2665.9,2667.5,2619.3,2655.05,,,,,,,2425.6928040621992,2164.2505341650913,0,0,2427.760993208602,,,,,,9878,13816.15,77.53951535625184,75.54300290803234,31.08032994622218,97.20676823017915,94.6533192047164,71.31997836864916,63.36106319563229,50,70,30,,
1769151600,2655.62,2699,2597.3,2694.9,,,,,,,2436.2499490009363,2169.5306283525033,0,0,2438.446553480258,,,,,,12496,13955.35,78.77218048057861,77.97406124726425,30.75161761668923,97.20676823017915,98.13784548678613,73.89371337244745,64.23027250872217,50,70,30,,
1769166000,2694.75,2724.75,2683.35,2719,,,,,,,2447.3381862950173,2174.9979852843194,0,0,2449.6686913410476,,,,,,21410,14460.75,79.10356162189724,78.47175248624255,31.900603219836654,97.20676823017915,97.20676823017918,75.33527756846811,65.55688340482365,50,70,30,,
1769180400,2718.9,2776.2,2716.05,2749,,,,,,,2459.1680613422714,2180.7094481173112,0,0,2461.6419436874057,,,,,,21164,15017.95,79.31102313817054,79.06225508021545,34.06526085031874,100,98.13784548678613,77.03524134164414,66.59921384727652,50,70,30,,
1769194800,2749.1,2781.25,2745.85,2772.3,,,,,,,2471.447745211202,2186.595921270373,0,0,2474.0682659399095,,,,,,9296,14677.75,78.8482082050179,79.08759765502855,39.250880345719224,100,99.06892274339306,78.28695098061989,67.43940408962446,50,70,30,,
1769382000,2787.02,2905.31,2682.65,2861.9,,,,,,,2486.7595983401743,2193.315364839822,0,0,2489.581535302313,,,,,,22315,14848.85,82.25427689944287,80.1378360808771,44.86514496959478,99.99999999999999,100.00000000000001,82.2855372351107,68.5541133038138,50,70,30,,
1769396400,2861.37,2887.7,2772.35,2854.45,,,,,,,2501.1788297778144,2199.893818921018,0,0,2504.1762738902207,,,,,,16280,15234.35,81.06836699193757,80.72361736546611,45.81944296069949,98.63744724359087,99.54581574786364,80.95066704661959,70.09560061858888,50,70,30,,
1769410800,2854,2918.55,2845.7,2912.4,2918.55,,,,,,2517.3051501786845,2206.9834326630976,0,0,2520.505222934612,,,,,,13385,15219.3,81.49786699830457,81.60683696322833,51.54681487449548,98.63744724359087,99.09163149572726,83.22964272796413,72.3276857799976,50,70,30,,
1769425200,2911.5,2912.55,2790.92,2850.2,,,,,,,2530.3598501716774,2213.383597512221,0,0,2533.6930140172276,,,,,,25048,15822.85,75.20237259051078,79.25620219358431,47.8114622252844,84.66985311063112,93.9815825326043,73.11832453895713,73.50944912181866,50,70,30,,
1769439600,2850.04,2879.2,2774.55,2778.84,,,,,,,2540.1041697727883,2219.010029377771,0,0,2543.4988934565386,,,,,,33487,17021.5,62.59948415588559,73.09990791490031,36.29935536172036,57.81021221521149,80.37250418981118,63.57565794913054,73.7378212544644,50,70,30,,
1769454000,2778.8,2778.8,2549.03,2574.75,,,,,,,2541.4628297816985,2222.5497305779922,0,0,2544.748937718277,,,,,,25422,17422.85,35.455930427296764,57.75259572456438,27.962705493197888,24.47687888187816,55.65231473590694,45.347330757945905,72.63552499575317,50,70,30,,
1769468400,2599.62,2712.25,2560.15,2677.95,,,,,,,2546.815267829475,2227.0810765423903,0,0,2550.076980209546,,,,,,24749,17362.85,23.94005141961752,40.665155334266636,32.283692626776855,11.895916613355453,31.394335903481714,52.728100555453395,71.49124091748637,50,70,30,,
1769482800,2678.05,2724.5,2623.95,2705.64,,,,,,,2553.0436886989073,2231.842856875302,0,0,2556.299501001164,,,,,,17953,17511.2,17.499185916035376,25.631722587649893,33.666813481403466,15.158770656065135,17.177188717099593,54.503500521634756,70.34196244593993,50,70,30,,
1769497200,2705.76,2759.75,2676.45,2694.2,,,,,,,2558.579230318558,2236.4434254636076,0,0,2561.8155209611177,,,,,,16682,17509.15,10.843579848650812,17.427605728101238,34.70988541652278,22.720239323657278,16.591642197692625,53.607706553408214,68.94411639414666,50,70,30,,
1769511600,2694.6,2702.35,2567.96,2570.9,,,,,,,2559.062397757046,2239.7713515783976,0,0,2562.178900122673,,,,,,26368,18268.6,-6.7402597696267215,7.200835331686491,27.797777891522188,15.935462391806391,17.938157457176274,45.019439225061156,67.06550645531895,50,70,30,,
1769526000,2574.75,2586.45,2515.89,2548.2,,2515.89,,,,,2558.6364213744164,2242.840293353737,0,0,2561.619744117766,,,,,,30009,19276.3,-19.539796106559034,-5.145492009178312,21.499815705762032,7.561468667592135,15.405723461018608,43.633494881165845,64.90406227737027,50,70,30,,
1769540400,2548.37,2644.25,2541.9,2641.9,,,,,,,2561.9016597518903,2246.811036703451,0,0,2564.8309543530554,,,,,,16728,19431.05,-18.832922772141465,-15.037659549442404,25.091480535644237,5.988481506470788,9.828470855289776,50.41868701357197,63.124305809163396,50,70,30,,
1769554800,2636.65,2704.58,2606.35,2691.9,,,,,,,2566.999633879267,2251.239782606899,0,0,2569.913716178933,,,,,,17378,19267.55,-11.394226183902237,-16.588981687534243,25.88829196050294,14.725004034000536,9.424984736021157,53.62661725367247,61.45226123145113,50,70,30,,
1769569200,2692.05,2707.5,2665.8,2671.55,,,,,,,2571.099648236943,2255.4219738247407,0,0,2573.9791675317756,,,,,,13862,19506.4,-8.502366318356557,-12.909838424800085,26.340577125826186,22.187570555249565,14.300352031906963,52.14777527485315,59.5851772524678,50,70,30,,
1769583600,2673.57,2712.85,2623.95,2650.7,,,,,,,2574.2212306590236,2259.3550885130517,0,0,2577.0480008305044,,,,,,14716,19431.3,-10.108217733327834,-10.001603411862208,21.747608227190057,22.324271122761314,19.745615237337137,50.60789839246917,57.32248876370769,50,70,30,,
1769598000,2650.8,2687.4,2612.7,2655.05,,,,,,,2577.390986319454,2263.2923513139167,0,0,2580.1680807972843,,,,,,19715,19923.15,-10.360897409829741,-9.657160487171376,16.000875197566472,19.993563574953104,21.501801750987994,50.93343791669449,55.17840096871304,50,70,30,,
1769612400,2655.1,2671.9,2574.05,2586.2,,,,,,,2577.736437836338,2266.505362743629,0,0,2580.409357565393,,,,,,27521,20674.4,-23.994760457253463,-14.821291866803678,9.999252196987072,14.993006530203113,19.103613742639176,45.789332046455364,52.50409306289099,50,70,30,,
1769626800,2586.25,2709.95,2577.85,2695.85,,,,,,,2582.368342234913,2270.7774486864787,0,0,2585.0269832627773,,,,,,15719,20389.85,-10.216413552001306,-14.857357139694836,10.404978768163659,25.612594002473823,20.19972136921001,53.79323549466413,51.1237295597272,50,70,30,,
1769641200,2705.5,2763.83,2657.9,2734.05,,,,,,,2588.3166425394265,2275.3871258139766,0,0,2590.9879039322664,,,,,,21980,20430.65,5.643384003192523,-9.522596668687415,15.190667303730777,52.54011235608562,31.048570962920852,56.21843660611321,50.59821374951167,50,70,30,,
1769655600,2732.8,2798.7,2715.85,2738.75,,,,,,,2594.2159898908217,2279.9977016765242,0,0,2596.8983877749756,,,,,,19281,20929.9,16.598703606530755,4.008558019240657,16.46438782174235,83.41143621291991,53.85471419049312,56.520809479930975,51.39631937251061,50,70,30,,
1769670000,2742.84,2762.75,2695.4,2727.85,,,,,,,2599.456539306868,2284.453943450887,0,0,2602.1364522639765,,,,,,15987,20613.5,22.00194423709239,14.748010615605223,11.699945908077297,97.57528967060823,77.8422794132046,55.56241132179471,51.598770141534985,50,70,30,,
1769684400,2727.75,2814.1,2708.6,2762.2,,,2814.1,,,,2605.8386358046378,2289.2076355558534,0,0,2608.5389941734174,,,,,,18574,20728.2,30.789965906102697,23.130204583241948,11.15127076903606,97.57528967060823,92.85400518471211,57.98050621694166,51.847127691199766,50,70,30,,
1769698800,2762.1,2768.25,2486.85,2606.8,,,,,,,2605.876336361319,2292.3677585851483,0,0,2608.4694344064806,,,,,,33636,21740.75,10.48718019107364,21.09303011142291,7.808236151611965,69.27715235843246,88.1425772332163,45.83028091469673,51.29159728843466,50,70,30,,
1769713200,2607.65,2645.7,2574.35,2636.8,,,,,,,2607.089029053032,2295.794945066888,0,0,2609.6026570302215,,,,,,11564,21066.55,0.6716323322345108,13.982926143136948,8.47096381893796,48.77516475072749,71.87586892658939,48.091764891585704,51.511049121757836,50,70,30,,
1769727600,2629.05,2673.41,2378.35,2457.56,,,,,,,2601.225145560756,2297.404547603536,0,0,2603.5209507490126,,,,,,29421,20863.25,-23.286806313282746,-4.042664596658199,2.7151696075836185,15.44183141739416,44.49804950885136,37.90877992517388,51.10214091061556,50,70,30,,
1769742000,2457.15,2551.95,2416.5,2434.75,,,,,,,2594.696708479942,2298.771169020416,0,0,2596.770112719052,,,,,,26962,20940.25,-37.371144631204736,-19.995439537417656,-2.225292537587066,10.40663539623658,24.874543854786065,36.83973509088977,50.13221577328112,50,70,30,,
1769756400,2434.7,2462.12,2142.4,2313.7,,,,,,,2583.677229716023,2298.9197146023025,0,0,2585.44730821029,,,,,,21687,20787.15,-50.994078814816255,-37.21734325310124,-6.556161207787142,4.736951571734001e-15,8.616155604543568,31.72643198719433,48.56791682567553,50,70,30,,
1769770800,2313.65,2379.69,2263.3,2286.2,,,,,,,2572.011456001669,2298.7931502779015,0,0,2573.477415881878,,,,,,16694,20724.2,-58.42227728210636,-48.92916690937579,-7.305033717777135,4.736951571734001e-15,3.4688784654121836,30.6844598524213,47.034822866930405,50,70,30,,
1769785200,2286.25,2305.95,2003.8,2127.9,,,,,,,2554.595320472192,2297.0927209219026,0,0,2555.654319246603,,,,,,31428,21461.5,-67.2481534427052,-58.88816984654261,-11.856796621371501,5.329070518200751e-15,-7.697546304067751e-15,25.49400078159954,45.24097303758257,50,70,30,,
1769799600,2127.8,2189.35,2103,2187.45,,,,,,,2540.1974647674,2296.001748574421,0,0,2540.9261464767387,,,,,,14991,20892.65,-67.97659130566431,-64.54900734349197,-12.332950400620945,5.5048834760716145,1.834961158690529,30.27234963676254,43.76518101758743,50,70,30,,
1769986800,2197.6,2197.6,2027.1,2083.2,,,,,,,2522.2759955608353,2293.884318240347,0,0,2522.617100617669,,,,,,29230,20853.7,-70.51296559839774,-68.57923678225576,-13.9973921722533,7.4097736387174855,4.304885704929689,27.006917860836836,42.42358000432896,50,70,30,,
1770001200,2082.5,2114.55,1893.2,1934.5,,,,1893.2,,,2499.225956519234,2290.3083548747713,0,0,2499.0924165929623,,,,,,22404,21137.5,-74.77432339509551,-71.08796009971918,-17.728986722502412,7.4097736387174855,6.774810251168849,23.168047038803394,40.23606654319605,50,70,30,,
1770015600,1934.55,2075.3,1928.5,2054.6,,,,,,,2481.789644498872,2287.9629981098483,0,0,2481.312719929244,,,,,,11715,20854.35,-71.00547077907655,-72.09758659085661,-19.55334242798837,11.100350139234799,8.63996580555659,31.6220305580444,38.47918039690543,50,70,30,,
1770030000,2052.25,2173.76,2049.55,2109.35,,,,,,,2467.184168244014,2286.185754347561,0,0,2466.4342111320743,,,,,,18874,21104.95,-64.49679822635773,-70.09219746684325,-20.525535846969518,21.947190197051707,13.48577132500133,35.12642631918439,36.95101017113781,50,70,30,,
1770044400,2110.63,2165.94,2078.7,2130.45,,,,,,,2453.978906744249,2284.6361448515654,0,0,2452.9948426867913,,,,,,24358,21587.05,-57.53026535905809,-64.34417812149745,-19.000570979803427,36.035205044291644,23.02758179352605,36.47758684814395,35.5878084230199,50,70,30,,
1770058800,2130.4,2158.75,2105.9,2122.15,,,,,,,2440.9660084405527,2283.019367290853,0,0,2439.7610489793196,,,,,,8006,21001.6,-51.99822038065425,-58.00842798869001,-21.608665940845626,45.67157821274494,34.551324484696096,36.15855756714224,34.02909780517708,50,70,30,,
1770073200,2128.7,2223.55,2109.24,2133.81,,,,,,,2428.9206747762173,2281.534696969551,0,0,2427.523007020147,,,,,,29645,21107.8,-46.241772919474464,-51.92341955306225,-20.51774698109736,52.871834044052115,44.859539100362895,36.992245638894246,33.397809571191196,50,70,30,,
1770087600,2133.61,2203.5,2122.5,2202.04,,,,,,,2420.023393412444,2280.743704959904,0,0,2418.503686739341,,,,,,23837,21513.7,-34.93874381294061,-44.392912371023094,-19.712020638303684,72.1171525301455,56.88685492898085,41.78308479468413,32.94718956426966,50,70,30,,
1770102000,2201.85,2280.15,2191.95,2218.7,,,,,,,2412.1283583766617,2280.126354661795,0,0,2410.511539269767,,,,,,16742,21251.8,-24.11504840323351,-35.098521711882846,-14.414198324045614,86.61865271843662,70.53587976421142,42.924262890762414,33.30543834752598,50,70,30,,
1770116400,2218.5,2276.55,2213.65,2239.3,,,,,,,2405.350775695224,2279.7201222771005,0,0,2403.6630776989764,,,,,,18863,21230.9,-13.422423905264147,-24.15873870714607,-7.496899378359046,100,86.24526841619404,44.37618043178439,33.843755871875594,50,70,30,,
1770130800,2238.9,2275.15,2178.35,2192.15,,,,,,,2396.989960962078,2278.848777776831,0,0,2395.2025545910174,,,,,,22499,21556.5,-10.890801680448522,-16.142757996315378,-6.658171598371055,96.11149415386842,94.24338229076835,41.757831506546744,34.56028440897219,50,70,30,,
1770145200,2192.7,2241.25,2175.8,2209.45,,,,,,,2389.6354526890555,2278.158242674574,0,0,2387.7724524073765,,,,,,10461,21150.85,-6.003840687023938,-10.105688757578852,-11.379695054413844,94.14428898792669,96.75192771393169,43.08478311943481,35.44602178518743,50,70,30,,
1770159600,2231.65,2282.85,2191.6,2255,,,,,,,2384.3556310149747,2277.9278123992053,0,0,2382.4615543110813,,,,,,16028,20270.45,4.867254522276784,-4.009129281731876,-12.024601233309738,94.14428898792669,94.80002404324058,46.53849192030068,36.94919972366609,50,70,30,,
1770174000,2254.7,2324.3,2244.8,2321.3,,,,,,,2381.88286117125,2278.3593764549346,0,0,2380.015092138638,,,,,,11648,20274.65,20.156574910190553,6.339996248481133,-13.052843988864055,98.03279483405827,95.44045760330387,51.18200908126582,38.442746826844896,50,70,30,,
1770188400,2320.6,2337.55,2268.25,2292.45,,,2337.55,,,,2378.3756901449265,2278.499581664338,0,0,2376.5124884530924,,,,,,12344,19420.8,26.135189514364072,17.05300631561047,-7.787447621023404,97.78792709864167,96.65500364020888,49.180242264661864,40.026555712832405,50,70,30,,
1770202800,2294.3,2308.15,2261.85,2270.99,,,,,,,2374.1644866098313,2278.424859458723,0,0,2372.2915889149685,,,,,,17379,18941.65,26.876693048876238,24.389485824476953,-5.741773540817704,91.97458237056703,95.931768101089,47.68621810507343,41.77785364613741,50,70,30,,
1770217200,2271.45,2273.74,2162.5,2203.4,,,,,,,2367.4678400761127,2277.678343444208,0,0,2365.5359253583697,,,,,,23232,19018.9,15.14686517126958,22.719582578169963,-11.225457616679904,75.374663693571,88.37905772092658,43.23164463434748,42.607111794444776,50,70,30,,
1770231600,2203.65,2232.05,2192.7,2228.85,,,,,,,2362.031846347638,2277.192489280584,0,0,2360.068488344035,,,,,,8398,18604.1,10.78927729551808,17.6042785052213,-12.878033173133105,64.40015691578539,77.24980099330782,45.30351549768696,43.334046735766385,50,70,30,,
1770246000,2227.8,2281,2041.77,2056.15,,,,,,,2350.0364798242013,2274.9930615265484,0,0,2347.9117488102734,,,,,,24106,18238,-15.314501128673406,3.540547112704752,-17.971480798215865,36.880168310526706,58.8849963066277,35.7646004265341,43.28311913422282,50,70,30,,
1770260400,2057.4,2113.85,2028.1,2091.72,,,,,,,2339.9064217918794,2273.1694489740453,0,0,2337.6640788578625,,,,,,33294,19153.15,-26.51269098357929,-10.345971605578207,-19.369809561105484,26.53718185378564,42.605835693365925,38.63072007605847,43.45970217057398,50,70,30,,
1770274800,2091.7,2131.08,2072.3,2100.65,,,,,,,2330.523817015727,2271.452837541468,0,0,2328.183515703548,,,,,,16418,18512.55,-32.26597014971478,-24.69772075398916,-14.506701314980646,14.387379275401694,25.934909813238033,39.36222194951263,43.62898619276101,50,70,30,,
1770289200,2100.8,2111.8,1993.3,2037.97,,,,,,,2319.051118309228,2269.1296252276225,0,0,2316.574975075406,,,,,,28289,18806.8,-41.52857280463431,-33.43574464597612,-13.850548075507703,15.123310655391913,18.6826239281931,36.10880487268232,43.2236804840466,50,70,30,,
1770303600,2037.92,2082,1996.5,2043.4,,,,,,,2308.2412705323954,2266.8835593049594,0,0,2305.64797607239,,,,,,22158,19328.95,-45.798291405781356,-39.86427812004348,-18.767988077611562,10.567616974522904,13.35943563510552,36.59770554668404,42.77178353089814,50,70,30,,
1770318000,2044.85,2058.4,1974.8,1989.4,,,,,,,2295.7376912958307,2264.122528864114,0,0,2292.9980570294942,,,,,,9134,18841.95,-52.214116026405975,-46.513660078940546,-23.7006150828324,2.5706658987174102,9.420531176210758,33.825635487415425,42.01817317772893,50,70,30,,
1770332400,1981.85,1987.75,1819,1896,,,,1819,,,2280.0617034018765,2260.4596181291477,0,0,2277.1181347483143,,,,,,31203,19184.2,-61.24410971498098,-53.085505715722775,-30.313013097814334,1.8347345187271913,4.991005797322518,29.643335229961195,41.15285201511568,50,70,30,,
1770346800,1899.19,2026.65,1884.25,1962.41,,,,,,,2267.604773856705,2257.4939502870666,0,0,2264.529809358382,,,,,,21223,19845.05,-60.106848525141736,-57.85502475550956,-25.267860594324404,9.935578597305499,4.780326338250034,35.72832880658599,40.62739099276933,50,70,30,,
1770361200,1962.98,2024.7,1954.2,1997.4,,,,,,,2257.0085082152655,2254.905950781723,0,0,2253.8446169840468,,,,,,12962,19010.9,-54.843335469229174,-58.731431236450625,-27.03699523632467,24.58599053520371,12.118767883745468,38.734845100872064,40.06998764852443,50,70,30,,
1770375600,1997.5,2077.8,1986.75,2067.9,,,,,,,2249.592488285255,2253.0451950525517,0,0,2246.406832304685,,,,,,15996,18618.85,-41.66130286732566,-52.20382895389886,-20.24022051646024,50.01309903198135,28.17822272149685,44.38034162361813,39.58415425869246,50,70,30,,
1770390000,2067.8,2114.1,2061.3,2102.25,,,,,,,2243.8143514897547,2251.5447453505362,0,0,2240.6405590124978,,,,,,17546,18659.05,-26.998807346520415,-41.16781522769174,-15.989891548721147,71.93986199075336,48.84631718597947,46.94560681260712,39.42453744068854,50,70,30,,
1770404400,2102.45,2112.7,2089.85,2093.4,,,,,,,2237.9157494705487,2249.9711657948096,0,0,2234.750936651998,,,,,,7099,18070.85,-16.781123754613983,-28.480411322820014,-10.70919233981472,89.53013764381285,70.49436622218252,46.352438760223826,39.32926748748499,50,70,30,,
1770591600,2129.12,2151.16,2035.9,2087.1,,,2151.16,,,,2232.0014063540566,2248.350557179936,0,0,2228.844899185918,,,,,,18367,17864.25,-9.656442951992833,-17.812124684375735,-9.011297684008895,95.52186171241287,85.66395378232636,45.90775546332932,39.5204182609837,50,70,30,,
1770606000,2086.95,2117.3,2079.15,2104.8,,,,,,,2227.0131159087996,2246.9221934269017,0,0,2223.8831032184817,,,,,,12315,17956.95,-1.2517936066278192,-9.229786771078205,-3.9637042106474354,96.99285348966868,94.01495094863147,47.43357806951724,39.672565587543,50,70,30,,
1770620400,2104.63,2122.9,2038.75,2055.35,,,,,,,2220.2812290104152,2245.0160024475294,0,0,2217.1417790897426,,,,,,13753,17843.2,-4.352499968454074,-5.086912175691568,-8.489268290939947,91.37829039029288,94.63100186412481,43.72288080424091,40.24101418595063,50,70,30,,
1770634800,2055.4,2129.39,2046.15,2115.7,,,,,,,2216.18000434334,2243.7292760550167,0,0,2213.0841079261527,,,,,,21012,18311.4,5.782617064668722,0.05944116319561724,-0.8513668962574457,93.29279115824853,93.88797834607003,48.96967066989074,40.97951065693865,50,70,30,,
1770649200,2115.08,2137.6,2100.9,2122.55,,,,,,,2212.508239467131,2242.523512114171,0,0,2209.4627436091064,,,,,,16740,18531.2,14.078281631438037,5.169466242550903,-0.6085758197479976,93.29279115824853,92.65462423559666,49.54466935300315,41.706828328616545,50,70,30,,
1770663600,2122.5,2146.05,2119.7,2121,,,,,,,2208.919681056655,2241.3143229389057,0,0,2205.9242338647423,,,,,,7181,18021.3,19.412568560559862,13.091155752222214,4.981592521937046,99.78359463161867,95.45639231603859,49.4090035516703,42.65684251997283,50,70,30,,
1770678000,2128.25,2129.05,2060.9,2107.65,,,,,,,2204.9483210152175,2239.9843296758318,0,0,2201.9932645101526,,,,,,11729,17446.15,19.98202442815434,17.824291540050755,6.530792901393028,97.60812264333059,96.89483614439928,48.18517345957864,43.4845187994653,50,70,30,,
1770692400,2107.95,2108.67,2066.92,2075,,,,,,,2199.8523084263857,2238.3426945546794,0,0,2196.9135339297463,,,,,,8764,17464.45,10.816958796846688,16.737183928520306,3.540133549178151,90.6600775234974,96.01726493281558,45.23417929564386,44.29941478576733,50,70,30,,
1770706800,2074.75,2120.05,2068.8,2097.3,,,,,,,2195.8306492724096,2236.939284658613,0,0,2192.9289925725566,,,,,,8281,16673.2,10.877372727470867,13.892118650823974,2.118971429241114,86.16406065641176,91.47742027441326,47.59484918126542,45.581665782289065,50,70,30,,
1770721200,2096.65,2137.8,2077.35,2106.85,,,,,,,2192.3412120460407,2235.644863915741,0,0,2189.485832869654,,,,,,8512,15434.1,14.41350766483938,12.035946396385654,-0.132509956889848,85.33431400559824,87.38615072850247,48.61633866095259,46.50223791474382,50,70,30,,
1770735600,2106,2114.4,2077.7,2085.25,,,,,,,2188.141556671686,2234.1483976081217,0,0,2185.316399554868,,,,,,10521,15139.25,7.525405393181316,10.938761928497195,-3.13702167521663,73.90887478584465,81.80241648261823,46.41274148168713,47.050659084802035,50,70,30,,
1770750000,2085.15,2105.15,2080.95,2082.05,,,,,,,2183.9811034688746,2232.634980716499,0,0,2181.1857435726733,,,,,,3450,13897.3,0.6679170064705948,7.535610021497104,-8.553607877312686,58.30974972558766,72.51764617234353,46.079515562704,47.1720286518796,50,70,30,,
1770764400,2078.11,2147.75,2075.2,2139.17,,,,,,,2182.2238052936245,2231.7049809083746,0,0,2179.5051138297663,,,,,,9480,13263.4,19.02611790425438,9.073146767968764,-11.095400919846554,61.314968364689264,64.51119762537387,52.61880375585408,47.577257004968665,50,70,30,,
1770778800,2139.6,2141.3,2110.85,2116.65,,,,,,,2179.652283517404,2230.5601552276944,0,0,2176.9909092765756,,,,,,8488,13231.1,22.69168658959777,14.128573833440916,-12.813102718588425,69.92907614932733,63.1845980798681,50.04202890910224,47.84079915845998,50,70,30,,
1770793200,2117.4,2192.65,2115.05,2186.8,2192.65,,,,,,2179.9325861245648,2230.124730797568,0,0,2177.3832729055125,,,,,,8971,12119.5,42.75514639329245,28.15765029571487,-14.786106880949262,90.24062344505126,73.82822265302265,57.09102981056892,48.6396044689771,50,70,30,,
1770807600,2187.95,2190.9,2111.75,2142.65,,,,,,,2178.4705239236014,2229.254335466249,0,0,2175.993941989292,,,,,,17825,11949.6,42.96897220611968,36.138601729669965,-14.024217414007708,77.78748461521008,79.31906140319624,52.1077757937961,48.97347573499702,50,70,30,,
1770822000,2142.15,2163.65,2095.35,2138.35,,,,,,,2176.8971700442444,2228.349814715341,0,0,2174.4881843097205,,,,,,20333,12318.15,41.02228263345833,42.248800410956825,-15.71630048895365,72.17223999749557,80.066782685919,51.63504689168563,49.53863045552878,50,70,30,,
1770836400,2138.25,2150,2130.55,2134.85,,,,,,,2175.248261415058,2227.419468300263,0,0,2172.902656937332,,,,,,7068,11871.75,37.659009166443845,40.55008800200729,-17.676560297116538,55.633442162349276,68.531055591685,51.22766804126405,49.69991598205544,50,70,30,,
1770850800,2134.95,2139.95,2080.15,2116.35,,,,,,,2172.938525673291,2226.3142994614545,0,0,2170.6405506598385,,,,,,11064,11547.65,26.002851367724162,34.89471438920878,-22.01163494977331,45.22233150005431,57.67600455329975,49.02591804213808,49.66286231699366,50,70,30,,
1770865200,2116.3,2131.4,2099.85,2108.1,,,,,,,2170.3958383919858,2225.1380377752707,0,0,2168.1389286334447,,,,,,8630,11624.2,13.227901894565903,25.62992080957797,-23.049320189505877,34.8662786579097,45.24068410677112,48.03444010471583,49.564679213639764,50,70,30,,
1770879600,2108.55,2126.3,2096.2,2097.7,,,,,,,2167.5450212001433,2223.8699975984023,0,0,2165.3213714881067,,,,,,6154,11013.55,-0.3789112796129359,12.95061399422571,-21.122271413551005,21.9483627752369,34.012324311067,46.75089445743018,49.462230713486306,50,70,30,,
1770894000,2097.77,2139.15,2081.3,2112.05,,,,,,,2165.368745858961,2222.7573608063785,0,0,2163.1905166285824,,,,,,11850,10990.3,-3.4495324340289657,3.133152726974665,-14.532703027004246,19.42217176392227,25.41227106568965,48.78448437493316,49.715823933435544,50,70,30,,
1770908400,2112.1,2146.65,1989.55,2031.05,,,,,,,2160.1013440605707,2220.849824877957,0,0,2157.9048959634392,,,,,,28616,11733.45,-30.073806774684225,-11.300750162775374,-21.08924770609852,11.819512445396805,17.730015661518685,39.59297216069901,49.144261289109366,50,70,30,,
1770922800,2030.95,2039.05,1989.55,1998.75,,,,,,,2153.773840371921,2218.639876371709,0,0,2151.538700124902,,,,,,9178,11141.75,-47.905330096375394,-27.142889768362863,-18.614152610993585,7.9428928298825525,13.061525679733904,36.62926278308202,48.288041583547184,50,70,30,,
1770937200,1991.56,2038.1,1976.3,2031.1,,1976.3,,,,,2148.9631015338064,2216.7738079500996,0,0,2146.7211521199056,,,,,,9550,10782.25,-51.19067311179438,-43.056603327618,-10.819390976127252,7.931534715270881,9.231313330183442,41.3634191070341,47.9273756996434,50,70,30,,
1770951600,2030.05,2040.3,2010.25,2030.7,,,,,,,2144.325332846206,2214.922327273979,0,0,2142.0803060351095,,,,,,7586,10802.5,-52.21296053805761,-50.436321248742466,-12.721903207613224,15.794771688679406,10.556399744610973,41.32231276371329,47.58757549971549,50,70,30,,
1770966000,2029.9,2049.9,2012.45,2013.75,,,,,,,2139.2047315581194,2212.9206125747355,0,0,2136.9470937937053,,,,,,8118,10621.95,-55.00840631658262,-52.80401332214487,-8.831176615738627,20.67151064296267,14.799272348971014,39.52960585021081,46.652632792169534,50,70,30,,
1770980400,2013.45,2078.45,2000.55,2052.25,,,,,,,2135.794742085252,2211.321900011803,0,0,2133.559210041957,,,,,,13196,10843.55,-46.55857565974982,-51.25998083813002,-1.441599422644316,27.186804111379985,21.217695481007382,45.331110386158514,46.31613861195927,50,70,30,,
1770994800,2054.25,2096.15,2050.94,2076.35,,,,,,,2133.4635757289675,2209.978896031586,0,0,2131.270841640279,,,,,,18002,11329.6,-32.143014442574504,-44.569998806302316,4.072224274668329,45.27062775875362,31.04298083769876,48.652056924706706,45.713354834397684,50,70,30,,
1771009200,2076.55,2087.75,2054.6,2056.8,,,,,,,2130.4571609944983,2208.4547279118688,0,0,2128.2920079746677,,,,,,7772,11292.6,-27.310573979400388,-35.33738802724157,9.114839877704725,61.75365538324297,44.73702908445886,46.20028167172896,45.291390968535744,50,70,30,,
1771196400,2051.96,2077.41,2032.6,2048.2,,,,,,,2127.231389975106,2206.8601535047856,0,0,2125.088327655681,,,,,,8711,11202.1,-26.95156811912057,-28.80171884703182,3.1523304639513583,66.80316030659498,57.94248114953052,45.12303750564681,44.826247440961545,50,70,30,,
1771210800,2048.49,2063.7,2031.25,2047.65,,,,,,,2124.110551152553,2205.275972872897,0,0,2121.9907945494538,,,,,,6810,11370.1,-26.637181898874946,-26.966441332465298,-1.0469084677582572,63.53248853995984,64.02976807659927,45.05069060976392,44.38503476728296,50,70,30,,
1771225200,2046.9,2057.65,2023.05,2029.75,,,,,,,2120.4101373818644,2203.5294457796344,0,0,2118.3011627674755,,,,,,5972,11194.7,-34.193316281757404,-29.260688766584305,-5.908536791424098,58.77876043890447,63.03813642848643,42.65376805076053,43.92988119647028,50,70,30,,
1771239600,2029.65,2040.4,2009.65,2021.6,,,,,,,2116.5352300335558,2201.719202538046,0,0,2114.4331162567764,,,,,,5460,11043.3,-41.474351086660405,-34.101616422430915,-11.372059041933895,52.914576875625194,58.408608618163164,41.56930545005724,43.46808586399466,50,70,30,,
1771254000,2021.8,2050.3,2014.8,2041.6,,,,,,,2113.5965935616514,2200.125976642145,0,0,2111.5197916065054,,,,,,6157,10902.6,-36.14827997415383,-37.271982447523875,-11.624320151133702,53.89009754622649,55.19447828691872,45.248162760996266,43.36074788567795,50,70,30,,
1771268400,2041.55,2044.9,2037.85,2041,,,,,,,2110.7496683239397,2198.542633590979,0,0,2108.6989999422453,,,,,,517,10037.2,-32.021416740447066,-36.54801593375377,-7.050725451418998,61.000896659457744,55.93519036043648,45.156309142320765,43.10159251191993,50,70,30,,
1771282800,2035.05,2043.65,1999.59,2038,,,,,,,2107.896740154373,2196.9451944507705,0,0,2105.8710399445554,,,,,,7714,9406.25,-30.799252406583403,-32.98964970706143,-12.157537430086606,69.73892663345664,61.54330694638029,44.668053761199,43.46409834052707,50,70,30,,
1771297200,2038.35,2042.85,1981.8,2008.65,,1981.8,,,,,2104.0047111287117,2195.0716104263847,0,0,2101.982198346773,,,,,,9106,9508.15,-46.039352174478765,-36.28667377383641,-10.973520275278759,48.08416936368257,59.60799755219898,40.099874399636455,43.71199917028097,50,70,30,,
1771311600,2008.24,2026.07,1981.9,1988.13,,,,,,,2099.4606048099386,2193.01248992463,0,0,2097.4281104129022,,,,,,6896,9299.75,-59.92117120594227,-45.586591929001486,-18.642458309882485,24.367331772734065,47.39680925662443,37.23288099625549,43.41696073379678,50,70,30,,
1771326000,1988,2032.85,1983.3,1989.05,,,,,,,2095.130777170333,2190.983012412942,0,0,2093.0929859963862,,,,,,12500,9493.25,-65.32337983906841,-57.09463440649648,-20.142018267259417,2.6367319664019973,25.029411034272872,37.448811699979636,43.14028208638723,50,70,30,,
1771340400,1988.75,2031.2,1985.6,2013.4,,,,,,,2091.9256486538497,2189.2160172645545,0,0,2089.905266556531,,,,,,16011,9986.1,-57.64594892959499,-60.96349999153522,-17.608664012806756,17.67089972328432,14.89165448747346,43.0346551209072,43.39064274857983,50,70,30,,
1771354800,2013.55,2031,2003.25,2006.95,,,,,,,2088.5932702752675,2187.402425052967,0,0,2086.5870558942697,,,,,,5826,9684.9,-54.311767572384525,-59.09369878034931,-13.05460337357475,31.580457137982904,17.296029609223073,41.965619289279715,43.15025052737421,50,70,30,,
1771369200,2018.41,2041.5,1996.45,2033.35,,,,,,,2086.426867519375,2185.8695651021912,0,0,2084.457573658499,,,,,,5817,8544.95,-36.262077372188145,-49.40659795805589,-9.116617933356991,64.2742107598885,37.84185587371858,47.69307833772649,43.08175205687562,50,70,30,,
1771383600,2031.15,2063.01,2030.9,2043.85,,,,,,,2084.7571864401834,2184.4564351011745,0,0,2082.833270712159,,,,,,4856,8328.85,-18.06018288961609,-36.211342611396255,-10.104851248703724,80.57622408136525,58.81029732641222,49.814490392405546,43.33990982263823,50,70,30,,
1771398000,2044.35,2058,2026.05,2034.15,,,,,,,2082.7725908935095,2182.960848682257,0,0,2080.8859398836726,,,,,,6307,8166.7,-9.52451921937592,-21.28225982706005,-14.285491603605749,94.93315966377035,79.92786483500804,47.88247928696653,43.53701280701822,50,70,30,,
1771412400,2034.4,2101.75,2028.2,2098.95,,,,,,,2083.406999093764,2182.1249198396476,0,0,2081.608502288326,,,,,,11286,8351.7,17.5756828208079,-3.3363397627280373,-8.122147379983275,94.93315966377035,90.14751446963533,59.25212325863878,44.55140085336642,50,70,30,,
1771426800,2099.15,2108.5,2073.55,2079.8,,,,,,,2083.2655481489105,2181.106761433283,0,0,2081.5361621967927,,,,,,14164,8654,27.76792943687389,11.939697679435291,-3.3603711791819677,89.23149014880251,93.03260315878107,55.4053774320501,45.462230094887104,50,70,30,,
1771441200,2079.85,2084.85,2067.45,2076.55,,,,,,,2083.0021933195417,2180.066395647877,0,0,2081.336715708921,,,,,,6615,8324.95,32.93035799471921,26.091323417467,-7.789877297624827,87.6273632717694,90.59733769478076,54.755669848544606,46.40411326620763,50,70,30,,
1771455600,2076.5,2079.65,2053.85,2070.65,,,,,,,2082.5177935815204,2178.9776752931716,0,0,2080.909247080564,,,,,,6500,7749.85,33.994477557582954,31.56425499639202,-11.975576836176884,79.12103478077105,85.32662940044766,53.52850069149056,46.99556597552864,50,70,30,,
1771470000,2070.6,2092.75,2063.85,2092.75,,,,,,,2082.9190565783238,2178.119688474334,0,0,2081.3828771973413,,,,,,6912,7706.85,41.14478206525159,36.02320587251792,-12.643091140837797,82.03717782085978,82.92852529113341,57.38149601141172,47.868793609035144,50,70,30,,
1771484400,2092.5,2108.95,2073.7,2081.5,,,,,,,2082.8634073007424,2177.158298539266,0,0,2081.3875621094476,,,,,,7645,7653.55,41.32866784898968,38.822642490608075,-5.424839801639308,82.21321939655853,81.12381066606312,54.88676149428921,48.598701304255876,50,70,30,,
1771498800,2080.9,2084.25,2047.7,2061.15,,,,,,,2082.0119011320858,2176.003987111015,0,0,2080.5780596250697,,,,,,12789,7952.5,31.962807311531368,38.14541907525755,-3.080400437665645,77.79791862961012,80.68277194900948,50.60118063422672,49.34879460672661,50,70,30,,
1771513200,2061,2085.1,2048.75,2055.15,,,,,,,2080.958493244553,2174.801459876079,0,0,2079.560937240067,,,,,,16141,8460.95,21.374573629615035,31.555349596712034,-9.933899496895464,65.66255154513225,75.22456319043363,49.37701979782541,50.216233092553026,50,70,30,,
1771527600,2055.2,2077.5,2051.75,2077.5,,,,,,,2080.8228660584923,2173.833286145969,0,0,2079.478499750464,,,,,,6264,8501.15,25.21410109678537,26.18382734597726,-4.854362976106458,61.818123213226194,68.42619779598952,53.85529393882336,51.388124681041866,50,70,30,,
1771542000,2065.85,2082.6,2056.75,2057.2,,,,,,,2079.8964791542376,2172.6727559355613,0,0,2078.5873597604455,,,,,,5672,8476.9,15.559706455958553,20.716127060786324,-9.061551239281897,56.13363664627854,61.20477046821233,49.56632518229066,51.85467254256925,50,70,30,,
1771556400,2057.3,2089.1,2053.2,2085.6,,,,,,,2080.120146638385,2171.806360354113,0,0,2078.8678653700276,,,,,,4079,8655,25.000839414687086,21.924882322477004,-5.99100725765534,58.631002570755726,58.86092081008682,54.96938022521661,52.78351260942189,50,70,30,,
1771570800,2085.52,2126.65,2083.35,2113.85,,,,,,,2081.4428859858995,2171.2296801515845,0,0,2080.2671507552263,,,,,,6000,8569.3,40.88710829024056,27.149218053628733,-7.701712409135567,68.9703565402258,61.24499858575336,59.60522386192992,53.63438014686499,50,70,30,,
1771585200,2114,2137.25,2104.65,2128.7,,,,,,,2083.2961061433152,2170.8064992545537,0,0,2082.2044647250173,,,,,,10920,8660,52.67209883538648,39.52001551343804,4.888400513810765,87.57647236512021,71.72594382536725,61.829754990084126,54.492613332413455,50,70,30,,
1771599600,2128.8,2169.75,2109.97,2159.15,,,,,,,2086.270768647499,2170.6905141873444,0,0,2085.2822861360164,,,,,,24117,9521.05,64.14156556449541,52.56692423004082,14.621823770017556,100,85.51560963511535,65.96825556159538,55.78445449488695,50,70,30,,
1771614000,2159.4,2170.4,2146.6,2149.15,,,,,,,2088.7366208574012,2170.4761807128434,0,0,2087.836994690576,,,,,,6944,9243.25,66.54186214251399,61.118508847465286,14.091910667382152,95.2019855549828,94.25948597336769,63.532080269601536,56.09016570995571,50,70,30,,
1771801200,2137.53,2200.25,2134.81,2178.1,2200.25,,,,,,2092.2410670982877,2170.552039611223,0,0,2091.4475149029527,,,,,,12273,9056.35,71.58081406335957,67.42141392345631,15.438302264162303,95.2019855549828,96.80132370332187,67.2973005464097,56.93958878955282,50,70,30,,
1771815600,2178.3,2182.9,2155.5,2159.9,,,,,,,2094.894358584629,2170.4460491673303,0,0,2094.1856143068344,,,,,,9058,9217.95,68.96496139447369,69.02921253344908,14.803148455309696,87.1889076795401,92.53095959650189,62.900459929714344,57.521359509636376,50,70,30,,
1771830000,2159.8,2175.15,2139.7,2168.85,,,,,,,2097.7945798166043,2170.430168081088,0,0,2097.172189734561,,,,,,9621,9408.15,67.47173609495918,69.33917051759748,8.216098928654091,86.2533026205176,89.5480652850135,64.14118440786682,58.27940834652039,50,70,30,,
1771844400,2169,2187.35,2138.8,2163.3,,,,,,,2100.3634198237964,2170.359221135008,0,0,2099.8173021451785,,,,,,12657,9798.2,63.559416965406,66.66537148494629,6.903301368634374,77.95327191057044,83.79849407020937,62.73996631240421,58.66215622516272,50,70,30,,
1771858800,2163.35,2166.3,2104.25,2146.6,,,,,,,2102.1766190463927,2170.1228109744607,0,0,2101.6886100593715,,,,,,19389,10452.3,54.597763469284786,61.87630550988333,2.6386324014465714,70.01140090397325,78.07265847835377,58.59217807244534,58.92682883788815,50,70,30,,
1771873200,2146.65,2171.45,2141.7,2152.2,,,,,,,2104.1383202602597,2169.944474546854,0,0,2103.7090656569967,,,,,,7422,10259.1,49.15899823824659,55.7720595576458,7.513030705077881,61.576369555460396,69.84701412333469,59.55770486197105,59.566580568441324,50,70,30,,
1771887600,2156.47,2172.13,2091.02,2138.95,,2091.02,,,,,2105.503484171622,2169.6360718150445,0,0,2105.118703030717,,,,,,14061,10253.95,38.302032486365775,47.352931397965726,4.8391720113615975,49.292695555157046,60.293488671530234,56.217551539650145,60.05518997857166,50,70,30,,
1771902000,2137.9,2156,2131.55,2153.45,,,,,,,2107.3837396943036,2169.4750163740987,0,0,2107.0519549094884,,,,,,8323,10339.35,36.96693881826459,41.47598984762565,8.917066228727293,49.75148408236092,53.54018306432612,58.93192501622985,60.417806484100694,50,70,30,,
1771916400,2153.35,2168.85,2145.95,2163.15,,,,,,,2109.5706518631546,2169.412080887789,0,0,2109.295876713109,,,,,,7851,10406.9,40.25425007302026,38.507740459216876,12.640471472764588,46.25486543158041,48.433015023032794,60.68776799554948,61.21219525647633,50,70,30,,
1771930800,2163.25,2201.35,2117.88,2148.45,,,,,,,2111.0953321822467,2169.2035029685076,0,0,2110.8620416445847,,,,,,15971,10859.85,33.17331678885032,36.79816856004505,5.741565249653121,35.03852089372412,43.68162346922182,56.72936901556941,61.33790874150152,50,70,30,,
1771945200,2147.93,2179.8,2140.8,2175.25,,,,,,,2113.611201508433,2169.263667118075,0,0,2113.4375599788013,,,,,,15733,11264.25,43.085866156344075,38.83781100607155,9.447446632001729,33.61616218099137,38.303182835431976,61.64162253131044,61.48336578931442,50,70,30,,
1771959600,2174.15,2181.05,2158.05,2172.35,,,,,,,2115.91468380222,2169.2943768979944,0,0,2115.7940575796492,,,,,,7364,10993,46.764552532348056,41.00791182584748,13.336011270630337,31.933967096211557,33.52955005697569,60.836796950676764,61.41244021507104,50,70,30,,
1771974000,2165.99,2231.5,2155.8,2226.95,,,,,,,2120.2690099276233,2169.8680646900543,0,0,2120.2402952764633,,,,,,13186,10845.25,64.91150839038369,51.587309026358604,19.009143673684008,63.73401634431838,43.09471520717377,69.03439481777554,61.63145016194105,50,70,30,,
1771988400,2227.1,2282.95,2225.65,2273.05,,,,,,,2126.260421303011,2170.8947506135364,0,0,2126.352683465405,,,,,,13720,11218.05,79.33533358905028,63.67046483726066,23.948039792025043,80.65253541188713,58.77350628413902,73.9856408145973,62.37813305801218,50,70,30,,
1772002800,2274.07,2300.75,2264.85,2286.5,,,,,,,2132.5443263499515,2172.0450516024566,0,0,2132.7585761267887,,,,,,10785,11473.7,85.4365267486644,76.56112290936612,23.995193352913972,100,81.46218391873516,75.23005790186777,62.94475858340204,50,70,30,,
1772017200,2286.7,2348.2,2272.95,2299.55,2348.2,,,,,,2139.093568453875,2173.313757556661,0,0,2139.4302330817172,,,,,,15298,12034.65,87.42765226043562,84.06650419938343,24.34242549486636,100,93.55084513729571,76.40920586455583,63.90966900731929,50,70,30,,
1772031600,2299.85,2330,2286.35,2316.75,,,,,,,2146.0604873380366,2174.7409838496296,0,0,2146.5230237584487,,,,,,12568,12363.05,87.74026452202959,86.86814784370988,25.74279772005906,100,100,77.90231872919952,64.89260717312877,50,70,30,,
1772046000,2316.7,2328.1,2274.15,2274.3,,,,,,,2151.0894878345844,2175.73162082625,0,0,2151.6341028081106,,,,,,9346,12284.35,79.18042450094885,84.78278042780468,21.40654828864929,83.15087270491318,94.38362423497107,66.68448918934835,65.17435880719621,50,70,30,,
1772060400,2266.32,2318.29,2245.4,2274.05,,,,,,,2155.9114687038164,2176.7099131563373,0,0,2156.530738695786,,,,,,15501,11853.55,71.4576737169092,79.4594542466292,15.336901978152355,66.2087826732564,83.11988512605653,66.62364293824456,65.748034869039,50,70,30,,
1772074800,2275.7,2308.6,2267.65,2303.6,,,,,,,2161.703175813471,2177.97250108513,0,0,2162.4135091479548,,,,,,10289,12020.8,70.12688874271085,73.5883289868563,19.158833734744064,54.557108763820644,67.97225471399675,70.09683151756816,66.50082963015309,50,70,30,,
1772089200,2303.29,2312.75,2260.14,2264.2,,,,,,,2165.7226591149033,2178.830486148959,0,0,2166.4849687820365,,,,,,10145,11914.4,58.93076934104217,66.83844393355406,13.925204661819862,45.17127617551723,55.3123892041981,60.98444875346511,66.84132228828274,50,70,30,,
1772103600,2264.3,2277.6,2237.95,2248.45,,,,,,,2168.966868561378,2179.523217630064,0,0,2169.763570030755,,,,,,15460,12234.5,44.97824710111557,58.01196839495619,6.57792410415027,30.713517806578867,43.48063424863892,57.75243721478085,66.75707315960781,50,70,30,,
1772118000,2248.24,2258.45,2205.15,2248.2,,2205.15,,,,,2172.074050186422,2180.206568698422,0,0,2172.901027229525,,,,,,20969,12801.9,33.52273578644904,45.81058407620225,2.4092393395033156,10.881420846787487,28.922071609627874,57.70016450847251,66.54367291053089,50,70,30,,
1772132400,2248.5,2282.25,2247.85,2278,,,,,,,2176.2280090026406,2181.179637666597,0,0,2177.104986140344,,,,,,7078,12522.95,35.013867924255585,37.838283603940056,5.551920147835418,11.16073280069844,17.585223818021607,62.103344977166934,66.92752833635929,50,70,30,,
1772146800,2271.54,2365.68,2247.61,2359.65,,,,,,,2183.421028257439,2182.955462167427,0,0,2184.4067866947303,,,,,,15662,12336.6,52.997876652959384,40.51149345455466,7.614821558732174,31.35215893054766,17.798104192677872,71.0082116485496,67.59657041616208,50,70,30,,
1772161200,2360.25,2408.75,2349.55,2397.2,,,,,,,2191.8045173453825,2185.087248613522,0,0,2192.918515226941,,,,,,12756,12603.3,65.54947239740906,51.18707232487467,8.927535534487674,56.58693797405261,33.03327656843291,74.03045430452201,68.53897451286532,50,70,30,,
1772175600,2397.15,2403.55,2344.95,2360.45,,,,,,,2198.4180656847793,2186.8321516123924,0,0,2199.619774617863,,,,,,9518,12376.15,65.46505932413885,61.337469458169096,9.323688400337346,64.34140621134335,50.76016770531454,66.70180413016621,68.3723608923218,50,70,30,,
1772190000,2362.1,2398.65,2340.45,2342.52,,,,,,,2204.069121932435,2188.3812844321697,0,0,2205.335783633149,,,,,,16042,12762.1,60.71199156399682,63.90884109518157,8.672278559138547,51.86956809173685,57.5993040923776,63.403906118808905,67.61652269976548,50,70,30,,
1772204400,2343.26,2371.9,2336.7,2356.15,,,,,,,2210.0330779350843,2190.050624885581,0,0,2211.3683522878227,,,,,,21470,13443.05,58.86936626747496,61.682139051870216,1.979218497610944,36.7969805593624,51.0026516208142,64.82755360667664,66.8734866786804,50,70,30,,
1772218800,2355.95,2368.9,2350.7,2360.15,,,,,,,2215.920016055277,2191.7431559812467,0,0,2217.31961819631,,,,,,8298,13059.4,57.16449272586163,58.915283519111135,4.986351930256504,34.38291579492728,41.016488148675506,65.25473485655341,66.07673874953737,50,70,30,,
1772406000,2392.63,2433.45,2319.45,2361.05,2433.45,,,,,,2221.6113879746777,2193.427801195364,0,0,2223.0688334684573,,,,,,22047,13375.1,54.999081139836065,57.010980044390884,8.658931408794075,40.5896602096498,37.256518854646494,65.35668696816953,65.18062219517809,50,70,30,,
1772420400,2359,2396.45,2348.75,2384.75,,,,,,,2228.0089806031215,2195.331504666057,0,0,2229.5360801297193,,,,,,13872,13700.5,57.60872819850185,56.59076735473318,10.254901539546239,49.84054736106143,41.60437445521284,68.01800437502864,65.27587327986954,50,70,30,,
1772434800,2384.8,2413.7,2352.2,2357.3,,,,,,,2233.079216657901,2196.9431314853,0,0,2234.6466369245304,,,,,,12406,13661.5,51.191504054637605,54.59977113099185,5.302788496304061,46.23562543031934,45.55527766701019,62.07041981436952,64.9506430567356,50,70,30,,
1772449200,2357.6,2369.45,2267.85,2285.65,,,,,,,2235.14081600465,2197.8257868934065,0,0,2236.6867714475493,,,,,,23392,14145.1,26.97911064070698,45.25978096461548,-4.395021675590783,30.37580807261592,42.150660287998896,49.823893238663345,63.502576036813835,50,70,30,,
1772463600,2281.85,2311.65,2256.27,2301.1,,,,,,,2237.727450671134,2198.85339100392,0,0,2239.2633005896473,,,,,,28417,15026.7,13.445536170697569,30.538716955347383,-11.232696113495663,12.204451142436824,29.605294881790694,52.0220899065101,62.86240754774561,50,70,30,,
1772478000,2301.15,2316.4,2299.9,2304.75,,,,,,,2240.355785938933,2199.907088605871,0,0,2241.8827685660613,,,,,,9837,14753.65,4.2984063318628145,14.907684381089119,-11.55922964329018,6.923213509646004,16.501157574899583,52.55095647054101,62.49087320887134,50,70,30,,
1772492400,2301.3,2340.03,2256.33,2306.6,,,,,,,2242.9535982550533,2200.968709614768,0,0,2244.471457823419,,,,,,19950,15122.75,-2.083743549577809,5.220066317660853,-13.59342706391871,11.152117989649513,10.093260880577448,52.834742194788355,62.14334304360819,50,70,30,,
1772506800,2306.65,2316.35,2188.5,2203.4,,,,,,,2241.4024767548553,2200.9929015589,0,0,2242.828599510482,,,,,,22028,15756.85,-25.825045813402994,-7.870127677039335,-15.880009300804176,8.060833793180278,8.712055097491932,38.869116365171735,60.48375528560853,50,70,30,,
1772521200,2203.1,2236.9,2109.77,2112.46,,,,,,,2236.345909038979,2200.1119771652793,0,0,2237.6138555300627,,,,,,27131,16338.35,-46.435941145087014,-24.781576836022612,-22.6245980576076,4.228904480003511,7.813952087611102,31.07435436223075,57.631336908014326,50,70,30,,
1772535600,2112.39,2126.9,2009.35,2012.7,,,,2009.35,,,2227.5754812335285,2198.24718137259,0,0,2228.61730130886,,,,,,36590,17653.4,-62.112153708350746,-44.791046888946916,-24.968168829012,-5.921189464667501e-16,4.096579424394597,25.122556230948675,54.137915617044804,50,70,30,,
1772550000,2012.16,2112.2,2010.85,2111.4,,,,,,,2223.0195800086844,2197.3830303141563,0,0,2223.9286092565058,,,,,,26901,18491.2,-61.93134998540203,-56.8264816129466,-21.26671693040676,10.404216908662704,4.877707129555405,37.81334634899457,52.07445434696111,50,70,30,,
1772564400,2111.6,2115.7,2084.35,2087.1,,,,,,,2217.6894004005007,2196.2856867289406,0,0,2218.4554648862454,,,,,,12141,18325.25,-62.27766358043512,-62.107055758062636,-17.206634501990592,19.507738476670564,9.97065179511109,36.18717560220242,50.130402167203506,50,70,30,,
1772578800,2082.76,2165.04,2077.55,2117,,,,,,,2213.740796463226,2195.49677442318,0,0,2214.3972462907955,,,,,,19027,18228.15,-58.330888771476516,-60.84663411243789,-15.268002242869585,31.335170154735206,20.415708513356158,39.62757790378363,48.330403902711154,50,70,30,,
1772593200,2116.88,2149.85,2106.57,2146.45,,,,,,,2211.1019416999625,2195.008746816979,0,0,2211.6793564391637,,,,,,21585,18953.5,-51.049256691315904,-57.21926968107585,-12.865524967308914,35.29942514704081,28.714111259482195,42.89335616536633,46.733162567626366,50,70,30,,
1772607600,2146.85,2198.65,2139.3,2172.15,,,,,,,2209.574414574474,2194.7812965998946,0,0,2210.098182181597,,,,,,13389,18839.85,-40.89831786795207,-50.09282111024817,-8.214493299420383,42.68297390123257,36.439189734336196,45.656044219886425,45.325973799891855,50,70,30,,
1772622000,2171.4,2190.45,2127.35,2129.4,,,,,,,2206.430319885279,2194.1307364347217,0,0,2206.8702548943334,,,,,,16657,19034.9,-39.84966432090364,-43.932412960057206,-13.381923323866843,46.57897045477574,41.520456501016376,42.01491277027884,43.468610113838295,50,70,30,,
1772636400,2128.8,2171.9,2128.1,2156.15,,,,,,,2204.458542634876,2193.7528186592517,0,0,2204.84144469856,,,,,,20867,19602.35,-33.252355754238096,-38.00011264769794,-11.079347615840561,56.41571081354268,48.55921838985034,44.97219399388469,42.247308269517944,50,70,30,,
1772650800,2156.25,2166.1,2149.65,2158.35,,,,,,,2202.650364492332,2193.4005518069207,0,0,2202.9817869106173,,,,,,7361,19168.3,-27.108929831804623,-33.40364996898212,-12.044903232816608,64.42189906466258,55.80552677766033,45.219642451661336,41.918433213303516,50,70,30,,
1772665200,2154.21,2221.25,2150.25,2194.65,,,2221.25,,,,2202.336624708319,2193.4129841272497,0,0,2202.6485154341926,,,,,,14114,18800.5,-12.699551178530875,-24.353612254857865,-12.006827717067608,77.868777154353,66.23546234418609,49.272960638030646,41.72206683698356,50,70,30,,
1772679600,2194.6,2204.55,2131.3,2169.45,,,,,,,2201.04695315113,2193.174546474242,0,0,2201.320574816825,,,,,,15544,19162.8,-8.758282935946623,-16.18892131542738,-16.22058408932007,79.83139433281383,74.04069018394314,46.6901661366863,41.30343895599394,50,70,30,,
1772694000,2169.58,2201.2,2148.25,2169.65,,,,,,,2199.81570008638,2192.9404713849462,0,0,2200.0537518241517,,,,,,14645,18792.7,-5.4254073168781325,-8.961080477118552,-16.44017104082954,85.27209215332353,80.99075454683013,46.714039199133836,40.86624588487575,50,70,30,,
1772708400,2169.9,2177.3,2126.25,2141.55,,,,,,,2197.530770671228,2192.429123410967,0,0,2197.7136017511857,,,,,,19002,19049.2,-13.762660882113781,-9.315450378312853,-21.39615786558953,82.05088499921723,82.3847904951182,43.74964249907405,41.2148548944402,50,70,30,,
1772722800,2140.2,2151.7,2110.1,2115.15,,,,,,,2194.300152213533,2191.6601769093654,0,0,2194.411057681138,,,,,,26803,19769.05,-26.970977121205898,-15.386348440065944,-23.591691329684437,78.24509551890738,81.85602422381605,41.110151028567,41.931697513464215,50,70,30,,
1772737200,2115.1,2124.3,2097.55,2117.6,,,,,,,2191.2923031071196,2190.9232597261876,0,0,2191.3386153738925,,,,,,12031,19201,-33.999740593390676,-24.91112619890346,-22.97421769480698,61.69758754972747,73.99785602261737,41.463108396598706,43.09887981101065,50,70,30,,
1772751600,2117.85,2155.65,2111.85,2144.85,,,,,,,2189.471036318605,2190.464819330902,0,0,2189.479070758937,,,,,,11623,18361.3,-28.728613753419282,-29.899777156005296,-22.82368403316356,59.16685111446455,66.3698447276998,45.384016604452775,43.63964197211481,50,70,30,,
1772766000,2144.2,2165.35,2142.55,2153.25,,,,,,,2188.050603521797,2190.094522621142,0,0,2188.029907928579,,,,,,12618,18500.35,-20.290684075022043,-27.673012807277342,-19.250274188995746,60.68441788505877,60.516285516416936,46.57203486181903,44.38141763351599,50,70,30,,
1772780400,2153.17,2173.4,2121.25,2140.65,,,,,,,2186.1917563248635,2189.6025373214293,0,0,2186.134711611436,,,,,,10940,18049.85,-20.398116723025737,-23.139138183822357,-18.62037947609784,63.13859525935615,60.9966214196265,44.99112836293548,44.764528380598264,50,70,30,,
1772794800,2141.05,2150.75,2087.5,2112.6,,,,,,,2183.3058050964373,2188.836342920221,0,0,2183.193323146979,,,,,,16933,17795.1,-32.99109440043451,-24.55996506616077,-18.027335751743692,41.62120415963377,55.14807243468291,41.60521569237621,44.672518346813256,50,70,30,,
1772809200,2113.35,2147.25,2112.4,2140.8,,,,,,,2181.63891077893,2188.3583693588257,0,0,2181.4975902211,,,,,,22342,17555.65,-26.71930013822668,-26.702837087228982,-15.493379261712448,37.622782458254086,47.46086062574801,46.00473727070757,44.69742499330048,50,70,30,,
1772823600,2140.85,2146.65,2125.05,2137.45,,,,,,,2179.906012317011,2187.851818419932,0,0,2179.735686612256,,,,,,10354,16243.85,-23.84115268081183,-27.850515739824345,-16.63686077758561,39.86890418518448,39.70429693435745,45.56555135392997,44.95104203498984,50,70,30,,
1773007200,2130.7,2134.85,2023.85,2037.7,,2023.85,,,,,2174.329305951638,2186.3577704754553,0,0,2174.0542591477656,,,,,,17387,15768.15,-52.914787180672164,-34.49174666657023,-21.280306441879702,37.967932552977864,38.48653973213882,34.8860602620622,44.23060391128824,50,70,30,,
1773021600,2037.6,2146.7,2029.8,2134,,,,,,,2172.74776454177,2185.8367976349036,0,0,2172.452088781855,,,,,,18138,16068,-39.217230890326604,-38.65772358393687,-16.875702503191846,47.549290349641524,41.79537569593463,47.643950558888314,44.40376877609016,50,70,30,,
1773036000,2133.9,2142.24,2097.75,2116.2,,,,,,,2170.530205147975,2185.1438941758497,0,0,2170.2020052305807,,,,,,14176,15825.45,-35.54235462950358,-42.558124233500784,-12.358724149257071,58.206851100063375,47.90802466756093,45.85550878603229,44.159665072376,50,70,30,,
1773050400,2116,2161.2,2086.95,2127.5,,,,,,,2168.842746122564,2184.570323089523,0,0,2168.4939250213574,,,,,,16620,15577.2,-26.60606663772812,-33.788550719186105,-6.353743273321342,90.41188403433354,65.38934182801283,47.210260421553,44.19681466415219,50,70,30,,
1773064800,2127.1,2166.15,2123.85,2157.95,,,,,,,2168.415579607954,2184.305444252811,0,0,2168.0721680205033,,,,,,21230,15969.25,-6.846423308027013,-22.99828152508624,-4.463690478882569,94.28267454390244,80.96713655943313,50.78386463900429,44.487516481285795,50,70,30,,
1773079200,2158,2188.85,2154.65,2182.05,,,,,,,2168.9502627605834,2184.2830020214396,0,0,2168.631281299683,,,,,,11573,15715.05,12.642357133606247,-6.9367109373829665,-6.2499776746355735,98.87169960093684,94.52208605972429,53.468693502967525,45.18173441013533,50,70,30,,
1773093600,2173.55,2208.6,2150,2206.9,,,,,,,2170.4384877503644,2184.508046777445,0,0,2170.1620300476957,,,,,,14472,15395.3,29.329006271426458,11.708313365668559,-6.285999585137219,100,97.71812471494644,56.126396463728334,46.25432336978971,50,70,30,,
1773108000,2206.75,2214.7,2170.45,2198.9,,,,,,,2171.554625485644,2184.6512502920973,0,0,2171.311548845788,,,,,,14775,15766,36.92892984229862,26.30009774911044,-2.087549275628618,98.35169110239234,99.07446356777639,55.03656143380582,47.22385572959022,50,70,30,,
1773122400,2199,2246.2,2182.75,2230.9,2246.2,,,,,,2173.881895074442,2185.111436856355,0,0,2173.695086891956,,,,,,12155,15668.05,46.98595640351981,37.74796417241496,3.7969954705812086,98.35169110239234,98.9011274015949,58.50721203799051,48.161226831985765,50,70,30,,
1773136800,2230.5,2231.3,2182,2208.85,,,,,,,2175.253193306817,2185.3476414647494,0,0,2175.101283416278,,,,,,17327,15757.2,47.71068256345494,43.875189603091115,5.855036177627028,94.04269431492935,96.91535883990468,55.33753863649587,48.78733424446268,50,70,30,,
1773151200,2209.55,2238.25,2205.1,2228.6,,,,,,,2177.3452249418438,2185.7780131914683,0,0,2177.241232079627,,,,,,18844,15967.15,51.329167977464294,48.67526898147967,7.119658964959697,94.40696839295526,95.60045127009232,57.55557642611956,49.6847948204044,50,70,30,,
1773165600,2228.5,2230.1,2192,2203.35,,,,,,,2178.3650200421635,2185.952858831354,0,0,2178.2855827964418,,,,,,11161,15575.1,46.655953077229505,48.56526787271624,8.827235248625513,88.08583060920579,92.17849777236347,53.872010577915724,50.56099445508579,50,70,30,,
1773180000,2188.55,2230.65,2184.2,2200.65,,,,,,,2179.2389408248237,2186.0990990419873,0,0,2179.1801594845842,,,,,,10692,14769.55,41.66268037655548,46.54926714374975,10.987337117280617,85.53021789531647,89.34100563249251,53.47787806549858,51.0947902261423,50,70,30,,
1773194400,2200.05,2213.45,2179.6,2187.95,,,,,,,2179.580550988556,2186.117515966943,0,0,2179.5309531052008,,,,,,12806,14808.3,32.31459156213107,40.211075005305354,13.658505025239833,77.30314185444465,83.63973011965564,51.566819214483985,51.523452216181866,50,70,30,,
1773208800,2188,2195.95,2164.8,2170.65,,,,,,,2179.2303333027303,2185.963610335431,0,0,2179.175714980993,,,,,,14136,14933.95,17.983970911234202,30.65374761664025,17.820853293562763,58.643807331297744,73.82572236035296,48.998158641363155,52.531459243274796,50,70,30,,
1773223200,2170.55,2203.55,2159.35,2194.35,,,,,,,2179.8232614085055,2186.04705699876,0,0,2179.782686381753,,,,,,17457,15175.9,17.650200330642377,22.64958760133588,16.875217751710053,49.780735052112895,61.9092280792851,52.48965419765926,52.87758093175843,50,70,30,,
1773237600,2194.6,2211.95,2169.5,2176.15,,,,,,,2179.6792119415054,2185.948578819668,0,0,2179.637378926483,,,,,,20931,15675.45,7.672623295879138,14.435598179251903,17.916760136847756,33.243612560298,47.222718314569555,49.67716927051393,53.150556680649984,50,70,30,,
1773252000,2176.35,2183.85,2163.8,2167.2,,,,,,,2179.1898310810543,2185.762025796587,0,0,2179.1398837694237,,,,,,7122,15184.9,-3.8850817696498865,7.145913952290538,13.91995830145828,24.890751533861035,35.97169971542398,48.30642106724823,53.22885386962821,50,70,30,,
1773266400,2169.45,2181.43,2131.3,2172.05,,,,,,,2178.9098377053265,2185.625587728959,0,0,2178.8562884186467,,,,,,9529,14544.25,-9.656053289344015,-1.956170587704926,8.99374543138643,9.997140876177289,22.710501656778778,49.12564595821316,53.110409678143135,50,70,30,,
1773280800,2172,2179.1,2150.45,2163.4,,,,,,,2178.301608775706,2185.404437602303,0,0,2178.238036881901,,,,,,10405,14546.8,-18.176958753690712,-10.572697937561543,8.47777684286514,2.7120408951124304,12.533311101716924,47.6744979217885,52.69653856520177,50,70,30,,
1773295200,2163.8,2200.25,2159.05,2196.45,,,,,,,2179.013310392345,2185.5143436958124,0,0,2178.9665154066247,,,,,,8316,14093.25,-4.817782519468832,-10.883598187501192,13.298798712745139,20.30063384061728,11.003271870635672,53.34523475124855,52.497884157167505,50,70,30,,
1773309600,2196.35,2200.71,2142.55,2144.9,,,,,,,2177.675533514214,2185.1102208729685,0,0,2177.6038547903595,,,,,,14136,13893.15,-21.117843143730653,-14.704194805630072,7.070585253013533,17.58859294550484,13.533755893744855,45.12978662292796,51.79025738496194,50,70,30,,
1773324000,2144.5,2173.5,2131.21,2143.05,,,,,,,2176.317669454833,2184.691711212541,0,0,2176.221700598745,,,,,,22444,14306.55,-31.259185502140788,-19.06493705511343,1.2571394409650054,17.58859294550484,18.492606577208992,44.86276318170737,50.815653895227435,50,70,30,,
1773338400,2143.1,2151.75,2115.95,2125.45,,,,,,,2174.3228588879765,2184.102241449232,0,0,2174.190832574795,,,,,,10457,13998.4,-42.2748073938037,-31.55061201322505,-3.115357150218273,-1.4210854715202004e-14,11.725728630336562,42.298644174477516,49.884304290797544,50,70,30,,
1773352800,2122.16,2168.3,2122,2156.79,,,,,,,2173.6352957943304,2183.8304778527227,0,0,2173.494799271803,,,,,,7086,13291.2,-36.95187918403814,-36.82862402666088,1.1540791016981302,16.509974863141988,11.366189269548942,47.99820628583502,49.20163499506293,50,70,30,,
1773367200,2156.71,2164.75,2112.05,2121.9,,,,,,,2171.606460665141,2183.2142541924964,0,0,2171.431007300931,,,,,,10429,13234,-46.192051989131485,-41.80624618899111,-3.403123371392354,18.33595335418074,11.615309405774243,42.91590498284803,48.41905602398667,50,70,30,,
1773381600,2122.6,2127.24,2056.4,2075.5,,,,,,,2167.8375798547436,2182.1424705686904,0,0,2167.593767008894,,,,,,13187,13169.75,-61.02527227100244,-48.056401148057354,-2.236555617479894,18.33595335418074,17.72729385716783,37.26477159069128,47.26097699007186,50,70,30,,
1773396000,2075.65,2110.95,2069,2077.5,,,,,,,2164.2949296643615,2181.101251956067,0,0,2163.990016328538,,,,,,13902,13126.1,-66.64492509999353,-57.95408312004249,0.45669524218045865,2.637045007129051,13.102983905163518,37.64590669454477,46.26662609579049,50,70,30,,
1773410400,2072.9,2075.35,2022.95,2042.35,,,,,,,2159.512775559877,2179.7206424838673,0,0,2159.1244156753964,,,,,,23353,13686,-73.74445653804624,-67.13821796968074,-1.7160336563530905,0.8110665160902985,7.26135495913337,33.763548769311825,45.178439676358245,50,70,30,,
1773424800,2042.95,2047.5,2012.55,2018.25,,,,,,,2153.973058871254,2178.1139694243266,0,0,2153.4894390483805,,,,,,9221,13280.7,-78.61483762246294,-73.00140642016757,-5.4783569222640125,0.8110665160902976,1.419726013103223,31.37446930481039,43.6702121840119,50,70,30,,
1773612000,2021.14,2057.98,2002.25,2042.71,,,,2002.25,,,2149.6098016606165,2176.766666245975,0,0,2149.058261486445,,,,,,22273,13452.15,-75.370950213642,-75.9100814580504,-3.8509781663995284,7.721233653139094,3.1144555617732297,36.30097918012185,42.714770034698184,50,70,30,,
1773626400,2042.65,2067.65,2025.9,2060.01,,,,,,,2146.0960839484355,2175.604908372881,0,0,2145.4963310269873,,,,,,15394,13663.8,-68.17597990692131,-74.05392258100875,0.873360161363891,20.537924946684146,9.690075038637845,39.60345806029314,42.09312981991568,50,70,30,,
1773640800,2060.15,2069.65,2025.93,2036.41,,,,,,,2141.794668891634,2174.2198844089717,0,0,2141.1328777859076,,,,,,18784,14068.4,-66.53602653971524,-70.02765222009286,0.5802645816715852,29.038499277510912,19.09921929244472,36.80053001327705,41.21276439527738,50,70,30,,
1773655200,2036.57,2117.71,2023.9,2112.75,,,,,,,2140.655662268433,2173.6082437680866,0,0,2139.9975626744713,,,,,,23814,14618.8,-46.439648673438334,-60.38388504002497,0.8272323298450601,48.76224239050862,32.779555538234554,49.30046265176856,41.32890473313309,50,70,30,,
1773669600,2112.8,2125.05,2086.85,2101.25,,,,,,,2139.1103421794746,2172.888261243031,0,0,2138.4476601674924,,,,,,28163,15320.15,-33.40253377980061,-48.79273633098473,3.522299470726054,66.49677969742,48.099173788479845,47.76775462477646,40.930513295527945,50,70,30,,
1773684000,2101.14,2125.4,2096.75,2110.25,,,,,,,2137.9785640547893,2172.264994962006,0,0,2137.3197537607925,,,,,,10477,14971.15,-20.850809273361,-33.56433057553332,8.511771052008456,90.95668786625811,68.7385699847289,49.101409764717395,41.214200662798625,50,70,30,,
1773698400,2094.6,2140.24,2081.46,2139.39,,,,,,,2138.033914484013,2171.9378805842744,0,0,2137.4025636103606,,,,,,14352,14642.2,-4.8679559697401125,-19.70709967430058,8.030325634738887,96.84504443345463,84.7661706657109,53.2624552450518,41.814178667323226,50,70,30,,
1773712800,2139.54,2170.29,2131.64,2136.67,,,2170.29,,,,2137.980427641503,2171.586956399356,0,0,2137.3732610659463,,,,,,18742,15223.2,5.561997461423529,-6.718922593892533,8.680113746877836,98.98686450479126,95.59619893483466,52.82831751768887,42.566298191838314,50,70,30,,
1773727200,2136.66,2153.61,2123.28,2135.27,,,,,,,2137.874136361444,2171.2255936491138,0,0,2137.289130623308,,,,,,17954,15644.45,12.537085171778873,4.410375554487424,2.50805594660072,98.36860014087874,98.0668363597082,52.590710534835594,42.89433420962407,50,70,30,,
1773741600,2135.29,2164.1,2115.25,2160.85,,,,,,,2138.7751506217796,2171.1223539113116,0,0,2138.231565398376,,,,,,17876,16018,22.99196005896202,13.69701423072147,2.034979533205245,98.36860014087874,98.57468826218292,56.4453530385029,43.86072335645656,50,70,30,,
1773756000,2160.65,2163.87,2109.56,2128.26,,,,,,,2138.362791773867,2170.695862827617,0,0,2137.832702782441,,,,,,22913,16747.85,21.49192282406227,19.00698935160105,-4.243707524473592,91.68673513356988,96.14131180510913,50.780529474401796,44.826134633864456,50,70,30,,
1773770400,2128.2,2131.9,2119.4,2124.4,,,,,,,2137.8152313121464,2170.2352074760984,0,0,2137.2953946711436,,,,,,5701,16326.1,18.757235863259652,21.080372915427976,-7.824617264198579,84.51766720095385,91.52433415846748,50.13870111763598,45.71847709265668,50,70,30,,
1773784800,2116.3,2143.61,2105.55,2110.88,,,,,,,2136.7589477312777,2169.6446083967344,0,0,2136.238778884298,,,,,,13239,15865.85,10.705453043875869,16.984870577065923,-12.881822181371462,73.36580366899425,83.19006866783933,47.857087947507345,46.725158462527794,50,70,30,,
1773799200,2110.95,2123.79,2089.46,2104.53,,,,,,,2135.4950674280904,2168.996701845523,0,0,2134.970427728926,,,,,,15052,16095.6,1.7663753753990648,10.409688094178188,-17.74659017843473,64.9039686347433,74.26247983489712,46.78034006195196,47.825577802323615,50,70,30,,
1773813600,2105.26,2123.62,2074.44,2101.8,,,,,,,2134.173692234832,2168.3280779465626,0,0,2133.643610619769,,,,,,12479,16365.25,-6.037869302066835,2.1446530390693606,-16.870336091578352,56.04153243355864,64.77043491243205,46.29805467029843,48.53965462305052,50,70,30,,
1773828000,2101.9,2107.51,2022.36,2062.22,,,,,,,2131.351978813858,2167.27227617595,0,0,2130.786666194978,,,,,,24814,17084.5,-24.545884580564195,-9.605792835743992,-24.566256527937668,39.16295097715208,53.36948401515133,39.87885048325572,48.55932551040498,50,70,30,,
1773842400,2062.28,2071.1,2040.2,2055.83,,,,,,,2128.3903325858632,2166.16339780604,0,0,2127.788399547179,,,,,,23618,17606.05,-36.367281632549506,-22.317011838393515,-26.179462757090008,21.61360234691882,38.93936191920984,38.94015258081078,48.71215569380025,50,70,30,,
1773856800,2055.85,2068.65,2007.71,2020.3,,,,,,,2124.1514960138684,2164.7120207134426,0,0,2123.488863565292,,,,,,15252,17673.55,-49.70092377305765,-36.87136332872379,-26.656135724744587,5.3028883449671484,22.026480556346,34.1296147438251,47.628523700375716,50,70,30,,
1773871200,2017.45,2053.5,2008.23,2026.97,,,,,,,2120.340456954501,2163.3414533431596,0,0,2119.6281090226803,,,,,,15430,17277.4,-54.70675823060565,-46.9249878787376,-26.79216182636644,2.4703493260826352,9.795613339322855,35.73466296746095,46.76901715342461,50,70,30,,
1773885600,2027.16,2047.34,1999.75,2005.44,,,,,,,2115.834556681775,2161.770294603427,0,0,2115.060584661773,,,,,,14456,17539.15,-60.225113610386934,-54.87759853801675,-26.69621964233498,2.4703493260826352,3.414528999044128,32.94417948327059,45.614929276178415,50,70,30,,
1773900000,2005.29,2012.7,1912.8,1947.51,,,,,,,2109.2335936746467,2159.6383513735423,0,0,2108.3585612753022,,,,,,32874,18069.2,-69.8120218946766,-61.58129791188973,-34.38492162402946,2.4703493260826352,2.4703493260826237,26.865275923188236,43.729416467473875,50,70,30,,
1773914400,1947.48,1957.85,1871.75,1926.72,,,,1871.75,,,2102.0761978442683,2157.320755837487,0,0,2101.09301882429,,,,,,39063,19252.65,-75.11924786225003,-68.38546112243786,-43.046538092371456,-1.3026616822268503e-14,1.6468995507217408,25.07691062380998,41.747173117911096,50,70,30,,
1773928800,1926.77,1965.65,1909.09,1951.61,,,,,,,2096.175562634689,2155.273882645074,0,0,2095.1136980713186,,,,,,42543,20440.6,-72.90009006327112,-72.61045327339926,-33.911933965700854,6.582599060441713,3.0176494621747785,30.999005613676246,40.20490848068543,50,70,30,,
1773943200,1951.66,1978.99,1946.59,1969.3,,,,,,,2091.2000503745053,2153.423396250596,0,0,2090.081150148466,,,,,,20228,20261.3,-67.03413775968208,-71.68449189506775,-29.132467666586294,19.76928161449778,8.783960224979827,34.93534421095758,38.6684792787179,50,70,30,,
1773957600,1965.23,2016.61,1957.63,1999.41,,,,,,,2087.6004405558974,2151.8909246461126,0,0,2086.4543041425272,,,,,,22077,19957,-55.67928958843251,-65.20450580379524,-27.208131921799747,41.48974650351698,22.61387572615216,41.09500541438415,37.97665613157379,50,70,30,,
1773972000,1999.6,2019.89,1988.72,1991.47,,,,,,,2083.830619357627,2150.294696540181,0,0,2082.654931976826,,,,,,22673,20566.8,-48.12202072525709,-56.94514935779055,-24.95835864592722,57.17490117062838,39.47797642954772,40.01910158347,37.253827593419075,50,70,30,,
1773986400,1991.3,2015.14,1957.97,1960.49,,,,,,,2078.993732323994,2148.4060925945078,0,0,2077.768334697753,,,,,,26884,21193.4,-49.715023961348884,-51.17211142501282,-26.24099979960431,61.22481670811619,53.296488127420524,36.052937626891406,36.41067399908936,50,70,30,,
1774000800,1960.55,2006.58,1944.79,1978.8,,,,,,,2075.0645663505043,2146.718469782622,0,0,2073.809601309843,,,,,,34123,21962.45,-44.86908334438394,-47.5687093436633,-27.188546732234485,63.08099919712752,60.49357235862403,39.8473925723787,35.915463464119846,50,70,30,,
1774015200,1978.75,1987.03,1929.85,1963.79,,,,,,,2070.7008578661707,2144.8982860036904,0,0,2069.4088172574493,,,,,,45579,23343.7,-45.36451826847739,-46.64954185807007,-30.62991215216016,67.50072995008071,63.93551528510813,37.86389739919084,35.31302365904073,50,70,30,,
1774029600,1963.89,1968.13,1915.1,1918.35,,,,,,,2064.7263144204385,2142.6440742026584,0,0,2063.3664645671515,,,,,,21492,23524.5,-55.7783744098697,-48.67065867424367,-33.80479762379133,66.01546720178318,65.53239878299713,32.57717010313945,34.791475060460996,50,70,30,,
1774216800,1906.2,1942.7,1832.7,1876.05,,,,,,,2057.327243266696,2139.991396847408,0,0,2055.8738059844654,,,,,,28073,23782.5,-66.8798284692814,-56.00757371587616,-35.18022441161101,49.837304262975124,61.117833804946336,28.577109095841593,34.05125766867748,50,70,30,,
1774231200,1876.11,1911.44,1818.75,1835.98,,,,,,,2048.6469592170215,2136.9664078240507,0,0,2047.078053745087,,,,,,26529,24823.9,-75.63652826091541,-66.0982437133555,-36.11999698014528,23.86524130835888,46.572670924372396,25.39597609153509,33.427426336371056,50,70,30,,
1774245600,1836.3,1837.84,1733.79,1787.3,,,,1733.79,,,2038.3980588555696,2133.487140084508,0,0,2036.6869315952833,,,,,,47053,26514.6,-82.59778502992613,-75.03804725337432,-38.385868163535214,8.113905965112544,27.27215051214884,22.16750916375736,32.4583439218208,50,70,30,,
1774260000,1787.33,1915.25,1778.83,1887,,,,,,,2032.46088007692,2131.0345317254582,0,0,2030.699454331472,,,,,,44229,27973.45,-71.87320604318917,-76.7025064446769,-30.174416144763597,31.11909266597034,21.03274664648058,39.2118322434402,32.90603340469006,50,70,30,,
1774274400,1886.9,1916.05,1835.78,1873.34,,,,,,,2026.2208455640996,2128.4704070316725,0,0,2024.4050761582132,,,,,,43788,29538.9,-65.12551987121378,-73.19883698144302,-23.787760728463212,58.67100941781079,32.63466934963122,37.98449090230986,33.700263046055895,50,70,30,,
1774288800,1873.35,1889.55,1857.25,1877.1,,,,,,,2020.3729692674683,2125.9692089517553,0,0,2018.5128731118846,,,,,,17971,29196.75,-58.34028579612331,-65.11300390350875,-28.248184440807293,87.91999040059193,59.23669749479101,38.554601899373104,34.66295528002469,50,70,30,,
1774303200,1864.25,1898.59,1831.2,1847.37,,,,,,,2013.5885391001166,2123.1970775193995,0,0,2011.667158187409,,,,,,31374,29584.55,-58.543202467878594,-60.669669378405224,-32.85890335215929,81.8631102210389,76.1513700131472,35.75564943153489,35.00271555272888,50,70,30,,
1774317600,1847.52,1860,1828.75,1853.36,,,,,,,2007.3050669785434,2120.51213147443,0,0,2005.3348718599127,,,,,,33463,30495.1,-56.10663660567452,-57.663374956558805,-33.715485920514226,79.67859322463063,83.15389794875381,36.75193342040231,35.132471924832075,50,70,30,,
1774332000,1854.19,1905.5,1851.55,1901.3,,,,,,,2003.1480055284044,2118.3309162358787,0,0,2001.1734769855161,,,,,,36459,31546.55,-40.735087215443386,-51.7949754296655,-32.346663268437936,83.76294557518283,81.7682163402841,44.20900338384559,35.35490035122218,50,70,30,,
1774346400,1901.4,1919.65,1871.91,1888.55,,,,,,,1998.653966095918,2116.0445389599,0,0,1996.6685379060955,,,,,,37975,32722.5,-31.991793986896774,-42.944505936004894,-31.537541901897953,90.62448309666793,84.68867396549379,42.764877557304864,35.551027206496094,50,70,30,,
1774360800,1888.6,1919.26,1881.45,1899.17,,,,,,,1994.7526340921563,2113.8865833483587,0,0,1992.7685963898516,,,,,,39320,33044.8,-21.24103446277997,-31.322638555040044,-28.06212670378639,97.87499514867899,90.75414127350992,44.39422325199286,36.14683332257477,50,70,30,,
1774375200,1899.36,1933.56,1895.52,1928.45,,,,,,,1992.1525307944246,2112.0414432155394,0,0,1990.1958525342575,,,,,,24494,32316.35,-4.45723438135785,-19.230020943678195,-26.98595248966882,97.87499514867899,95.45815779800864,48.72795936422441,36.78115952199232,50,70,30,,
1774389600,1922.35,1997.49,1911.05,1984.91,,,1997.49,,,,1991.868509978957,2110.7764537308076,0,0,1989.9844184328872,,,,,,26829,31530.65,17.292586481895903,-2.8018941207473014,-26.172512662315995,100,98.58333009911932,55.87012238848053,38.067318449798734,50,70,30,,
1774404000,1984.76,1989.16,1959.18,1967.01,,,,,,,1990.8936664503706,2109.345941753387,0,0,1989.0654416955717,,,,,,29654,32001.95,26.753191823366453,13.196181307968175,-21.155412400481623,97.61092632506772,98.49530715791558,53.33355430240296,39.549917321174696,50,70,30,,
1774418400,1966.79,1977.51,1945.65,1963.45,,,,,,,1989.8174442366305,2107.8942408404178,0,0,1988.0408240277488,,,,,,32602,32528.2,31.786167044989426,25.2773151167506,-26.066874041829692,94.73473396413205,97.44855342973325,52.81992905290275,41.281547318107634,50,70,30,,
1774432800,1963.39,1985,1939.94,1947.86,,,,,,,1988.1720542665666,2106.301860334543,0,0,1986.4335910666389,,,,,,34347,33111.9,31.21511555195195,29.918158140102616,-26.83259756788945,89.66953106801498,94.00506378573823,50.52518349430515,43.076490704019776,50,70,30,,
1774447200,1948.11,1975.49,1931.4,1944.07,,,,,,,1986.4425619423876,2104.6876129680304,0,0,1984.7390474239733,,,,,,40364,33785.9,29.323288355700306,30.774856984213898,-29.37548274759699,82.40231426285443,88.93552643166714,49.956971230573934,45.06145228022097,50,70,30,,
1774461600,1943.79,1951.5,1917.91,1920.45,,,,,,,1983.8546183368037,2102.8544028887463,0,0,1982.1674855270144,,,,,,19770,33068.25,19.317835991171894,26.61874663294139,-29.75862046507784,69.7889024777731,80.6202492695475,46.450888980624384,45.57852776144841,50,70,30,,
1774476000,1923.21,1948.54,1911.37,1934.4,,,,,,,1981.915221539282,2101.178239675923,0,0,1980.2567861059338,,,,,,14923,31535.45,16.821787965358865,21.820970770743696,-26.904164369363244,63.1463106717581,71.77917580412854,48.73907554707206,46.34671237893143,50,70,30,,
1774490400,1934.06,1941.25,1884.5,1886,,,,,,,1978.1538403024474,2099.0371626642223,0,0,1976.4865146616964,,,,,,15313,31226.5,-2.6607107602451983,11.159637732095192,-27.02950570214321,49.815624147949485,60.91694576582689,42.028778152944085,46.59486782561506,50,70,30,,
1774504800,1885.85,1903.04,1857.55,1880.1,,,,,,,1974.3085916631358,2096.8586834337325,0,0,1972.6310540752286,,,,,,22325,30939.1,-16.38842005612333,-0.742447617003215,-26.709722479205354,39.73301671810003,50.898317179269206,41.28263320143371,46.989652380607836,50,70,30,,
1774519200,1879.9,1887.95,1848.85,1869.4,,,,,,,1970.1945292449736,2094.595412951805,0,0,1968.5018119122194,,,,,,22813,30753.3,-27.4322842531976,-15.493805023188704,-26.506505953360232,18.107478086898794,35.8853729843161,39.899203437528016,47.2144573818311,50,70,30,,
1774533600,1869.75,1878.43,1831.12,1833.94,,,,,,,1964.8512143726218,2092.0018267532796,0,0,1963.1193394357306,,,,,,25494,29675.35,-40.76468979523813,-28.19513136818635,-27.124356331856617,7.76112175746687,21.867205520821898,35.637032229266765,46.602173727932616,50,70,30,,
1774548000,1833.89,1845.22,1812.63,1823.15,,,,,,,1959.294304005068,2089.3266841985205,0,0,1957.5205658583013,,,,,,15975,28262.65,-49.30910954111319,-39.16869452984963,-27.04654203469528,1.1842378929335002e-15,8.62286661478855,34.43173818713662,46.00694948720631,50,70,30,,
1774562400,1827.1,1862.66,1809.4,1856.8,,1809.4,,,,,1955.274919534281,2087.0129858482865,0,0,1953.4917432239693,,,,,,11023,26624.4,-46.86590527473145,-45.64656820369425,-24.758950461671105,10.648507017269592,6.136542924912152,41.11992149505154,45.77307079028193,50,70,30,,
1774576800,1856.85,1908.7,1856.1,1892.18,,,,,,,1952.8006089643093,2085.074349173179,0,0,1951.0392734950105,,,,,,16194,26535.55,-34.592905441207144,-43.58930675235059,-20.460226299814394,30.77258403981065,13.807030352360078,47.21629807299089,45.66509498376525,50,70,30,,
1774591200,1892.14,1898.67,1855.85,1868.37,,,,,,,1949.489604691199,2082.9180869923516,0,0,1947.7325025552102,,,,,,17928,25863.25,-32.19001154398398,-37.88294075330752,-18.727987592768073,47.69168947607876,29.704260177719664,43.92052586610227,44.81155237502394,50,70,30,,
1774605600,1868.57,1876.55,1813.81,1831.28,,,,,,,1944.8539339189952,2080.4142254302387,0,0,1943.0744024530018,,,,,,22709,25325.55,-40.506451609569694,-35.76312286492027,-25.246372406234315,45.99552389076933,41.48659913555291,39.31664738443984,43.81034473802658,50,70,30,,
1774620000,1831.1,1899,1829.3,1870.23,,,,,,,1941.9275051378581,2078.3228401025744,0,0,1940.1606263548817,,,,,,30894,25047.3,-32.99869904592514,-35.231720733159605,-24.126829990233034,49.35682053591179,47.681344634253286,45.74806704724223,43.30521173762226,50,70,30,,
1774634400,1870.37,1879.59,1858.55,1858.95,,,,,,,1938.6734853285304,2076.1400257731957,0,0,1936.9122013006865,,,,,,12872,23792.15,-31.520183701003468,-35.00844478549944,-27.737644880135676,53.63670248294662,49.663015636542575,44.28429536132345,42.859434013837856,50,70,30,,
1774821600,1845.7,1884.85,1821.49,1873.94,,,,,,,1936.1349172764312,2074.1280852182385,0,0,1934.393313248659,,,,,,20498,22851.05,-22.661291633916697,-29.060058126948444,-31.992542542872002,73.27078829302154,58.75477043729331,46.72385050197609,42.628496818938,50,70,30,,
1774836000,1874.02,1929.79,1867.1,1925.97,,,,,,,1935.7362930695124,2072.653875415072,0,0,1934.0563807187127,,,,,,17848,22518.75,1.9065202399302308,-17.42498503166332,-27.76923690015549,83.11874795867135,70.00874624487983,54.21714437772212,43.183229347302124,50,70,30,,
1774850400,1925.89,1940.4,1913.02,1931.86,,,,,,,1935.5842815765902,2071.25294133134,0,0,1933.9685254899641,,,,,,15388,21946.7,17.83645441705921,-0.9727723256424264,-23.11676669321386,95.25309390870173,83.88087672013152,54.9889452736222,43.62964861348428,50,70,30,,
1774864800,1932.47,1933.15,1878.63,1885.35,,,,,,,1933.6143097500574,2069.4031608205805,0,0,1932.0237844703656,,,,,,19608,21444.4,13.49188831177073,11.078287656253382,-20.830425404364675,89.00333311090127,89.12505832609145,48.0943026355472,44.062900362241635,50,70,30,,
1774879200,1885.16,1914,1882.85,1891.35,,,,,,,1931.9568858382904,2067.6314875785847,0,0,1930.396833091551,,,,,,24389,21033.75,12.581169490727229,14.636504073185714,-20.99391002276616,79.43396130727686,87.89679610895995,48.982973833733126,44.61292469312017,50,70,30,,
1774893600,1891.24,1897.05,1874.16,1896.85,,,,,,,1930.580145217181,2065.932169294221,0,0,1929.054959767889,,,,,,10728,19852.8,14.606169899325023,13.55974256727432,-19.45578568454316,71.22229626688873,79.88653022835562,49.83090090213173,45.32233165487758,50,70,30,,
1774908000,1889.55,1959.67,1869.37,1940.12,,,,,,,1930.9542571694485,2064.680306913184,0,0,1929.4975613771733,,,,,,24062,19037.7,32.19099523150819,19.792778207186814,-14.210271282003887,82.21896315598747,77.62507357671768,56.02349932039773,46.778507875672645,50,70,30,,
1774922400,1940.4,1941.42,1895.8,1919.45,,,,,,,1930.50310982947,2063.235229232456,0,0,1929.0956589220864,,,,,,25714,19334.9,35.21111114440104,27.33609209174475,-12.472037838226143,85.22522106962317,79.5554934974998,52.67841130858646,48.08184167006193,50,70,30,,
1774936800,1919.4,1941.58,1905.53,1917.78,,,,,,,1930.0041643459615,2061.7879135187,0,0,1928.643032565203,,,,,,23798,19778.65,36.01995925913686,34.4740218783487,-14.718098197131368,86.33588435108163,84.59335619223076,52.406153540713724,48.888001101894936,50,70,30,,
1774951200,1917.44,1938.2,1901.98,1927.6,,,,,,,1929.9098833912178,2060.452710399111,0,0,1928.601311262595,,,,,,27461,20386.05,40.16987136957275,37.13364725770355,-16.501211820149962,82.19965713957595,84.58692085342692,53.91446807252685,49.36644181614751,50,70,30,,
1774965600,1927.65,1968.2,1916.48,1958.25,,,,,,,1931.0212605131308,2059.43576800708,0,0,1929.787258812091,,,,,,34816,21010.6,52.01830361274821,42.73604474715261,-10.461711471858635,88.76277102956463,85.76610417340741,58.35105309957665,50.39719376139567,50,70,30,,
1774980000,1958,1970.6,1948.15,1949.5,,,,,,,1931.7459169635963,2058.3418797682034,0,0,1930.5757684596074,,,,,,12988,20519.35,54.91262693262785,49.03360063831627,-5.701492587869467,91.94715660288414,87.63652825734157,56.67368674490097,51.63698228714289,50,70,30,,
1774994400,1952.77,1988.8,1948.71,1970.45,,,1988.8,,,,1933.2637241414945,2057.467333700858,0,0,1932.170737721223,,,,,,20536,20271.45,61.24961322427733,56.06018125655114,0.37243996171199,96.08338381438982,92.26443714894619,59.66346177233673,52.63093905322107,50,70,30,,
1775008800,1971.15,1974.77,1947.45,1951.65,,,,,,,1933.9847545673183,2056.4144249078145,0,0,1932.949908212374,,,,,,13435,20144.45,57.9081099155145,58.02345002413989,-5.190650512565668,86.56760066657903,91.53271369461766,55.93339617279455,53.463017682611856,50,70,30,,
1775023200,1951.7,1987.59,1947.01,1964.34,,,,,,,1935.175156348992,2055.498261475896,0,0,1934.2055118838791,,,,,,22587,20722.65,58.687990416857815,59.28190451888321,-6.798888213119042,85.32738390499678,89.32612279532187,57.84899436320052,54.257670815556466,50,70,30,,
1775037600,1964.36,1986.9,1946.66,1954.78,,,,,,,1935.9439737470707,2054.496089719917,0,0,1935.028491408524,,,,,,23360,21080.95,54.388474595845246,56.994858309405856,-14.399469239166208,74.5311086963758,82.14203108931719,55.87830130985722,54.376324882137546,50,70,30,,
1775052000,1954.82,1988.45,1948.17,1976,,,,,,,1937.5147983060092,2053.7150341008137,0,0,1936.6673517521829,,,,,,23158,21342.45,58.22224815038444,57.09957105436249,-14.427274128033602,82.74507038153516,80.8678543276359,59.20067388080887,54.677162639793735,50,70,30,,
1775066400,1975.1,1975.95,1952.1,1959.45,,,,,,,1938.375002294009,2052.777073562497,0,0,1937.5786576820956,,,,,,10285,20721.25,52.820070629996934,55.143597792075546,-19.2768730545873,75.57325290754272,77.61647732848455,55.67918531766396,55.21893997423064,50,70,30,,
1775080800,1956,1981.9,1910.18,1928.44,,,,,,,1937.9853943609105,2051.53988875093,0,0,1937.2131113748117,,,,,,20340,20193.55,33.26022833440297,48.10084903826145,-25.847539693431415,53.036194782830364,70.4515060239694,49.712247873777486,55.27103097709096,50,70,30,,
1775095200,1928.09,1936.18,1886.47,1894.37,,,,,,,1936.274986738914,2049.976009260871,0,0,1935.4993869198192,,,,,,24627,20781.3,8.849860265704741,31.643386410034882,-25.018248506434063,21.004682912148468,49.871376867507166,44.118139759594804,54.862976609766896,50,70,30,,
1775109600,1894.28,1928.26,1876.65,1916.35,,1876.65,,,,,1935.493614709937,2048.646397228424,0,0,1934.7334114430264,,,,,,17170,20614.9,-0.5170003714747793,13.864362742877645,-18.658237046508134,8.821101524196296,27.620659739725024,48.17029806239502,54.302033662766696,50,70,30,,
1775124000,1916.5,1948.07,1903.66,1944.85,,,,,,,1935.8605317801355,2047.613597256002,0,0,1935.1380749853054,,,,,,20181,20731.55,4.4552817120305495,4.262713868753509,-10.75989397140394,27.8788956516095,19.234893362651405,52.935794362548094,54.320418166621096,50,70,30,,
1775138400,1945,1992.85,1936.25,1978.85,,,,,,,1937.5463932789537,2046.9293823579324,0,0,1936.8865519858932,,,,,,25159,21220.1,19.642517122027392,7.860266154194389,-4.6116001830474715,57.47499801104158,31.391665062282456,57.90798613491001,54.71340620906369,50,70,30,,
1775152800,1979.1,2003.45,1973.8,1984.8,,,,,,,1939.3994758954652,2046.3111795484008,0,0,1938.8030899064574,,,,,,7966,20638,30.273083338785995,18.12362739094798,-5.479595217926615,79.97865906027528,55.11085090764212,58.72969421292506,55.05735093337785,50,70,30,,
1775426400,1957.78,1992.6,1939.23,1971.8,,,,,,,1940.6700846838783,2045.569774776775,0,0,1940.1229663101992,,,,,,8971,19867.1,32.66687132298133,27.527490594598238,-4.700951914857569,86.81583587715772,74.75649764949152,56.15050849552443,54.90016917594555,50,70,30,,
1775440800,1971.9,1993.59,1964.95,1977.03,,,,,,,1942.095963715883,2044.8877869680507,0,0,1941.5992476577912,,,,,,12519,19956.65,35.60426617133328,32.848073611033534,0.0936522733976517,84.84445150113673,83.87964881285659,56.969250008285144,54.92128083761584,50,70,30,,
1775455200,1976.85,2006.53,1969.23,1991.6,,,,,,,1944.037298472123,2044.3575602320502,0,0,1943.5992777514796,,,,,,12686,19387.85,41.702950128647075,36.6580292076539,5.093137379562023,86.85302226104004,86.1711032131115,59.25186433734092,54.89188102083042,50,70,30,,
1775469600,1991.65,2008.83,1964.45,1967.38,2008.83,,,,,,1944.9526985320397,2043.5916143590946,0,0,1944.5505066414205,,,,,,14245,18814.4,35.61821452394573,37.64181027464203,6.59767934744788,83.13709485498119,84.94485620571932,54.113136667269174,54.76186248472147,50,70,30,,
1775484000,1967.46,1982.2,1954.35,1971.03,,,,,,,1945.975337805293,2042.8696082460688,0,0,1945.6096863757637,,,,,,16671,18458.05,32.46343569761358,36.59486678340213,6.329679568823266,79.0820027907982,83.0240399689398,54.75004241513469,54.540508774145344,50,70,30,,
1775498400,1971.08,1984.55,1970.81,1977.7,,,,,,,1947.2194422050854,2042.2211544326751,0,0,1946.893298920733,,,,,,7303,17450.15,33.561381554407426,33.88101059198892,5.967029545287474,71.94022775934445,78.05310846837462,55.95319001790945,54.545857967577646,50,70,30,,
1775512800,1972.57,1987.74,1944.61,1956.79,,,,,,,1947.594758197043,2041.371093194539,0,0,1947.2891669639037,,,,,,15157,16467.2,20.203479044409413,28.74276543214347,1.5030174860855254,65.85209818780112,72.29144291264792,51.344207402974135,53.98468179058945,50,70,30,,
1775527200,1956.92,1972.53,1947.89,1957.59,,,,,,,1947.9867284638256,2040.5374504761855,0,0,1947.7012002853476,,,,,,14971,16566.35,10.508142592573568,21.424334397130135,1.8776421769866403,58.735355946972824,65.50922729803948,51.50878243367908,53.68679587030481,50,70,30,,
1775541600,1957.62,1991.79,1950.58,1969.86,,,,,,,1948.8445038181853,2039.8341922624923,0,0,1948.5875522739336,,,,,,17910,16435.05,12.646525723799925,14.452715786927639,7.663919119339624,54.62485817421274,59.7374374363289,54.074576643945385,53.99839078245966,50,70,30,,
1775556000,1969.53,1975.31,1919.95,1922.63,,,,,,,1947.8164840606094,2038.6679813942087,0,0,1947.5492501829763,,,,,,24665,16996.55,-12.88913599372512,3.421844107549461,-0.16164069224875277,38.53394420751927,50.63138610956829,44.34743382577787,54.01476893004416,50,70,30,,
1775570400,1922.73,1952.5,1904.05,1947,,1904.05,,,,,1947.7844650778404,2037.7558621763558,0,0,1947.5272801756573,,,,,,27278,17231.1,-17.117317094353734,-5.786642454759639,-2.3277433740525737,33.51826235383855,42.225688245190184,49.40479310719123,54.102947147529605,50,70,30,,
1775584800,1946.85,1962.29,1931.75,1956.8,,,,,,,1948.1380154669448,2036.9503312094268,0,0,1947.898188968631,,,,,,12687,16697.45,-13.41801795377232,-14.474823680617055,2.3704429147356336,27.16817876108247,33.073461774146764,51.320546217110575,53.987572279998346,50,70,30,,
1775599200,1967.75,2043.68,1950.6,2022.5,,,,,,,1951.054171723143,2036.8065468192833,0,0,1950.8822614098858,,,,,,26057,16842.4,16.499433265312828,-4.678633927604406,3.615507738657186,60.5015120944158,40.39598440311227,61.7712254309104,54.26351794399837,50,70,30,,
1775613600,2022.41,2046.8,2013.44,2035.94,,,,,,,1954.3830277340003,2036.7979244628725,0,0,1954.2845709534904,,,,,,14553,17055.8,34.710669965952626,12.59736175916438,3.6165015646737544,82.39764360303003,56.6891114861761,63.497614397530334,54.60408367147017,50,70,30,,
1775628000,2036.81,2052.71,2023.4,2036.66,,,,,,,1957.6095756660002,2036.7965520801574,0,0,1957.5795881153508,,,,,,18606,16969.1,44.28386072751735,31.83132131959427,9.076761032935721,99.99999999999996,80.96638523248193,63.5924687833995,55.135652263461246,50,70,30,,
1775642400,2036.56,2092.45,2035.45,2055.92,2092.45,,,,,,1961.4648864241963,2036.9868351440364,0,0,1961.5132045907367,,,,,,22107,16843.1,52.63433444464651,43.87628837937217,15.757278795060955,99.99999999999996,94.13254786767665,66.12808971432796,55.789855099607166,50,70,30,,
1775656800,2055.55,2066.03,2032.8,2060.2,,,,,,,1965.336851662463,2037.2178119087723,0,0,1965.4606764071073,,,,,,25545,17261.85,56.99599261425424,51.30472926213937,12.942477593614328,99.99999999999996,99.99999999999996,66.68338770516623,56.32067819730897,50,70,30,,
1775671200,2060.3,2066.3,2024.8,2026.6,,,,,,,1967.7393280678566,2037.1121620390334,0,0,1967.906249350823,,,,,,13488,16927.2,50.92144871994031,53.51725859294702,7.86360567090918,88.16412745697532,96.05470915232509,58.56606767731515,56.63874469802654,50,70,30,,
1775685600,2026.09,2030.26,1997.42,2020.36,,,,,,,1969.8028838299015,2036.9454738595405,0,0,1970.00439937679,,,,,,14213,16379.9,43.66001383298486,50.5258183890598,9.557449075436779,74.26765771961287,87.47726172552939,57.17411503361035,56.811892742203376,50,70,30,,
1775700000,2020.57,2028.25,2010.53,2014.44,,,,,,,1971.553358973827,2036.7215387962615,0,0,1971.7818234017184,,,,,,14961,16729.65,35.103999428052816,43.22848732699267,8.567388360901518,58.35636604225414,73.59605040628078,55.81867679727193,56.80228465501499,50,70,30,,
1775714400,2014.59,2027.7,2000.16,2027.05,,,,,,,1973.7296978375985,2036.6253045793833,0,0,1973.9925504656496,,,,,,15424,17052.3,33.86372072995138,37.54257799699636,7.225040675042834,57.66092190395799,63.42831522194168,58.09743852478395,57.28465830657283,50,70,30,,
1775728800,2027.08,2067.7,2026.46,2055.85,,,,,,,1976.950101843967,2036.816595081081,0,0,1977.2668484470237,,,,,,18295,17341.1,43.483230328924016,37.48365016230941,5.25960764769691,65.98490167222461,60.66739653947892,62.81473491967671,58.09222634128695,50,70,30,,
1775743200,2056.05,2121.6,2039.41,2116.65,2121.6,,,,,,1982.428529222635,2037.6109573190802,0,0,1982.8421745091428,,,,,,21841,17798.85,61.08622703512016,46.14439269799853,6.619193464200279,81.89619334958334,68.514005641922,70.39262458954738,59.257801194544236,50,70,30,,
1775757600,2116.75,2117.25,2097.99,2100.25,,,,,,,1987.0489790570414,2038.2342313756067,0,0,1987.538487528777,,,,,,9245,17548.85,65.4094135182584,56.6596236274342,5.198272920590142,88.37211805748201,78.75107102643,66.45845917379455,60.837160147974,50,70,30,,
1775772000,2087.25,2102.17,2063.76,2072.95,,,,,,,1990.4176465450005,2038.5796619091827,0,0,1990.954948027626,,,,,,14594,17445,60.10750424589058,62.20104826642305,4.80773386695698,76.83078862970358,82.36636667892299,60.40628943512007,61.62298131425462,50,70,30,,
1775786400,2073.2,2075.45,2058.25,2069.87,,,,,,,1993.5334251118632,2038.8910085568525,0,0,1994.111550106521,,,,,,11960,17677.85,54.29130916427317,59.936075642807396,-0.4314862981048009,52.737555228860714,72.64682063868212,59.745235549655824,62.22474483800786,50,70,30,,
1775800800,2070.11,2070.67,2042.55,2056.63,,,,,,,1996.0078005976725,2039.0675159343962,0,0,1996.6122881022602,,,,,,14921,17666.05,44.01053157156329,52.80311499390903,0.8154560134755968,28.038150626771085,52.53549816177847,56.86440853311869,61.874257916737015,50,70,30,,
1775815200,2056.81,2083.35,2049.23,2060.45,,,,,,,1998.5349456722736,2039.2802769698749,0,0,1999.1657965781699,,,,,,13620,17598.5,37.19777606478333,45.16653893353995,-0.45829751982589073,15.868848049983072,32.21485130187163,57.50113267983541,61.44593779404453,50,70,30,,
1775829600,2059.3,2074.5,2044.12,2058.9,,,,,,,2000.9022027047336,2039.4754980945527,0,0,2001.555164715043,,,,,,20059,17705.95,30.496220417933603,37.23484268476009,-2.282073481575196,9.824288899379502,17.910429192044564,57.13261975878734,60.98452000657223,50,70,30,,
1775844000,2058.94,2064.2,2038.9,2039.4,,,,,,,2002.4119202457243,2039.4747468697312,0,0,2003.0689581264412,,,,,,7272,16836.3,13.769690507953772,27.154562330223584,-0.22488666115910405,7.245752141557929,10.979629696973511,52.56818601031172,60.01595545628536,50,70,30,,
1776031200,1997.67,2045.94,1985.05,2042.4,,1985.05,,,,,2003.980080236088,2039.5038538660524,0,0,2004.6421998013836,,,,,,17183,16331.55,3.3781874583886236,15.881366128092017,0.8626193544083662,4.37670878109238,7.14891660734328,53.18781680276829,59.05198610611408,50,70,30,,
1776045600,2042.5,2051.04,2036.25,2049.67,,,,,,,2005.7718417954572,2039.6050095489773,0,0,2006.4433118093284,,,,,,13684,16381.4,0.23995534297293375,5.79594443643846,0.5290952465370538,5.298388604853883,5.640283175834742,54.73115295899792,58.77806362623427,50,70,30,,
1776060000,2050.08,2059.35,2030.05,2034.48,,,,,,,2006.8976519211255,2039.554014429087,0,0,2007.5647793369553,,,,,,14751,15816.1,-12.156160494286917,-2.84600589764177,-5.142441790415916,5.298388604853883,4.991161996933392,50.95138065951032,58.333582599512845,50,70,30,,
1776074400,2034.55,2042.85,2013.62,2028.54,,,,,,,2007.7463714536304,2039.444422245713,0,0,2008.4037881634772,,,,,,20450,16110.95,-23.29400623467616,-11.736737128663364,-12.733401579450017,4.117220605648412,4.904665938452069,49.51142273713939,57.88306445236052,50,70,30,,
1776088800,2028.55,2071.45,2015.37,2057.94,,,,,,,2009.7147490436842,2039.628457845258,0,0,2010.385236636938,,,,,,28110,16586.15,-11.062476232867086,-15.504214320610037,-9.127867053746655,10.71891032321844,6.711506511240255,56.12129696408448,57.74191148373912,50,70,30,,
1776103200,2058,2072.86,2057.5,2071.8,,,,,,,2012.1494647674613,2039.9485726925689,0,0,2012.8418271714606,,,,,,8041,15882.85,5.088224491478583,-9.756085992021537,-6.372567557628372,25.836180192865626,13.557437040577504,58.855982197291404,57.45914343214018,50,70,30,,
1776117600,2048.1,2097.85,2046.8,2074.7,,,,,,,2014.6024269334432,2040.2943580389115,0,0,2015.3161540846022,,,,,,11881,15199.65,16.84787889961958,3.6245423860770263,-6.360341708554742,45.46643696409066,27.340509160058257,59.42578313604184,56.67579761403264,50,70,30,,
1776132000,2074.58,2084.15,2070.15,2077.14,,,,,,,2017.0548807791906,2040.6609813420068,0,0,2017.7891079212181,,,,,,8751,14962.8,25.4097768884873,15.781960093195154,-6.910417054831996,66.52105225379283,45.941223136916385,59.928620186371106,56.20938054350239,50,70,30,,
1776146400,2076.71,2104.99,2076.71,2082.4,,,,,,,2019.6174344741244,2041.0762949604944,0,0,2020.3735436043694,,,,,,10204,14762.35,32.96371525865321,25.073790348920028,-2.877220801180215,84.73711571747899,65.5748683117875,61.04927853659494,56.255308336464886,50,70,30,,
1776160800,2082.45,2091.96,2062.35,2084.14,,,,,,,2022.1477311614135,2041.504789538002,0,0,2022.9242018601947,,,,,,14472,14737.9,38.02131674974636,32.13160296562896,-2.6141768880214187,98.44019227958728,83.23278675028638,61.4335137771222,56.375899638426766,50,70,30,,
1776175200,2083.86,2103.87,2075.91,2099.98,,,,,,,2025.1999769982208,2042.086632428171,0,0,2026.0064337857868,,,,,,17276,14830.5,46.924748956488365,39.30326032162932,-0.923517157459159,100,94.3924359990221,64.83438735582959,56.945183840048976,50,70,30,,
1776189600,2100.14,2108.95,2094.07,2102.7,,,,,,,2028.2391935865257,2042.6897505134627,0,0,2029.0741764343554,,,,,,7079,14269.7,52.11493031208086,45.686998672771864,2.7687533224178225,100,99.48006409319578,65.39863794444389,57.509291358949575,50,70,30,,
1776204000,2091.66,2145.35,2090.35,2142.1,,,,,,,2032.7043232497992,2043.6789072247716,0,0,2033.5952093769813,,,,,,15166,13935.95,64.7634363215412,54.60103853003681,7.736278865733013,100,100.00000000000001,72.32561580810274,58.594505362472106,50,70,30,,
1776218400,2142.15,2146.93,2098.95,2111.46,,,,,,,2035.7927811615718,2044.3533459588534,0,0,2036.709801001902,,,,,,18457,14396.55,61.553985735072025,59.47745078956469,1.650305421768394,85.02518516173063,95.00839505391023,61.940680410933155,59.26396924823079,50,70,30,,
1776232800,2111.79,2126.8,2095.68,2101.65,,,,,,,2038.3754171944513,2044.923461919462,0,0,2039.3074089618258,,,,,,18899,14611.8,54.26315752715783,60.19352652792369,2.296429411905322,65.77192159470901,83.5990355854799,59.01877097906277,59.68046597510896,50,70,30,,
1776247200,2101.7,2128.33,2094.14,2128.21,,,,,,,2041.8983420103552,2045.7521836914077,0,0,2042.8635126033528,,,,,,22660,15146.8,58.50768349769386,58.10827558664124,10.586463766154935,53.750881664855854,68.18266280709851,63.973867988274314,60.34065990577157,50,70,30,,
1776261600,2128.32,2138.99,2099.6,2118.4,,,,,,,2044.898407029557,2046.4750475352744,0,0,2045.8849720992187,,,,,,17177,15259.6,56.07830059795119,56.28304720760096,11.282597035799412,52.427241460692045,57.316681573419,61.038280078294804,61.061152721399026,50,70,30,,
1776276000,2118.5,2130.7,2109.9,2111.6,,,,,,,2047.5141557734958,2047.1230570125354,0,0,2048.51357321525,,,,,,7518,14954.5,50.06376073015034,54.883248275265125,6.178341755139201,44.448249681007916,50.208790935518635,59.01669531121428,61.740100762404374,50,70,30,,
1776290400,2114.26,2143.59,2104.86,2135.98,,,,,,,2050.983404566692,2048.007205698978,0,0,2052.01223028664,,,,,,15201,14711.6,56.14760846817333,54.09655659875829,6.429540447027037,35.21872465009421,44.03140526393141,63.66338440581703,62.2788212939567,50,70,30,,
1776304800,2135.94,2151.88,2126.85,2141.17,,,,,,,2054.520133799371,2048.9341986770974,0,0,2055.578541075174,,,,,,17789,15237.45,60.24660057871234,55.485989925678666,6.497118290262421,32.240172128614425,37.302382153238874,64.58395075037565,62.68796190489129,50,70,30,,
1776319200,2141.79,2143.82,2124.94,2132.53,,,,,,,2057.579344238611,2049.765997695236,0,0,2058.6565994321672,,,,,,17121,15234.35,57.74399799095771,58.04606901261445,-0.3243838789405089,33.13168493204147,33.53019390358339,61.77802789115544,62.855979387399415,50,70,30,,
1776333600,2132.63,2155.4,2088.73,2101.85,,,,,,,2059.3154483861167,2050.2842464743876,0,0,2060.3843354548803,,,,,,14083,15254.3,38.95420837293684,52.31493564753563,1.6782947767117378,21.048916559475,28.806924540043653,52.97645467798549,62.35939613680044,50,70,30,,
1776348000,2101.86,2119.75,2074.65,2098.9,,,,,,,2060.867783743524,2050.7679853154386,0,0,2061.924962036685,,,,,,18500,15441.75,23.39970310071052,40.03263648820169,0.5609617216652509,6.992590790054628,20.391064093857057,52.20626056253841,61.727751995796396,50,70,30,,
1776362400,2098.95,2107,2082.8,2088.5,,,,,,,2061.951400067307,2051.1434282476234,0,0,2062.9879635552174,,,,,,6695,14754,7.498890904801849,23.284267459483072,1.882327621392193,-1.1842378929335002e-15,9.347169116509898,49.47538152414407,60.87359969201225,50,70,30,,
1776376800,2073.85,2100.58,2071.2,2082.65,,,,,,,2062.7631098685893,2051.4569264740153,0,0,2063.774445013009,,,,,,7734,13735.2,-5.756471254935864,8.380707583525503,-2.045249776378313,-1.1842378929335002e-15,2.3308635966849005,47.95578567689833,59.6679852863743,50,70,30,,
1776391200,2082.9,2096.3,2076.5,2089.9,,,,,,,2063.8273016384487,2051.8394446185525,0,0,2064.8194672124887,,,,,,7108,13688.55,-11.726365593535089,-3.3279819812230365,-3.373604124056186,2.8542188412664493,0.9514062804221743,50.00520379988119,58.56845427604839,50,70,30,,
1776405600,2089.81,2095.8,2073.6,2090,,,,,,,2064.8536819663527,2052.2191516372736,0,0,2065.826688523989,,,,,,7870,13488,-15.920695103232843,-11.134510650567933,-8.102342868710366,7.062656296099171,3.305625045788565,50.034430220934425,56.976226734107804,50,70,30,,
1776420000,2089.55,2158.45,2066.9,2128.67,2158.45,,,,,,2067.3562826735547,2052.979856596107,0,0,2068.3404209830296,,,,,,14610,13780.95,1.2778575107979204,-8.789734395323338,-9.400270810493396,30.89580994513945,13.60422836083505,59.81698356533249,56.82453410227918,50,70,30,,
1776434400,2128.86,2147.85,2113.75,2125.25,,,,,,,2069.6266245294937,2053.698962500623,0,0,2070.6168041437086,,,,,,15718,14056.65,11.225856458586316,-1.1389937112828707,-8.177923644034664,49.68963409063257,29.216033443957087,58.721972189606795,56.80333418874661,50,70,30,,
1776448800,2125.35,2130.2,2097.2,2101.2,,,,,,,2070.8647961165725,2054.1716096399205,0,0,2071.84013197796,,,,,,7608,13713.45,5.206864161492751,5.903526043625661,-6.9274314832882595,52.74916719146183,44.44487040907797,51.57232673987134,55.91750981386068,50,70,30,,
1776636000,2067.2,2107.6,2058.88,2101.1,,,,,,,2072.050490386511,2054.638558797732,0,0,2073.0105266988417,,,,,,11967,13448,0.38527582329490073,5.605998814457987,-7.0047433932079315,36.12707613452029,46.18862580553826,51.54422498188382,55.239363021259905,50,70,30,,
1776650400,2101.25,2106.9,2079.1,2085.4,,,,,,,2072.574000567432,2054.944642789794,0,0,2073.506105630888,,,,,,9462,13567.15,-12.324633842721846,-2.2441646193114004,-2.40981179340433,14.479033147760726,34.45175882458097,47.196052390498764,54.39503138406594,50,70,30,,
1776664800,2085.45,2090.6,2064.75,2073.35,,,,,,,2072.6044319177286,2055.127780672483,0,0,2073.4998614056526,,,,,,11766,13397.15,-25.76596863682034,-12.568442218749098,-7.288814262494867,7.211062592098744,19.272390624793278,44.11973107512661,52.99905614615948,50,70,30,,
1776679200,2073.85,2085.95,2066.05,2070.65,,,,,,,2072.527787528798,2055.28223061604,0,0,2073.3858669494266,,,,,,14244,13186.5,-34.65376362567706,-24.248122035073084,-6.25293900777568,-1.1842378929335002e-15,7.2300319132865125,43.43653928754003,51.48852675595693,50,70,30,,
1776693600,2070.8,2084.2,2058.25,2077.15,,,,,,,2072.7090507629628,2055.499820361154,0,0,2073.5364322714495,,,,,,17112,13097.15,-36.80800144538658,-32.409244569294664,-8.089252757837173,4.487138143320052,3.899400245139598,45.61969975014197,50.33436046017026,50,70,30,,
1776708000,2077.25,2091.35,2077.15,2088.85,,,,,,,2073.342029164415,2055.831662944625,0,0,2074.1489749805914,,,,,,5967,12262.5,-30.78038770610905,-34.080717592390904,-3.6701188334224923,16.714811519732617,7.067316554350889,49.405114666095415,50.07926474503525,50,70,30,,
1776722400,2074.41,2095.8,2069.9,2075.7,,,,,,,2073.4344986089477,2056.029357840698,0,0,2074.211015981368,,,,,,6901,11748.7,-34.8220323254488,-34.136807158981476,-7.664978967136321,21.07181671493406,14.091255459328908,45.56594876260833,49.60495675932596,50,70,30,,
1776736800,2075.6,2086.65,2065.9,2076.65,,,,,,,2073.5605967027145,2056.234538359696,0,0,2074.3085753421133,,,,,,8149,11780.25,-36.35314060614597,-33.98518687923461,-6.3715738815403995,21.612599050055707,19.799742428240794,45.89306375348099,49.349076918564315,50,70,30,,
1776751200,2076.45,2085.75,2064.35,2067.35,,,,,,,2073.3170438908433,2056.3451399680575,0,0,2074.0302323284286,,,,,,9111,11475.75,-42.70631988796393,-37.96049760651957,-4.18107091681415,9.384925673643144,17.356447146210968,43.15878358921886,49.00643391230149,50,70,30,,
1776765600,2067.6,2090.75,2057.45,2076.1,,,,,,,2073.426179424536,2056.54170573952,0,0,2074.1130230352915,,,,,,13589,11265.75,-39.941738391722026,-39.66706629527731,-7.007567071572083,11.557738670899719,14.18508779819952,46.394813727495574,48.74854890713109,50,70,30,,
1776780000,2076.15,2084.33,2025.38,2035.09,,,,,,,2071.92279983926,2056.3282559311665,0,0,2072.5521021138798,,,,,,38353,12327.35,-58.12954565166183,-46.92586797711593,-16.22951721117964,6.529818192458019,9.157494179000292,36.038924136062434,47.74886990106881,50,70,30,,
1776794400,2035.1,2040.5,2007.4,2030.9,,2007.4,,,,,2070.3140625906613,2056.0752384592147,0,0,2070.8860180293245,,,,,,26729,12959.65,-66.95320947751803,-55.0081645069673,-23.313591696633964,6.529818192458019,8.205791685271917,35.17502832323885,45.98873024091925,50,70,30,,
1776808800,2026.28,2074.9,2023.25,2067.55,,,,,,,2070.2056679792627,2056.1894151909637,0,0,2070.7525773081516,,,,,,15317,12800.5,-54.16517922274377,-59.74931145064121,-21.80718286661164,24.321307203855785,12.460314529590606,47.11642212787404,45.15976237936691,50,70,30,,
1776823200,2067.44,2082.5,2065.09,2078.53,,,,,,,2070.532112372233,2056.411709567173,0,0,2071.0636742158254,,,,,,16561,13293.8,-37.639823556778865,-52.91940408568022,-20.37231373419708,54.649419267769,28.500181554694265,50.08311898071176,45.0533903965698,50,70,30,,
1776837600,2078.47,2088.3,2067.79,2071.1,,,,,,,2070.5543824752826,2056.5578617107835,0,0,2071.0651272471923,,,,,,10186,13416.4,-28.987447201469458,-40.26414999366403,-15.858741260107863,83.6291646912403,54.199963720955026,48.11607664999522,44.80852265857776,50,70,30,,
1776852000,2071.2,2089.8,2065.1,2087.05,,,,,,,2071.2012694370364,2056.8612660718704,0,0,2071.704522157305,,,,,,20666,14094.3,-12.368182864347986,-26.331817874198766,-15.102995436990156,92.64119082071785,76.97325825990906,52.434917041070904,45.18272727647577,50,70,30,,
1776866400,2086.91,2094.08,2062.74,2082.4,,,2094.08,,,,2071.6404353414664,2057.115382827374,0,0,2072.1323412710126,,,,,,27011,15051.35,-3.15628854909483,-14.837306204970753,-21.03944881074294,93.0996031841338,89.78998623203064,51.09946694432882,45.681279838561636,50,70,30,,
1776880800,2082.39,2084.98,2073.06,2077.15,,,,,,,2071.8564967006246,2057.314732251977,0,0,2072.3330476201722,,,,,,13027,14972.2,0.08252593786929685,-5.147315158524502,-26.305626307663346,91.97178452624638,92.570859510366,49.56460347875123,46.11899870936244,50,70,30,,
1776895200,2066.82,2087.69,2047.33,2057.4,,,,,,,2071.2895752613845,2057.315580687281,0,0,2071.7357257153653,,,,,,13598,14866.2,-12.598716312252149,-5.224159641159227,-25.558964489162292,76.1512656856241,87.07421779866809,44.18753426448918,46.01670117467295,50,70,30,,
1776909600,2057.55,2060.22,2031.9,2043.7,,,,,,,2070.207631133487,2057.180102272482,0,0,2070.6142966867505,,,,,,17796,15375.6,-27.66973471721723,-13.395308363866695,-25.344081272826443,56.46456554714671,74.86253858633906,40.87493277613863,45.40740246824747,50,70,30,,
1776924000,2044.15,2048.62,2014.9,2016.1,,,,,,,2068.0857632458997,2056.77134503594,0,0,2068.4337248192805,,,,,,14945,15524.5,-45.410539034445044,-28.559663354638143,-32.69795005020072,28.61263878156284,53.742823338111215,35.15682575369557,44.66389368189656,50,70,30,,
1776938400,2015.94,2039.55,1998.75,2029.25,,,,,,,2066.5627921382174,2056.4975008067267,0,0,2066.8663758265093,,,,,,24608,16281.8,-49.83810582068465,-40.97279319078231,-39.921644743950246,19.585240791619665,34.887481706776406,39.49948407338533,44.20720941903257,50,70,30,,
1776952800,2029.6,2039.25,1996.85,2019.45,,,,,,,2064.715231662209,2056.1288689579037,0,0,2064.9697207934487,,,,,,29265,17156.75,-54.7753507692545,-50.007998541461404,-42.36692434877626,13.049955827323027,20.415945133501843,37.48469150144728,43.801917127048895,50,70,30,,
1776967200,2019.49,2025.41,2002.75,2005.55,,,,,,,2062.3950264989853,2055.6255966299645,0,0,2062.5929319617107,,,,,,17342,17311.65,-60.57562625635198,-55.06302761543038,-48.01916712203735,13.049955827323027,15.22838414875524,34.77523374805202,42.97194712851721,50,70,30,,
1776981600,1999.48,2022.59,1993.05,2001.23,,,,,,,2059.996398008829,2055.0843469122533,0,0,2060.1384146832424,,,,,,19657,17438.9,-63.576580965125935,-59.64251933024414,-54.569718869640596,4.564539324555153,10.221483659733737,33.95380384614192,42.82300996495145,50,70,30,,
1776996000,2001.22,2002.5,1982.49,1996.35,,,,,,,2057.5004608320123,2054.4999255499424,0,0,2057.5868780959127,,,,,,21095,18195.3,-65.07140701070045,-63.07453807739279,-54.81584519850455,8.881784197001252e-15,5.871498383959398,33.00537260999057,42.66803455686228,50,70,30,,
1777010400,1996.38,1997.25,1970.65,1976.85,,,,1970.65,,,2054.3376976621294,2053.7272894748185,0,0,2054.357402972076,,,,,,14240,18562.25,-69.23544801702113,-65.96114533094917,-54.7448556230134,8.289665250534503e-15,1.5215131081850581,29.46373088664147,41.407128039631395,50,70,30,,
1777024800,1976.55,2016.25,1975.9,2012.95,,,,,,,2052.714650694987,2053.3215453009398,0,0,2052.7011068531933,,,,,,27002,19504.9,-58.83603368434521,-64.38096290402225,-46.266031534967134,18.262569464217297,6.087523154739105,41.894417518653945,40.822220792341554,50,70,30,,
1777039200,2012.7,2028.15,2009.6,2017.01,,,,,,,2051.3144683147916,2052.960236392473,0,0,2051.2734625790654,,,,,,26518,20375.25,-48.14328383396909,-58.73825517844514,-39.418899209407385,38.28273510165927,18.848434855292194,43.10873360952562,40.464553432308,50,70,30,,
1777053600,2016.9,2021.17,2003.65,2006.4,,,,,,,2049.5531166161722,2052.4969504582195,0,0,2049.478524075903,,,,,,11447,20268.15,-44.888060233298475,-50.62245925053759,-39.79176831539335,55.8269667819962,37.457423782624254,40.71413286083461,39.627354562291124,50,70,30,,
1777240800,2009.91,2015.55,1990.03,2010.53,,,,,,,2048.0227983174987,2052.0793688616204,0,0,2047.9205831128668,,,,,,14077,19054.35,-39.34275341183938,-44.12469915970231,-42.788654980574044,58.660061710312185,50.92325453132255,42.063224712548774,38.981908688592554,50,70,30,,
1777255200,2010.56,2029.15,2002.75,2019.45,,,,,,,2046.9022964226947,2051.754698524689,0,0,2046.781759788352,,,,,,15978,18516.8,-28.017432516438515,-37.41608205385878,-38.473033244419504,71.97322940620354,62.15341929950398,44.97558603462976,38.65412172829816,50,70,30,,
1777269600,2019.48,2038.75,2017.48,2021.05,,,2038.75,,,,2045.8884808767066,2051.4491791363835,0,0,2045.752489396818,,,,,,13686,18435.25,-17.758999178016406,-28.373061702098088,-38.7729658718088,87.76233105919994,72.79854072523855,45.504748955373124,38.748208491932736,50,70,30,,
1777284000,2021.15,2026.76,1981.46,1998.97,,,,,,,2044.048540450169,2050.9269982494543,0,0,2043.8811898209453,,,,,,21369,18675.65,-27.36843713828287,-24.381622944245915,-44.49498417659177,88.27293900294903,82.66949982278418,39.81441118588182,38.67245694977153,50,70,30,,
1777298400,1998.78,2006.55,1982.98,1991.73,,,,,,,2041.996832981535,2050.3379733912507,0,0,2041.7951422281076,,,,,,24924,19412.55,-37.1547834959007,-27.427406604066647,-46.06704018409422,73.05832007383285,83.03119671199393,38.13065290126271,38.884873174597764,50,70,30,,
1777312800,1991.74,1992.25,1980.31,1984.05,,,,,,,2039.7244081587296,2049.6783915664623,0,0,2039.4853365389833,,,,,,9934,18875.95,-46.16472572617212,-36.89598212011855,-45.84748564124084,54.19658644023762,71.84261517233983,36.37341383703943,38.66158244343019,50,70,30,,
1777327200,1980.5,2005.5,1973.3,1975,,,,,,,2037.1861960740735,2048.935322993662,0,0,2036.905923077424,,,,,,7416,17896.2,-54.320456905646644,-45.879988709239804,-48.64393631030827,42.882883909493536,56.71259680785466,34.36372471651272,38.4386562445063,50,70,30,,
1777341600,1974.86,1992.98,1950.95,1956.4,,,,,,,2034.0181099535216,2048.0145735111378,0,0,2033.685686154327,,,,,,13408,17915.25,-64.02477217627144,-54.83665160269672,-48.74441117168622,27.251727833725635,41.44373272781893,30.61926911185104,38.14180162763479,50,70,30,,
1777356000,1956.35,1963.2,1917.85,1924.1,,,,,,,2029.7075958376972,2046.7815926801811,0,0,2029.3022587081539,,,,,,12343,17852.5,-75.26112992560336,-64.53545300250714,-48.51799835812508,12.780128133987526,27.638246625735565,25.435922917529282,37.53338156130532,50,70,30,,
1777370400,1924.3,1965.15,1916.37,1950,,,,,,,2026.5818077656306,2045.8185917579904,0,0,2026.1301683598276,,,,,,23265,18125.95,-72.47401397445725,-70.58663869211067,-42.004665478217035,18.50405464893104,19.511970205548064,34.945757176769064,37.67198045893235,50,70,30,,
1777384800,1949.77,1955.92,1934.81,1949.71,,,,,,,2023.5672270689392,2044.8622873623885,0,0,2023.0733616254345,,,,,,24368,18597.1,-68.91743283294615,-72.2175255776689,-38.503293751258596,31.943572427358887,21.075918403425817,34.89209685312487,38.05972088510974,50,70,30,,
1777399200,1949.78,1952.05,1937.3,1938.7,,,,,,,2020.2391005172162,2043.8059461946036,0,0,2019.6984271604172,,,,,,10927,17913.05,-68.36816834218509,-69.91987171652949,-38.85033325737454,44.43138924110239,31.626338772464106,32.83091717121246,37.41232800314963,50,70,30,,
1777413600,1927.95,1951.4,1911.2,1918,,,,,,,2016.229724026345,2042.554145734956,0,0,2015.6304900740006,,,,,,11100,17004.8,-71.89026607005988,-69.72528908173035,-39.079202025325074,35.0324140349072,37.13579190112282,29.32360909912377,36.42767625240664,50,70,30,,
1777428000,1918.1,1937.9,1918.1,1930.3,,,,,,,2012.8599309272727,2041.4371890609762,0,0,2012.2172704710406,,,,,,12982,16786.8,-68.51157353406474,-69.59000264876988,-35.69052742617997,33.318183458556724,37.59399557818877,33.845984004982895,35.937094191274376,50,70,30,,
1777442400,1932.5,1939.4,1911.05,1913.4,,,,,,,2008.9595414791443,2040.1631871797724,0,0,2008.264579652199,,,,,,17631,16685.5,-69.57120913169521,-69.99101624527326,-40.09303296522957,30.143486879861285,32.83136145777507,30.91860861892836,35.1410501845872,50,70,30,,
1777456800,1913.25,1928.05,1881.75,1891.25,,,,,,,2004.3434810289818,2038.6814639242523,0,0,2003.583996466111,,,,,,17613,16511.4,-73.69938949565072,-70.59405738713689,-37.931420807622125,27.19004585970939,30.21723873270913,27.554738112818868,33.89670390445785,50,70,30,,
1777471200,1891.7,1901.5,1879.75,1891.6,,,,,,,1999.9221680474532,2037.2179667707771,0,0,1999.1046366074665,,,,,,18253,16712.05,-73.78685622671712,-72.35248495135434,-36.869918998725076,18.39197579498706,25.241836178185906,27.688614814864806,32.62412289442155,50,70,30,,
1777485600,1891.9,1893.45,1873.7,1879.2,,,,,,,1995.1879653789256,2035.645648693456,0,0,1994.308451143168,,,,,,14419,16082.9,-74.57398446260643,-74.02007672832475,-41.48386270658385,10.374422742815812,18.652148132504077,25.864950129857817,31.627732818991262,50,70,30,,
1777500000,1873.28,1922.2,1872.65,1918.45,,,,1872.65,,,1992.1786334032815,2034.4795228358096,0,0,1991.2741130974412,,,,,,8940,15204,-61.753633200488764,-70.03815796327076,-43.296738664675225,40.04367598201444,22.93669150660577,39.45764909130426,31.722518261137086,50,70,30,,
1777514400,1918.35,1922.52,1903.85,1914.22,,,,,,,1989.1214320933489,2033.282910668289,0,0,1988.1919485735434,,,,,,10783,15170.8,-52.67595686477409,-63.001191509289754,-43.36906001373528,66.03286767948288,38.81698880143771,38.63549358609744,31.8840953860698,50,70,30,,
1777528800,1914.2,1963.05,1913.86,1942.35,,,,,,,1987.2872582857665,2032.3781055870127,0,0,1986.3582706306017,,,,,,14556,15194.75,-33.450824348256205,-49.29347147117301,-44.94106663377746,98.07063382993938,68.04905916381223,46.60349883905753,32.75836496625157,50,70,30,,
1777543200,1942.25,1969.75,1940.25,1950.75,,,,,,,1985.8544246275012,2031.565885630923,0,0,1984.9339398053776,,,,,,20650,15428.35,-16.463542113515743,-34.196774442182004,-37.69882083668677,98.07063382993938,87.39137844645388,48.743791116797404,34.052973680890595,50,70,30,,
1777557600,1950.7,1992.09,1949.5,1978.34,,,,,,,1985.5597413087758,2031.0362748286252,0,0,1984.6701822131624,,,,,,28902,16189.15,3.028689670637629,-15.628558930378096,-30.30495361010729,100,98.71375588662625,55.10853792561819,36.17244618146837,50,70,30,,
1777572000,1978.38,1991.45,1977.92,1984.4,,,,,,,1985.5142612574512,2030.572232293017,0,0,1984.659374924636,,,,,,16746,15958,16.658985154696712,1.0747109039395433,-25.400107714556455,100,99.35687794331312,56.38948582347276,37.704141084804355,50,70,30,,
1777586400,1983.7,1994.3,1977.8,1980.15,,,,,,,1985.3038980708845,2030.0705185388574,0,0,1984.4789999276506,,,,,,12314,15327.5,24.158915489774987,14.615530105036454,-24.683534253633212,98.7337832353608,99.57792774512025,55.1998699274794,39.15469630440111,50,70,30,,
1777600800,1979.95,1985.05,1968.8,1970.5,,,,,,,1984.7233530484968,2029.477777060859,0,0,1983.9198399305446,,,,,,13588,15510.2,26.184015345868705,22.333971996780146,-24.50497386065689,94.57241642739268,97.76873322091781,52.49201771776486,40.55906062915485,50,70,30,,
1777615200,1972.05,1980.25,1956.35,1959.9,,,,,,,1983.7498882230657,2028.7854608711987,0,0,1982.959046333323,,,,,,14280,15853.4,23.476684147524026,24.606538327722586,-23.142276261054207,87.31394090416602,93.54004685563983,49.612991919470865,42.008302259179644,50,70,30,,
1777629600,1959,2014.3,1957.85,2010.75,,,,,,,1984.8087161358867,2028.6060035490973,0,0,1984.07068447999,,,,,,15813,15973.65,37.52822684734155,29.062975446911437,-16.05482856108827,88.58015766880521,90.1555050001213,60.73788320698797,43.92915220218,50,70,30,,
1777644000,2005,2018.5,1985.75,1996.2,,,2018.5,,,,1985.2554331501656,2028.2835557525889,0,0,1984.5558571007903,,,,,,21308,16421.9,41.25161236117217,34.085507785345925,-9.777158019978401,89.14344576815733,88.34584811370951,56.86880067928666,45.78273734934845,50,70,30,,
1777658400,1996.05,1996.7,1977.55,1981.1,,,,,,,1985.0924749874139,2027.8140676356477,0,0,1984.4176228167587,,,,,,9651,15741.2,37.86984155107535,38.88322691986304,-8.182236427103007,89.25463873624638,88.99274739106964,53.0891411688281,47.60662328192054,50,70,30,,
1777845600,1991.98,2012.6,1982.28,2007.8,,,,,,,1985.982966164378,2027.6149226840491,0,0,1985.3529179040884,,,,,,8024,14924,44.348510194367336,41.15665470220497,-3.252505173192205,87.03443721507413,88.47750723982593,58.359213006693324,49.79738029562258,50,70,30,,
1777860000,2007.85,2009.8,1991.75,1998.9,,,,,,,1986.489516510873,2027.3292020603274,0,0,1985.894801187925,,,,,,7471,14751.2,44.53321095081461,42.25052089875245,-2.0951090854435677,83.69850425457652,86.66252673529901,56.09693630376861,51.95680787947335,50,70,30,,
1777874400,1998.8,2003.9,1951.65,1959.4,,,,,,,1985.4271825300546,2026.6532896020155,0,0,1984.835009140408,,,,,,9539,14673.15,27.27779048090742,38.71983720869647,-8.409405230047682,70.6269669408088,80.45330280348647,47.32801182716885,52.51897664632082,50,70,30,,
1777888800,1959.6,1981.3,1928.9,1977.05,,1928.9,,,,,1985.0986655680915,2026.1597245313487,0,0,1984.5236087747917,,,,,,18425,14945.3,21.649307327033426,31.1534362529185,-16.42723521845936,49.78830618480999,68.03792579339843,51.012875550122104,53.40307535803687,50,70,30,,
1777903200,1977.2,1984.15,1937.6,1952.1,,,,,,,1983.8046002516958,2025.4228118494448,0,0,1983.2266644238,,,,,,20730,15100.25,5.679822074434616,18.202306627458505,-17.903008685256268,23.388984520590252,47.934752548736334,46.10288816802759,53.3673174529633,50,70,30,,
1777917600,1952.3,1955.22,1941.45,1943.3,,,,,,,1982.2161845555509,2024.6056694429826,0,0,1981.629597846848,,,,,,10837,14761.45,-8.371900653902479,6.319076249188536,-17.376710769531556,10.274471056162279,27.817253920520837,44.476847607051674,53.06253577369575,50,70,30,,
1777932000,1940.38,1963.8,1935.29,1962.2,,,,,,,1981.4312361416078,2023.9847175082266,0,0,1980.852413932974,,,,,,12017,14449.65,-9.928335001720965,-4.20680452706293,-18.194996553041804,8.678489119103531,14.113981565285352,48.664626852039625,52.60225641129728,50,70,30,,
1777946400,1963.55,1978.9,1960.65,1977.5,,,,,,,1981.2770700184074,2023.522183005657,0,0,1980.718317375655,,,,,,13425,14399.95,-2.340602386011131,-6.880279347211513,-18.253439488213246,23.86000164334436,14.270987272870054,51.83188611848301,52.27671357522659,50,70,30,,
1777960800,1978.11,1994.45,1964.85,1980.7,,,,,,,1981.254439821607,2023.0960916324664,0,0,1980.7175846806288,,,,,,14992,14702.55,5.163600405778495,-2.368445660651188,-11.697723253341735,40.39089618399601,24.30979564881463,52.49208696362342,52.08330050637973,50,70,30,,
1777975200,1980.51,1996.85,1965.35,1976.75,,,,,,,1981.0777951227205,2022.6349364918449,0,0,1980.5588812934036,,,,,,15060,14916.4,8.224890213162807,3.682629410976736,-10.024365670644116,46.318155460416044,36.856351095918804,51.55279532901952,52.01621319289792,50,70,30,,
1777989600,1978.11,1984.35,1954.61,1961.03,,,,,,,1980.2916070786923,2022.02195204914,0,0,1979.7777260416674,,,,,,19162,15146.7,-1.2900586249561385,4.032810664661733,-11.725554541147488,38.177699897861096,41.62891718075772,47.88075270780228,51.89248182063587,50,70,30,,
1778004000,1961.12,1963.5,1948.8,1955.15,,,,,,,1979.3056617030572,2021.356559491437,0,0,1978.7926170000007,,,,,,9067,14567.55,-11.853045463786485,-1.63940462519326,-12.035668842385746,26.642919903460438,37.04625842057919,46.545263282569096,50.878723254605966,50,70,30,,
1778018400,1952.5,1987.45,1946.75,1985.35,,,,,,,1979.542694577447,2020.9982852676417,0,0,1979.0549123200008,,,,,,13306,13787.75,2.442002639651122,-3.5670338163638218,-7.149016826826653,34.18460936574888,33.001743055690135,53.68974824685459,50.65164808086081,50,70,30,,
1778032800,1985.5,2006.4,1982.6,2005.75,,,,,,,1980.5704320449981,2020.846561036123,0,0,1980.1227158272006,,,,,,16203,13760.6,20.94548367821995,3.844813618028208,-1.9559608717682693,59.03076173112658,39.95276366677863,57.79342161365968,50.987668112634495,50,70,30,,
1778047200,2005.3,2036.45,1994.6,2033,,,,,,,1982.6264935334295,2020.967490777057,0,0,1982.2378071941125,,,,,,17883,14039.05,39.298260751612574,20.895249023161227,-2.609442919511423,87.36798051820892,60.19445053836146,62.56531614262665,51.28810405091546,50,70,30,,
1778061600,2033.05,2048.8,2001.85,2020,,,,,,,1984.092121238001,2020.957864003156,0,0,1983.748294906348,,,,,,18652,14292.25,44.99555851549076,35.079767648441106,-3.588211675159343,92.32997508191244,79.57623911041598,59.13064743559736,51.50479770318894,50,70,30,,
1778076000,2020.05,2060.8,2016.05,2045.75,,,,,,,1986.5100772678834,2021.2045519235226,0,0,1986.228363110094,,,,,,13271,14241.8,54.354145740308105,46.21598833580382,0.9016803882178976,93.77609908818216,91.1580182294345,63.414890775659124,52.65386048522396,50,70,30,,
1778090400,2045.95,2062.75,2042.95,2060.15,,,,,,,1989.3979173750251,2021.592068819806,0,0,1989.1852285856903,,,,,,5335,13717.9,61.4163006647357,53.58866830684487,4.002925347826562,93.77609908818219,93.29405775275893,65.58741021923598,53.69489867587494,50,70,30,,
1778104800,2047.48,2077.9,2047.48,2074.9,,,,,,,1992.7509402230635,2022.1224959957283,0,0,1992.6138194422626,,,,,,8849,13094.95,66.66275512756283,60.81106717753556,3.50018687554234,100,95.85073272545479,67.70301943323403,55.237765194818266,50,70,30,,
1778119200,2074.85,2075.45,2053.45,2054.55,,,,,,,1995.1744327633355,2022.445157727114,0,0,1995.0912666645722,,,,,,9038,13064.3,63.573102721072786,63.884052837790456,5.033086891504809,91.26336313042371,95.01315407286863,62.03642738014433,56.4920208928963,50,70,30,,
1778133600,2054.6,2092.45,2054.6,2084.55,,,,,,,1998.679356968695,2023.063116356695,0,0,1998.6696159979892,,,,,,11235,13224.85,66.70408146425974,65.6466464376318,10.646437011835658,89.43949325588288,93.56761879543554,66.48928789918006,57.76521096769208,50,70,30,,
1778148000,2085.1,2098.9,2057.9,2062.1,2098.9,,,,,,2001.1664410091382,2023.4515430596134,0,0,2001.2068313580696,,,,,,10846,13393.6,61.6924919796838,63.98989205500546,11.948124381375095,78.7298622938181,86.4775728933749,60.74710072104858,58.40201201073247,50,70,30,,
1778162400,2062.92,2077.85,2031.15,2046.9,,,,,,,2002.9599139107406,2023.6848610391198,0,0,2003.0345581037468,,,,,,16490,13741.15,52.08737947227787,60.16131763874048,11.05602372420448,71.11462610366881,79.76132721778994,57.14843169352057,58.734608062867984,50,70,30,,
1778176800,2046.7,2047.3,2023.65,2028.55,,,,,,,2003.9634466985547,2023.733270382014,0,0,2004.055175779597,,,,,,9534,13296.6,37.01054245292521,50.26347130162896,7.454628123896882,50.11335287710563,66.65261375819753,53.061712678379365,58.842387873536545,50,70,30,,
1778191200,2027.23,2051.45,2013.65,2048,,2013.65,,,,,2005.6903703574349,2023.974730378213,0,0,2005.8129687484131,,,,,,8091,12664.65,33.39384943039926,40.830590451867444,7.168200174746019,43.59186226121,54.939947080661504,56.604034673950984,59.46547944254717,50,70,30,,
1778205600,2048.15,2064.2,2039.5,2062.7,,,,,,,2007.9260421081237,2024.3600564441015,0,0,2008.0884499984766,,,,,,10395,12642.55,36.93209089358724,35.778827592303905,6.677635693298967,40.53402726275277,44.746414133689484,59.11536223819154,60.36334365366305,50,70,30,,
1778220000,2062.65,2064.55,2042,2043.65,,,,,,,2009.3269816332954,2024.5519961809762,0,0,2009.5109119985375,,,,,,9952,12539.3,28.79160222595621,33.0391808499809,0.8836289343640971,33.785857625402784,39.3039157164552,54.69776686502975,60.43534498353271,50,70,30,,
1778234400,2043.85,2056.76,2017.5,2038.35,,,,,,,2010.4651392163034,2024.6892897513146,0,0,2010.664475518596,,,,,,11869,12461.5,18.841865238545747,28.188519452696397,-7.237283853893032,18.66744725252407,30.99577738022656,53.49991194916012,60.12866572178273,50,70,30,,
1778248800,2038.05,2051.54,2016.9,2049.89,,,,,,,2012.011212188213,2024.9400430871224,0,0,2012.2334964978522,,,,,,19345,12679.15,19.248315216686233,22.293927560396067,-6.438538379124537,10.967751963201373,21.140352280376092,55.77111139078082,59.64336538236517,50,70,30,,
1778263200,2049.8,2057.69,2045.1,2048.05,,,,,,,2013.4244979847538,2025.169992907151,0,0,2013.6661566379382,,,,,,8282,12340.25,17.854735883104002,18.648305446111994,-2.248187052451101,12.36051834418746,13.998572519970987,55.30725843729643,59.370266168200814,50,70,30,,
1778450400,2037.72,2048.65,2023.45,2041.7,,,,,,,2014.533341201038,2025.334470589667,0,0,2014.7875103724207,,,,,,13592,12061.75,10.1473229958384,15.750124698542876,-2.461441437252674,12.69080168780844,12.00635733173244,53.64892211333082,58.672696978034516,50,70,30,,
1778464800,2042.3,2056,2021.25,2024.1,,,,,,,2014.9085042911934,2025.3221873002176,0,0,2015.160009957524,,,,,,13430,12279.9,-9.123899303850356,6.292719858364014,-2.487122730272233,6.466871701980622,10.506063911325525,49.24186572035097,57.50515808525701,50,70,30,,
1778479200,2024.25,2037.05,2021.6,2032.35,,,,,,,2015.5924845150682,2025.3921157847926,0,0,2015.847609559223,,,,,,10219,12125.55,-15.546575308188341,-4.841050538733433,-7.758995151187108,5.271138279383473,8.14293722305753,51.26289810156881,56.33086370442378,50,70,30,,
1778493600,2032.3,2116.5,2031.65,2111.8,,,,,,,2019.3653282595753,2026.2518957272325,0,0,2019.685705176854,,,,,,21563,12393.55,17.881912497814202,-2.26285403807483,-7.308054248362396,35.39638289356761,15.711464291643901,65.50672503790764,56.57874210854972,50,70,30,,
1778508000,2111.75,2133.69,2092.04,2116.91,,,,,,,2023.1906095042978,2027.1539664165139,0,0,2023.5746769697798,,,,,,24441,12721.45,35.49620036807156,12.610512519232477,-0.007755731403392474,68.72971622690095,36.465745799950675,66.19112409247347,56.55744469378497,50,70,30,,
1778522400,2117.31,2133.8,2117.1,2130.25,,,,,,,2027.3890169747174,2028.1797975964491,0,0,2027.8416898909886,,,,,,10194,12298.55,47.183366044874674,33.52049297025348,0.5665864070464863,98.105996006966,67.41069837581152,67.97741025827389,57.07389537501535,50,70,30,,
1778536800,2117.45,2147.3,2086.45,2091.55,2147.3,,,,,,2029.905133956101,2028.8103468740965,0,0,2030.3900222953491,,,,,,16054,12437.7,43.73787590105403,42.13914743800009,-1.5608966777150783,83.08505817836617,83.30692347074437,58.34635542561529,57.15946135587926,50,70,30,,
1778551200,2091.75,2106.35,2079.6,2083.75,,,,,,,2032.0166973303717,2029.3570100892796,0,0,2032.5244214035351,,,,,,24002,13371.05,37.772683717123975,42.89797522101756,-4.881806187813311,63.06356435317006,81.41820617950074,56.6056031033593,57.412596386234966,50,70,30,,
1778565600,2083.76,2085.45,2056.45,2072.01,,,,,,,2033.5850621409454,2029.7814179490877,0,0,2034.1038445473937,,,,,,20620,13959.6,27.51610472048836,36.34222144622212,-5.66729855203242,38.355617279998114,61.50141327051145,53.99446025364635,57.226198213356064,50,70,30,,
1778580000,2072.39,2117.45,2067.02,2104.2,,,,,,,2036.35427539032,2030.5219013525793,0,0,2036.907690765498,,,,,,25625,14788.95,33.76889383983959,33.01922742581731,3.2312615743111195,40.39577884106003,47.2716534914094,59.50964826926994,57.25436150129024,50,70,30,,
1778594400,2104.25,2119.55,2065.89,2103.25,,,,,,,2038.9776371397193,2031.245564025688,0,0,2039.561383134878,,,,,,30370,15745.7,36.91998089000126,32.73499315010974,10.089244056110985,45.14174658451605,41.2977142351914,59.28377058739736,57.58193319574507,50,70,30,,
1778608800,2103.2,2132.8,2099.46,2128.15,,,,,,,2042.4745925460047,2032.2097872692136,0,0,2043.104927809483,,,,,,16788,16042.8,46.895984997941646,39.19495324259417,11.087507157177953,61.53792897494379,49.02515146683996,63.223912694391196,58.27650467754729,50,70,30,,
1778623200,2118.65,2135.1,2108.1,2110.88,,,,,,,2045.1571575442006,2032.9925754555895,0,0,2045.8159306971036,,,,,,21138,16275.2,45.925205098376075,43.247056995439664,4.484430570397549,60.574743635847575,55.75147306510248,58.96209459082924,58.50443204897931,50,70,30,,
1778637600,2110.85,2115.96,2099.67,2111.1,,,,,,,2047.7431513659967,2033.769763759514,0,0,2048.4272934692194,,,,,,26886,17142.8,44.52082585995319,45.780671985423645,-2.8542369079895025,60.079563249052114,60.7307452866145,59.00000970091145,58.76819999638038,50,70,30,,
1778652000,2111.52,2130.4,2110.65,2127.53,,,,,,,2050.8720473908597,2034.7027014335488,0,0,2051.591401730451,,,,,,15324,17504.45,49.62501359368351,46.69034818400426,2.481786384010576,57.639892331127434,59.431399738675715,61.835853193646464,59.352980787831505,50,70,30,,
1778666400,2127.58,2166.05,2115.32,2146.35,,,,,,,2054.616280826512,2035.8136198272448,0,0,2055.381745661233,,,,,,23681,18168.75,57.7985667446345,50.64813539942373,9.8685882293166,67.34248918216332,61.687314920780956,64.83613372426146,60.46685707382511,50,70,30,,
1778680800,2146.41,2191.98,2141.09,2160.8,2191.98,,,,,,2058.7803482450804,2037.057265401103,0,0,2059.5984758347836,,,,,,32089,19275.6,64.80599393662648,57.409858091648154,16.22018719109903,80.82925846993582,68.60387999440887,66.98240518637533,61.58967900845414,50,70,30,,
1778695200,2160.92,2168.48,2133.75,2133.95,,,,,,,2061.7281777256653,2038.0213722130322,0,0,2062.5725368013923,,,,,,15047,19434.5,58.806220380085065,60.47026035378201,11.35730562504277,72.01353967766606,73.3950957765884,59.69179622237982,61.17432695020216,50,70,30,,
1778709600,2131.5,2160.57,2126.65,2129.5,,,,,,,2064.3858962462273,2038.9316073153902,0,0,2065.249635329337,,,,,,12671,19100.8,51.455146463824086,58.35578692684521,6.632813525269498,55.85520871557574,69.56600228772588,58.55426839250045,60.628837257346945,50,70,30,,
1778724000,2129.45,2141.4,2125,2135.17,,,,,,,2067.1617434522577,2039.8892032625008,0,0,2068.0464499161635,,,,,,12496,19311.5,48.18529207973576,52.815552974548304,1.7861012123056526,39.37022866573182,55.746325686324546,59.61041570300404,60.03119478911338,50,70,30,,
1778738400,2134.89,2137.9,2107.35,2122,,,,,,,2069.312263316875,2040.7062261156102,0,0,2070.204591919517,,,,,,11361,19199.95,36.74887428498997,45.463104276183266,-3.1893040628101517,30.948620492763734,42.0580192913571,56.03836556112502,59.86633837022122,50,70,30,,
1778752800,2122.15,2126.6,2052.8,2055.1,,,,,,,2068.7549196573896,2040.8494477463007,0,0,2069.600408242736,,,,,,13771,19217,4.154618563848878,29.696261642858204,-7.772255738193081,19.908986870152944,30.075945342882832,42.203645191086096,58.83762709077313,50,70,30,,
1778767200,2053.45,2078.05,2052.55,2071.4,,,,,,,2068.8586482982764,2041.153433340865,0,0,2069.672391913027,,,,,,10099,19211,-10.516226283942702,10.129088854965383,-10.259068703853345,10.176725126985373,20.344777496634016,45.719834572942055,58.246582399294255,50,70,30,,
1778781600,2071,2071.4,2052.8,2059.35,,,,,,,2068.4857601297167,2041.3344937056324,0,0,2069.2594962365056,,,,,,4229,18344.3,-22.840930372879722,-9.734179364324515,-12.491580604946606,6.757885324070659,12.281199107069655,43.607711451482416,57.11072976945229,50,70,30,,
1778796000,2055.4,2068.8,2015.34,2021.5,,,,,,,2066.6431813011004,2041.1371355593078,0,0,2067.3491163870453,,,,,,11854,17714.95,-37.675622326814754,-23.677592994545723,-12.97433009544568,6.757885324070659,7.897498591708896,37.7140959113687,55.57003872116452,50,70,30,,
1778810400,2021.6,2032.4,1993.55,2001.65,,,,,,,2064.0944290932143,2040.7442287378221,0,0,2064.7211517315636,,,,,,14717,17941.1,-48.462014757321924,-36.3261891523388,-17.246992339697485,1.9257309645118734,5.1471672042177286,35.039514068367026,53.556867390734226,50,70,30,,
1778824800,2000.85,2020.85,1989.35,1994.45,,,,,,,2061.3632750111274,2040.2835896459035,0,0,2061.910305662301,,,,,,15435,17910.15,-54.5866689678618,-46.90810201733282,-17.92348888676237,-5.0330110449673766e-15,2.8945387628608406,34.09501878486485,51.78064769030819,50,70,30,,
1778839200,1994.75,2011.95,1964.55,1969.45,,,,,,,2057.758832853828,2039.5787778086308,0,0,2058.211893435809,,,,,,15483,17484.2,-60.373876323819246,-54.47418668300099,-17.780885206395396,-5.329070518200751e-15,0.6419103215039526,30.973119667600386,49.778726973643124,50,70,30,,
1778853600,1969.35,1992.9,1965.95,1983.17,,,,,,,2054.8337805850506,2039.0174964374007,0,0,2055.2102176983767,,,,,,18137,17360.05,-60.27347181214445,-58.41133903460849,-18.829682552736557,3.424851689831007,1.1416172299436635,34.51681604538878,47.827367177339006,50,70,30,,
1778868000,1983.31,1986.54,1967.45,1976.7,,,,,,,2051.7697107581857,2038.397421845984,0,0,2052.0698089904417,,,,,,7721,16464.85,-59.80928583658761,-60.15221132418376,-21.372280595769368,6.0111665663383675,3.1453394187231214,33.63976264973718,45.59905495773013,50,70,30,,
1779055200,1971.08,1996.45,1953.2,1964.75,,,,1953.2,,,2048.357173081394,2037.6646116783622,0,0,2048.577016630824,,,,,,22474,16070.05,-60.05250352933664,-60.04508705935623,-26.262595351834108,7.300245106767645,5.578754454312338,32.02137132741933,43.101838253518984,50,70,30,,
1779069600,1963.9,1978.8,1957.55,1965.4,,,,,,,2045.103950607614,2036.945560815891,0,0,2045.249935965591,,,,,,20960,16278.65,-58.679629332255374,-59.51380623272653,-27.402724050787214,5.398635635033223,6.236682436046411,32.21240546233871,41.13902462780177,50,70,30,,
1779084000,1965.69,1983.32,1964.25,1975.27,,,,,,,2042.3653643092762,2036.3318736435936,0,0,2042.4507385269674,,,,,,13888,15916.15,-54.53640562360896,-57.75617949506699,-23.384393674702793,7.912818854096212,6.870566531965692,35.19067863794126,39.47019678819039,50,70,30,,
1779098400,1975.05,1989.71,1954.84,1981.98,,,,,,,2039.9973108069516,2035.7910589804733,0,0,2040.0319089858888,,,,,,26029,15873.3,-48.969104055800344,-54.06171300388822,-22.199572093157215,15.169368596520284,9.493607695216571,37.21040277184404,37.87019586453611,50,70,30,,
1779112800,1982,1982.62,1958.95,1974.5,,,,,,,2037.4287888145222,2035.1811976970855,0,0,2037.4106326264532,,,,,,33148,16764.5,-46.25605722546888,-49.92052230162605,-27.723013671820723,24.96422338134509,16.015470277320528,35.868468704542636,36.42948894620879,50,70,30,,
1779127200,1974.55,1983.4,1961.69,1981.85,,,,,,,2035.2492284688547,2034.6505390135324,0,0,2035.188207321395,,,,,,20372,16599.05,-41.10256403491736,-45.44257510539552,-22.581046824933352,36.54858471342812,25.560725563764496,38.22592412618129,36.14536601300131,50,70,30,,
1779141600,1970.9,1995.86,1969.34,1975.25,,,,,,,2032.8963175485073,2034.0594888740943,0,0,2032.7906790285392,,,,,,21285,16058.85,-39.30457592051198,-42.22106572696606,-17.627610163754696,43.96169204236728,35.158166712380165,36.91372124367241,35.51635791805347,50,70,30,,
1779156000,1976.45,1978.41,1963.26,1970.6,,,,,,,2030.4533247034678,2033.4280511738546,0,0,2030.3030518673977,,,,,,27221,16667.55,-39.36653443334604,-39.92455812959178,-19.768182480553023,55.75757842433958,45.42261839337832,35.97668195287801,34.971284382438874,50,70,30,,
1779170400,1970.94,1979.95,1960.1,1965.8,,,,,,,2027.9179002052927,2032.7551352417763,0,0,2027.7229297927017,,,,,,14467,16757.35,-40.855759137724455,-39.84228983052748,-25.084010672704522,57.695949826499735,52.47174009773553,34.98931545540444,34.77665720701285,50,70,30,,
1779184800,1966.17,1972.7,1922.04,1942.55,,,,,,,2024.5701394129283,2031.8575717070323,0,0,2024.3160126009936,,,,,,29539,17609.5,-49.811813978332395,-43.34470251646761,-32.65650670554702,41.737214214707215,51.73024748851551,30.607522429712674,34.460086375680405,50,70,30,,
1779199200,1942.6,1949.82,1924.32,1934.8,,,,,,,2021.0497417888919,2030.8918247248728,0,0,2020.7353720969538,,,,,,37874,18935.15,-56.214622261326646,-48.960731792461154,-38.13072897017277,18.62323082981354,39.35213162367349,29.290751132020162,34.11692440047721,50,70,30,,
1779213600,1935.5,1936.3,1919.86,1922.55,,,,,,,2017.1870068167784,2029.8137966181575,0,0,2016.8079572130757,,,,,,19196,19206.4,-61.956722632275415,-55.994386290644805,-38.254297288954646,2.3684757858670005e-15,20.120148348173586,27.29209483465776,33.85399405526702,50,70,30,,
1779228000,1917.35,1937.7,1908.25,1919.8,,,,,,,2013.367908510238,2028.7191319751907,0,0,2012.9276389245526,,,,,,14731,19438,-64.37989069767535,-60.85041186375913,-37.24074334926518,2.3684757858670005e-15,6.207743609937847,26.8491803050901,33.306305788102826,50,70,30,,
1779242400,1919.57,1926.4,1906.95,1925.2,,,,,,,2009.910343470621,2027.6890908610098,0,0,2009.4185333675705,,,,,,22493,20351.2,-62.63148017878369,-62.98936450291148,-37.1670025359274,7.227002098519058,2.4090006995063544,29.276313961313008,32.99463088178682,50,70,30,,
1779256800,1925.4,1942.1,1924.22,1935.5,,,,,,,2006.9922907854987,2026.771786474333,0,0,2006.4617920328676,,,,,,17004,20608.7,-56.38791132115838,-61.13309406587246,-38.992450695505994,27.779749797304206,11.668917298607754,33.7889773494412,33.120888454788386,50,70,30,,
1779271200,1935.45,1944.9,1923.05,1924.26,,,,,,,2003.747887225283,2025.751768698469,0,0,2003.173720351553,,,,,,23253,21035.5,-55.48090582745615,-58.1667657757994,-47.02856319852496,41.4224619522164,25.476404616013223,31.432007932724375,33.065145774101644,50,70,30,,
1779285600,1924.3,1959.39,1916.63,1955.45,,,,,,,2001.8538524321345,2025.052248611917,0,0,2001.2647715374908,,,,,,35768,22052.15,-39.1498377268593,-50.33955162515793,-43.64588607359491,67.52879318703067,45.57700164551709,43.25979611803566,33.6415113083941,50,70,30,,
1779300000,1955.4,1962.2,1952.5,1955.71,,,,,,,2000.0442895916588,2024.3622759889129,0,0,1999.4425806759912,,,,,,12698,21912.9,-26.24725680425135,-40.292666786188924,-39.352991271030426,80.30937882157886,63.08687798694198,43.3475252130623,34.07987719705255,50,70,30,,
